# {"t_start": 1551811847.5873766, "env_id": "Walker2d-v2"} 
r,l,t
-4.152575,16,0.036536
4.387508,17,0.06502
-4.899889,8,0.079089
0.575606,18,0.108792
1.714232,24,0.148349
-2.209437,18,0.177791
-3.355854,10,0.195122
-0.16484,15,0.220079
-3.641167,19,0.252018
3.146153,23,0.290399
0.401436,27,0.335154
-10.332721,15,0.360189
-6.199918,15,0.384726
4.931691,39,0.448302
-4.888777,13,0.469876
3.279074,21,0.504711
1.781341,14,0.528089
2.894918,29,0.575586
-6.875635,20,0.608563
-1.110045,15,0.6337
-3.785206,19,0.664629
17.561521,30,0.714108
-1.978417,21,0.748107
5.906102,22,0.784897
9.172838,32,0.837584
16.412503,37,0.897956
-4.174966,17,0.926367
-1.815844,28,0.973125
8.95849,26,1.016833
-2.538413,13,1.038608
0.209246,27,1.083758
5.970805,24,1.123089
-2.594206,16,1.149426
-2.620716,9,1.166483
1.770971,14,1.185014
1.213436,25,1.215393
3.340281,17,1.238268
-3.002211,10,1.25253
4.000613,27,1.290466
0.825205,22,1.322746
-3.755548,17,1.3468
-3.140345,13,1.364758
0.764412,19,1.389066
-5.658181,12,1.404795
-0.773632,17,1.427861
2.000846,20,1.455614
-9.216756,11,1.47175
0.974429,15,1.49328
-2.328388,10,1.507538
-1.368595,10,1.522141
-0.309295,12,1.537722
-3.221796,15,1.558673
-0.32685,14,1.579279
-0.462247,12,1.597051
-4.585208,14,1.618449
-4.198093,14,1.637749
-5.323717,9,1.651715
2.322781,28,1.691911
1.482344,27,1.728521
2.250131,22,1.760113
-1.541827,16,1.783374
-1.209511,11,1.798934
2.121325,20,1.825008
-5.872948,18,1.849369
-5.019927,9,1.861928
-0.298358,15,1.882485
10.81294,31,1.927032
-8.228991,13,1.945976
-6.056528,22,1.975475
13.806079,22,2.006468
2.950336,24,2.039648
-8.587998,12,2.0565
-1.960347,16,2.076731
-7.80982,14,2.095909
-7.027878,16,2.119281
13.714992,29,2.155882
-5.647045,8,2.165507
-6.236197,15,2.186741
1.060168,17,2.209391
-5.532311,16,2.231093
-0.794893,14,2.251501
-5.404123,9,2.264557
-2.07822,24,2.297671
-10.708472,12,2.312407
-9.401351,12,2.329437
-0.427155,11,2.345459
-5.052493,19,2.369215
0.125446,15,2.388038
4.798228,17,2.408691
-1.215265,21,2.435861
-3.294253,10,2.447117
-3.104834,12,2.464967
0.272521,21,2.494526
-2.179618,12,2.510617
-1.362778,12,2.527868
0.412246,15,2.549243
-4.988138,13,2.568083
-5.255589,32,2.609565
-2.798092,21,2.639834
5.226817,36,2.687113
-1.480581,10,2.700671
-3.816035,9,2.712029
1.827661,24,2.739845
6.401492,20,2.762263
-9.806845,13,2.77852
-3.771607,12,2.793304
-6.488112,19,2.817926
4.726737,19,2.844743
0.00782,11,2.861008
-1.823739,16,2.882865
3.706278,31,2.921873
-1.569343,20,2.944769
-9.852232,19,2.972098
2.298025,18,2.994523
-2.365436,10,4.436448
-2.879577,13,4.455206
4.71385,24,4.488923
-2.748256,19,4.514882
-2.520234,19,4.541379
-4.627606,9,4.554191
16.049087,35,4.60283
-2.292024,16,4.626101
-0.241122,18,4.651937
1.047446,22,4.683518
34.587177,45,4.745222
3.811778,33,4.789654
4.428013,37,4.838187
-2.534787,10,4.853046
2.575739,20,4.87714
-3.691049,12,4.893912
-1.89746,14,4.913885
-4.403672,22,4.94497
0.723477,14,4.9629
4.970336,28,4.998959
0.499381,14,5.022318
0.751382,15,5.047075
8.441074,25,5.087755
7.529517,28,5.133364
13.763068,20,5.166209
7.868346,31,5.216046
-2.267642,11,5.234519
-2.148138,13,5.256033
-0.515554,21,5.290348
-1.610826,26,5.33257
-3.697881,12,5.352786
-3.783981,12,5.373043
5.057482,33,5.426858
-5.644069,21,5.461462
0.211349,13,5.483487
-10.828367,10,5.500229
-4.530024,13,5.522343
-8.058072,11,5.540853
-5.9396,11,5.559594
-4.019482,10,5.576513
-3.095223,14,5.59975
-4.578954,17,5.627547
7.082388,25,5.668744
2.370425,28,5.715451
-1.824033,21,5.749831
15.703984,37,5.810386
0.077076,22,5.846069
14.114128,34,5.901459
7.587029,23,5.939226
10.425238,36,5.997794
2.528772,23,6.034937
-5.516723,24,6.07389
-2.888763,25,6.114281
-2.690949,13,6.135709
-7.974702,19,6.167165
-8.097976,21,6.201164
-8.087918,9,6.216828
-3.212017,14,6.240192
-4.084706,11,6.259011
-0.535187,18,6.287971
-4.301397,11,6.306336
-8.71919,17,6.333829
6.106989,28,6.379565
-3.726173,31,6.430165
-1.847253,14,6.453847
-13.02673,10,6.470389
-1.885619,14,6.493561
-3.494397,20,6.525586
-0.500077,15,6.55059
-2.344758,10,6.567317
-0.373527,21,6.601949
4.390917,23,6.639632
1.636963,21,6.674154
1.93991,14,6.697174
8.051817,22,6.733323
2.862556,12,6.753213
-10.677544,13,6.774733
-2.156298,20,6.807643
-2.768145,11,6.826109
-1.77512,11,6.844188
7.172936,30,6.892961
-3.705918,11,6.911178
-2.628924,10,6.927911
1.278441,12,6.948135
-6.735295,14,6.971967
-0.307105,10,6.988821
-4.643188,13,7.010311
-1.12927,14,7.03378
-3.23982,26,7.076198
3.285015,20,7.109032
0.505578,17,7.137866
1.607495,18,7.167331
-3.221164,13,7.189343
-1.886878,16,7.21548
6.385222,20,7.247887
8.072281,23,7.285405
-5.440395,19,7.316226
1.137015,16,7.342696
18.050144,38,7.404385
-3.005827,13,7.426409
-0.886484,16,7.452493
3.704101,16,7.478891
-3.518021,12,7.499371
4.872144,17,7.527032
-4.079261,19,7.558105
1.68047,28,7.603672
-2.669544,13,7.625717
-9.038678,13,7.647221
4.641756,32,9.056066
21.102632,36,9.103698
-2.338469,15,9.125351
-1.894547,18,9.150977
1.726828,20,9.178971
4.011812,14,9.199171
0.646318,23,9.232511
0.857587,13,9.251395
-0.104766,15,9.272592
-1.667116,23,9.304206
2.671047,27,9.343219
-1.519008,8,9.354871
1.76941,20,9.383345
3.360888,26,9.419647
-1.621526,17,9.443108
-0.833853,17,9.467404
13.480043,38,9.520121
-1.177573,11,9.536511
-3.352792,10,9.551051
2.244326,24,9.584391
-3.81,24,9.617528
18.205683,49,9.686121
-7.208892,14,9.705875
2.515269,16,9.723968
-4.276266,10,9.735089
6.843783,22,9.758236
-3.224609,12,9.771512
3.07636,20,9.793151
-0.46439,11,9.805478
-0.955315,18,9.826395
-2.336009,10,9.839056
14.601892,36,9.881587
23.271375,50,9.953604
-3.042525,13,9.970853
11.918128,35,10.017279
3.44623,32,10.056294
-6.316644,12,10.070421
6.126509,27,10.104069
10.76715,29,10.140389
4.351265,18,10.160661
-3.064735,26,10.189079
-0.29663,10,10.200444
6.383448,17,10.219276
-5.298871,24,10.245505
2.876336,20,10.267632
10.57454,33,10.307985
10.120895,28,10.348299
1.581533,21,10.378384
-0.231864,11,10.395149
6.2996,25,10.431301
-1.532324,20,10.457314
4.853159,29,10.492233
1.693534,24,10.525718
-2.656267,31,10.561704
2.740825,13,10.579805
20.829045,44,10.633623
13.925094,30,10.667186
-3.177347,12,10.683317
12.074159,31,10.723873
20.805004,43,10.780843
8.316948,24,10.814749
-0.356192,16,10.837391
11.153778,37,10.888859
-4.247003,14,10.909167
-0.326214,13,10.92832
4.376744,16,10.948271
2.113566,29,10.986875
11.581094,34,11.033085
0.454268,24,11.067189
-2.232548,13,11.085253
-5.969935,10,11.099982
8.132951,28,11.13764
15.673771,41,11.190709
0.064529,12,11.207424
12.915059,30,11.250393
0.427878,12,11.267088
21.222277,33,11.312182
9.082645,28,11.348553
1.515232,15,11.367328
8.299289,23,11.396902
-4.659676,18,11.419842
1.371292,26,11.457688
-0.431751,13,11.475561
-2.666087,10,11.490264
6.113364,22,11.519536
1.145825,22,11.551725
12.200045,27,11.59024
-5.185734,7,11.599348
2.018897,31,11.641295
8.001538,24,11.675524
1.826193,16,11.6984
2.950961,18,11.722784
-0.896453,11,11.73945
-4.735995,16,13.250949
28.774603,37,13.311135
-1.299329,24,13.350746
9.985527,24,13.390656
12.457612,32,13.44311
9.813261,38,13.507291
9.221572,32,13.560396
24.231385,38,13.622832
-0.567296,19,13.650624
9.049456,20,13.676286
-6.286199,20,13.70218
33.979499,84,13.816246
35.873412,66,13.907746
5.797995,47,13.967897
-1.142562,24,14.000709
4.822758,18,14.026817
-1.564295,21,14.053697
15.418584,34,14.109325
-3.060422,10,14.126883
-0.230953,13,14.148921
6.828949,21,14.183846
13.774118,30,14.233101
16.933366,35,14.290801
2.397758,27,14.335664
25.98673,38,14.398284
4.006972,21,14.432845
5.83376,33,14.487561
3.243784,15,14.512816
5.949062,20,14.546633
12.516311,54,14.633995
0.296187,30,14.684059
12.995309,25,14.725237
-1.807676,11,14.744149
6.57563,30,14.793925
9.419632,19,14.825294
22.483226,40,14.890118
18.430154,27,14.934024
3.01976,19,14.965686
16.717003,44,15.038635
-6.033356,7,15.050818
10.729504,31,15.101805
0.829185,15,15.126699
13.546073,38,15.189319
9.258053,21,15.223167
-0.779283,30,15.272802
1.960494,16,15.299461
11.787195,25,15.3407
33.663911,49,15.419883
21.082249,48,15.498408
10.413812,32,15.550719
-4.101951,9,15.566069
4.779343,22,15.601528
-0.638336,12,15.621499
17.703453,41,15.688054
6.293672,23,15.725667
92.073694,78,15.850382
8.866341,20,15.883449
-0.043255,15,15.90709
1.481194,22,15.937931
15.941062,31,15.977344
-2.065161,14,15.995017
10.325209,36,16.042093
0.679973,15,16.06008
-0.961201,15,16.074057
16.343236,26,16.097931
-3.870935,12,16.111758
3.642765,17,16.130183
-0.904113,16,16.147496
11.454858,29,16.178107
2.939776,22,16.201338
3.793929,24,16.228833
6.601433,20,16.257001
1.965871,15,16.278555
-4.644489,10,16.292945
-3.465404,16,16.31521
24.287605,34,16.361567
33.996423,57,17.923712
26.304051,67,18.003934
19.710371,41,18.062493
4.282407,17,18.087161
33.437126,44,18.143937
13.937167,34,18.191401
7.089512,18,18.216282
3.963784,27,18.252725
41.372647,58,18.318362
1.843901,14,18.333956
33.729178,48,18.394356
9.365166,23,18.426448
46.790104,71,18.523895
2.717674,16,18.546961
33.840415,49,18.613664
-0.553954,12,18.627077
17.677757,27,18.662296
16.575523,25,18.698556
1.232607,27,18.734087
5.466002,35,18.780363
29.761957,49,18.849416
24.381736,63,18.937602
35.002362,66,19.028869
21.953526,39,19.082356
18.363189,37,19.133157
5.281084,23,19.165019
12.996315,41,19.221473
13.92225,41,19.278021
52.66389,85,19.393798
16.998974,42,19.446471
-2.627351,11,19.462409
-5.682405,11,19.47796
-4.592184,17,19.49829
6.069573,33,19.533073
41.911056,51,19.586767
7.085897,29,19.62573
-0.049718,11,19.641509
-3.708091,14,19.660616
13.289742,29,19.700736
16.93839,30,19.742134
4.073508,18,19.767798
0.678735,14,19.787345
37.860901,59,19.867934
9.405322,34,19.922466
10.053318,20,19.955578
19.31441,35,20.01333
13.126557,28,20.059662
20.384708,46,20.136068
0.425948,14,20.159865
-0.812715,18,20.190253
-7.247938,14,20.213626
9.10033,19,20.24518
10.46146,33,20.29961
11.098566,20,20.332314
-0.178713,16,20.358974
-0.614492,17,20.386616
14.669794,36,20.444444
19.736797,36,20.504043
13.429613,24,20.543479
-2.807143,11,20.561794
17.621724,36,20.621251
1.800266,31,20.671633
18.502183,43,22.311504
23.877946,45,22.370564
41.923181,48,22.436541
24.133865,52,22.507437
61.573536,74,22.604479
69.059567,76,22.707922
17.356017,37,22.753664
2.867897,16,22.775141
13.543979,30,22.81132
3.216064,23,22.84079
16.217726,44,22.894692
14.56651,26,22.931898
2.253893,12,22.945694
8.445243,33,22.990529
13.182055,23,23.020199
30.477771,39,23.074858
10.11072,35,23.121234
20.128389,34,23.164335
19.915907,32,23.203446
16.276311,45,23.268249
-0.913169,18,23.292793
4.671752,24,23.327145
9.894771,18,23.351469
24.184919,42,23.404621
17.022193,36,23.455995
13.376928,26,23.486815
90.816262,95,23.618397
-2.428469,10,23.632545
0.152187,15,23.652256
23.726835,49,23.717866
13.437025,34,23.761057
41.063875,99,23.893779
15.019206,44,23.961683
10.125143,34,24.018712
34.407996,44,24.092074
59.395429,67,24.202617
24.519322,50,24.286172
9.228789,27,24.330689
-0.987527,10,24.34709
3.826493,27,24.392087
-0.998582,9,24.407907
5.968218,14,24.431414
12.930558,53,24.519218
25.411243,37,24.580781
7.406977,25,24.622382
20.704995,35,24.680279
-5.722164,11,24.699112
24.951401,51,24.783342
221.719443,183,25.08745
3.45409,19,25.119769
3.837994,19,25.152009
7.776661,34,25.208567
4.712752,19,25.240671
20.413782,69,26.934463
3.216958,15,26.955874
40.29789,74,27.060702
50.992546,125,27.235409
214.597139,161,27.484127
27.007529,42,27.554354
13.0429,26,27.598008
86.223377,122,27.804141
-3.455968,10,27.821585
40.764629,56,27.915272
4.005232,18,27.94538
72.036704,97,28.106362
76.734231,114,28.264584
11.906472,23,28.286283
1.876449,14,28.299679
-0.651863,14,28.31263
32.730067,51,28.360164
69.949892,89,28.44208
12.729105,26,28.466804
42.749439,59,28.520916
4.690117,18,28.538062
14.683573,26,28.562612
3.056263,14,28.575863
33.448927,47,28.61917
164.718337,123,28.732867
60.306805,91,28.835799
115.293568,174,29.063199
4.679348,22,29.09016
89.073024,119,29.240253
64.813827,73,29.339056
81.275862,76,29.434641
12.387457,27,29.470839
23.688778,45,29.532828
11.851731,26,29.571802
217.506415,125,31.316922
37.214323,52,31.387976
43.758671,76,31.486271
11.823682,28,31.525312
74.878317,94,31.665072
85.117554,111,31.846273
71.059353,99,32.005625
12.667845,24,32.044996
21.712075,35,32.102845
220.552621,176,32.388924
31.380682,48,32.466693
134.760974,227,32.833124
191.170686,118,33.025418
2.931123,15,33.050052
6.187256,17,33.078148
13.049822,31,33.128826
19.874216,40,33.194199
27.738332,40,33.259629
21.611734,34,33.315141
35.556625,54,33.402337
3.093861,13,33.423901
110.23428,115,33.609837
14.554552,26,33.652591
23.196796,37,33.712976
44.902718,51,33.796049
101.452425,110,33.97293
93.32512,142,34.201838
11.048889,19,34.233164
56.036527,134,35.938757
34.89221,47,36.003704
34.782476,58,36.083185
62.404161,73,36.185835
36.951904,62,36.285083
45.221672,59,36.380518
120.718674,118,36.570488
29.89558,42,36.638759
72.898102,82,36.771659
26.344262,43,36.841264
62.864753,73,36.959644
161.388815,118,37.150645
149.267774,195,37.464735
58.021798,81,37.596892
15.537677,39,37.660335
45.193856,80,37.789506
50.800606,70,37.902714
35.975976,58,37.996881
45.693701,48,38.074257
54.854078,82,38.205876
52.217883,71,38.321355
138.748861,133,38.536715
213.453481,162,38.798534
43.915571,53,38.884303
11.210731,20,38.917428
5.058586,16,38.9438
13.391754,28,38.98964
139.193389,131,40.559886
44.727024,58,40.62071
219.045758,149,40.801913
32.853209,43,40.853553
1.934831,15,40.874771
52.797283,72,40.973278
-3.019153,8,40.984944
196.926621,180,41.217747
127.321857,140,41.407112
209.084506,118,41.570145
148.933248,145,41.777235
39.363123,52,41.85118
111.466357,160,42.076043
209.616413,143,42.275899
100.782337,106,42.450275
249.858975,161,42.714785
149.813027,88,42.858158
243.788609,150,43.101794
240.761486,137,43.291621
268.214793,178,44.992716
222.962548,140,45.193854
133.398379,185,45.501086
43.327752,55,45.593381
85.001925,108,45.77228
22.944969,38,45.835728
97.525908,74,45.958382
91.535058,94,46.113745
184.695225,120,46.311869
253.499356,169,46.59126
286.526606,186,46.890353
149.619335,84,47.006527
227.767242,147,47.19914
173.367089,167,47.393903
144.285668,133,47.538417
259.047724,183,47.793622
8.228526,21,47.828563
294.159809,203,49.778779
167.99709,99,49.92197
321.576516,226,50.240283
204.473926,131,50.411598
225.548948,119,50.570501
66.503042,86,50.684592
299.972514,160,50.945692
26.102821,33,50.999328
31.121643,48,51.07758
-1.231127,9,51.092783
298.391162,205,51.42864
86.98402,162,51.691927
5.570973,16,51.718692
265.033476,154,51.969633
200.148482,131,52.181909
53.498773,66,52.289401
240.717351,139,52.516873
305.605372,244,54.499778
259.567565,148,54.676518
270.766207,170,54.851421
289.682489,196,55.051856
219.806075,134,55.195399
158.549922,104,55.309249
262.500528,208,55.57808
33.005175,45,55.628087
188.300586,119,55.787259
246.251324,151,55.986867
376.625331,277,56.364653
103.411073,148,56.563437
239.183712,149,56.759182
216.892114,133,58.449743
280.997375,173,58.735457
241.089825,138,58.963856
176.360402,107,59.139512
106.526799,163,59.407305
354.687938,237,59.799044
170.093091,93,59.952931
272.456658,166,60.227997
242.042368,151,60.475453
203.21046,138,60.705196
-2.502566,12,60.725465
264.404431,155,60.975772
349.407171,241,61.294549
174.32061,95,61.416019
242.760231,158,63.121925
166.539155,229,63.497052
231.158412,125,63.703624
274.716587,197,64.030263
229.68319,166,64.303519
44.789748,125,64.510273
14.150162,28,64.556271
330.835882,193,64.874631
270.914129,179,65.148502
307.115626,188,65.390969
137.047409,145,65.570668
132.426057,168,65.794244
295.053391,194,66.062237
229.336463,129,67.822219
271.983653,189,68.129429
230.876573,131,68.343331
294.792213,208,68.683461
277.230717,176,68.970506
198.22046,114,69.157512
288.390094,187,69.459758
253.04257,161,69.721107
277.919765,165,69.98964
232.698081,164,70.254901
239.125036,130,70.426712
275.92697,175,70.627485
329.454647,194,72.395577
283.021431,185,72.63992
288.485262,208,72.910181
439.928602,280,73.280771
178.281681,122,73.446838
230.172941,141,73.637806
282.982876,171,73.873499
272.470888,176,74.103606
211.767888,135,74.289618
277.999629,172,74.51383
265.613164,216,74.784188
230.926989,139,74.93572
242.080394,141,76.534072
265.714045,156,76.786407
267.17006,155,77.039042
379.85171,258,77.459417
206.157978,123,77.657686
-0.34818,11,77.675759
295.746024,194,77.990679
300.51231,192,78.301201
228.925864,179,78.591645
270.395612,164,78.858827
12.405904,28,78.905253
64.768896,83,79.037298
171.382426,95,79.166125
282.964584,169,79.391771
338.088686,198,79.646712
322.33256,190,81.370457
178.306445,110,81.518021
248.74734,151,81.724368
210.61565,117,81.878277
198.325779,100,82.009654
206.823567,139,82.19665
471.618003,414,82.690102
320.289379,183,82.98404
242.517887,146,83.220281
190.198924,108,83.393862
295.536782,162,83.653174
184.767904,114,83.836139
256.562939,141,85.551587
41.973061,56,85.612279
292.316857,172,85.822004
299.200048,193,86.065974
187.19096,105,86.211135
304.689887,155,86.424568
342.77407,190,86.647229
235.773837,141,86.801365
175.772527,103,86.934291
128.383565,324,87.354327
356.000609,221,87.638062
203.817566,113,87.783151
273.486383,150,87.980481
229.297218,132,89.729369
341.932173,208,89.997782
313.000627,185,90.241718
271.889165,158,90.450839
319.974666,184,90.702309
305.716349,180,90.947634
302.40149,184,91.189946
283.439879,151,91.389245
331.797554,201,91.647623
297.588465,151,91.843439
315.329265,196,92.155556
317.395813,177,92.444295
261.252961,130,94.283284
298.695841,151,94.535915
169.647228,98,94.699428
275.873859,163,94.971755
387.049542,227,95.350182
332.550336,192,95.669866
258.875645,160,95.93615
377.7403,257,96.36644
218.825132,122,96.569255
357.757338,211,96.91875
221.434535,112,97.095631
262.550476,155,97.310356
343.314154,206,99.043201
352.645947,196,99.36588
349.285779,187,99.67294
400.553412,275,100.123241
358.74032,220,100.482344
264.262784,139,100.708082
290.627645,147,100.949462
308.366071,189,101.257678
259.310915,150,101.502613
346.281983,197,101.817256
226.225146,133,102.024124
351.219731,211,103.911503
106.529183,177,104.131548
296.104294,159,104.333544
246.609475,161,104.505009
307.842752,174,104.696384
262.619087,157,104.900384
264.403983,136,105.114848
348.42304,198,105.437649
271.222534,148,105.67817
270.214192,149,105.922118
279.377285,145,106.158031
315.865697,173,106.439015
301.276259,157,106.695416
321.149971,165,108.548981
291.116263,153,108.747009
264.945953,130,108.92262
318.720089,165,109.142652
351.442876,196,109.375732
346.95828,186,109.619912
310.36896,150,109.822073
268.385989,145,110.017576
120.222634,192,110.271459
289.917544,151,110.472283
291.562595,160,110.678834
281.274707,152,110.882095
430.669087,267,112.835351
319.568872,170,113.114794
289.746432,142,113.346962
403.24838,262,113.755924
346.644665,174,113.992505
364.435814,210,114.275815
389.679741,229,114.586265
314.45357,165,114.804932
284.080588,152,114.997964
305.62491,164,115.254199
326.963466,174,115.538964
331.885701,166,117.193595
322.242614,163,117.409214
240.318676,143,117.601999
318.313122,162,117.827763
329.689594,173,118.110622
369.385981,201,118.438941
414.274336,230,118.816346
341.923689,191,119.131357
253.461329,136,119.353533
324.068507,187,119.660285
279.63554,153,119.911602
295.164252,174,120.196992
337.749648,235,122.106554
323.297295,155,122.351978
275.551229,135,122.568905
308.686909,165,122.832176
304.082576,162,123.091782
271.933925,140,123.290651
317.071994,173,123.506514
321.160219,168,123.724595
202.19895,114,123.873019
264.77437,125,124.029134
301.26385,154,124.245842
326.25013,189,124.487926
292.072771,167,126.38263
298.329668,151,126.557491
296.252951,152,126.737221
312.608566,152,126.901857
460.99215,274,127.208135
349.186862,167,127.417895
336.268673,194,127.679934
334.840934,181,127.899158
301.650787,165,128.080945
359.003164,178,128.267894
367.613753,188,128.4935
378.348328,184,128.721909
216.05112,107,130.338077
302.384931,163,130.60668
308.66454,166,130.878875
337.87619,177,131.170108
326.738549,168,131.446554
362.891615,185,131.751501
338.110433,173,132.037196
331.349606,182,132.335176
331.023216,196,132.654132
343.385573,170,132.880722
353.692502,190,133.126221
339.54622,186,133.384617
363.936822,195,135.19191
290.684005,155,135.354609
320.328206,172,135.565077
376.705976,205,135.828109
320.352397,176,136.064699
386.301662,204,136.323058
281.587601,137,136.507212
318.75058,154,136.702433
400.025161,222,136.987469
302.202806,146,137.17534
4.226886,15,137.19437
352.477822,193,137.432262
317.166087,165,139.237832
247.830882,125,139.441279
318.714452,153,139.691589
310.9754,170,139.969873
365.699948,192,140.277367
350.363291,180,140.532707
341.925463,176,140.819056
288.489414,142,141.049878
354.881456,177,141.339209
359.689141,185,141.640977
274.51906,139,141.867111
242.726464,129,142.075318
379.282483,199,142.399038
294.878392,136,144.233275
362.52404,173,144.460763
326.010629,167,144.678046
349.596646,176,144.889949
360.616441,172,145.122792
273.70587,143,145.303329
360.768878,180,145.540118
382.884379,219,145.823546
353.62947,169,146.050862
358.910826,185,146.349196
579.848343,399,148.548412
290.779803,152,148.733797
379.632404,188,148.990018
509.858996,320,149.411247
339.130618,165,149.619078
316.957296,161,149.809272
338.790935,170,150.028131
298.633173,177,150.303631
263.220019,140,150.535544
284.07563,143,150.771849
309.719991,156,151.032972
364.179889,198,151.361563
363.89486,214,153.158594
401.018202,252,153.488969
289.369248,153,153.687465
365.674644,199,153.958327
367.092856,190,154.208113
361.462852,171,154.434502
333.479637,147,154.582646
359.722768,186,154.753096
491.265774,266,155.003481
365.844634,174,155.18553
384.493528,197,156.929476
380.047878,216,157.284244
452.674545,264,157.566803
401.124326,221,157.796814
342.020591,182,158.0124
361.758081,185,158.255127
343.086221,176,158.438195
347.665821,174,158.640627
405.464183,225,158.887218
360.348502,161,159.102633
298.109525,144,159.290018
389.708913,186,161.0339
310.432256,160,161.295385
397.123807,195,161.614818
372.063507,184,161.915842
326.402863,166,162.188412
388.107857,221,162.506378
288.385729,134,162.669381
390.093347,220,162.951549
383.957704,180,163.182364
337.96338,177,163.407021
356.459508,188,163.654494
351.857005,173,165.438958
376.026081,189,165.751659
356.926926,187,166.059581
350.741727,184,166.364056
343.27103,163,166.63111
349.992023,165,166.903052
400.777317,188,167.196364
387.60836,176,167.481542
340.064968,155,167.732431
427.817567,216,168.081613
398.148666,212,168.425845
381.245372,193,170.345817
321.138827,166,170.614737
350.916769,179,170.905786
351.679022,171,171.182926
350.904271,175,171.469012
346.169944,168,171.743941
398.2417,177,172.004715
349.315177,180,172.252302
290.83242,140,172.439705
436.770663,208,172.711247
379.587133,181,172.942873
362.962367,162,173.113605
241.863034,116,174.692689
380.83336,186,174.995446
329.605014,167,175.272257
355.903878,173,175.505345
312.827656,142,175.689938
382.685759,187,175.928892
368.062224,181,176.164886
378.929739,166,176.39346
226.911909,107,176.528882
294.477825,146,176.7185
346.584138,162,176.963411
454.946069,240,177.35648
305.14034,150,179.2115
331.685654,157,179.431134
292.621734,157,179.684488
312.209191,150,179.930481
346.377321,152,180.176268
356.00776,194,180.492081
425.395828,217,180.846521
384.325531,194,181.155497
310.211623,141,181.386403
389.883493,183,181.686238
355.416045,168,181.961907
421.455043,202,182.295235
388.448851,191,184.104879
350.666092,153,184.315943
330.782743,158,184.534381
389.125041,182,184.786178
432.731522,228,185.09368
343.341842,176,185.348167
271.365141,133,185.564065
288.886428,141,185.793587
286.623873,131,186.005661
334.318836,159,186.263773
307.723323,156,186.518803
360.748593,162,186.783264
337.472267,166,187.054013
361.261799,181,188.8691
371.937992,180,189.165927
444.400472,222,189.53453
249.890348,131,189.750062
358.943302,161,190.0154
404.980761,187,190.322207
346.062458,180,190.619013
292.705958,144,190.856301
301.400244,166,191.131607
365.009519,181,191.404896
436.190102,258,191.758976
271.308999,156,193.477798
436.742353,227,193.845857
398.672902,199,194.170094
289.235721,146,194.407158
343.374221,159,194.664946
384.176445,189,194.972444
314.627506,154,195.22227
370.375073,192,195.533342
394.450858,197,195.842103
286.348213,146,196.034696
314.380054,143,196.223926
357.627211,198,196.488632
454.833007,232,198.276577
361.746903,166,198.546664
401.698868,196,198.866836
411.92809,205,199.199699
364.030959,163,199.464427
397.504027,203,199.794857
365.844909,176,200.080456
380.161113,183,200.379784
360.315224,156,200.632044
409.005751,209,200.971338
367.224404,185,201.22032
279.155211,134,202.84444
384.502078,189,203.157196
374.878127,201,203.489568
374.819126,178,203.782826
378.348302,179,204.077457
401.93095,180,204.372314
376.031465,175,204.622769
433.033477,227,204.918108
326.639313,153,205.081017
361.592206,153,205.271711
361.673714,190,205.514674
372.477053,179,207.224824
382.63894,173,207.512759
393.489358,193,207.834913
428.539695,209,208.183877
265.030685,123,208.383895
452.306774,202,208.667518
409.051781,222,208.9503
389.320999,205,209.228746
322.033344,145,209.417217
357.614184,166,209.642282
349.448738,158,209.850852
424.100376,230,211.714662
304.917939,139,211.901144
417.127831,194,212.159709
360.633631,171,212.391953
377.095061,171,212.668933
399.862946,198,212.989731
406.250695,196,213.30743
426.76653,194,213.62254
280.145422,124,213.824201
242.564431,134,214.039077
249.753265,117,214.228234
408.586578,193,214.540752
344.057345,157,214.795485
309.386361,141,216.667048
336.739062,165,216.941708
499.20681,248,217.356787
319.977492,136,217.586336
333.688625,176,217.880335
419.298872,198,218.204547
400.37836,196,218.455553
337.089608,170,218.685751
413.293615,197,218.958481
467.26429,212,219.24875
336.792806,153,219.452407
475.687679,222,221.23269
383.09356,189,221.470972
438.502428,208,221.74207
360.039175,159,221.939317
408.731068,176,222.124448
362.447787,174,222.371712
402.621478,199,222.698012
359.268596,161,222.88523
393.050452,176,223.070438
337.93424,168,223.249372
179.255679,82,223.361791
340.092902,155,223.597841
361.818073,195,225.413912
387.648118,160,225.622935
387.519509,172,225.818019
318.930915,144,226.033036
374.336613,167,226.306228
354.893791,159,226.564978
425.167626,195,226.834503
384.308512,170,226.990647
318.254331,144,227.176141
423.402833,208,227.520118
383.445446,154,227.751475
393.026613,177,227.957817
400.453368,187,229.668708
328.474379,142,229.899082
402.633254,180,230.193612
400.916165,165,230.462421
456.728494,239,230.854467
419.204818,200,231.182134
369.241365,150,231.425928
339.039745,147,231.615654
379.714128,185,231.859099
240.896337,113,232.033307
417.874428,195,232.351651
372.715611,188,234.22682
408.96584,181,234.523149
450.493885,201,234.855031
374.074922,164,235.123888
383.937135,172,235.405872
390.138856,176,235.661896
343.877823,149,235.816111
382.12938,156,235.98492
334.519513,161,236.190835
326.031472,145,236.379699
375.528951,163,236.594553
427.441882,211,236.863282
400.070086,171,238.594306
285.825958,127,238.761632
357.322038,162,238.962689
414.192279,186,239.158852
364.533377,148,239.315264
350.22816,151,239.496695
330.936634,152,239.680917
412.87522,170,239.895489
436.217404,203,240.153134
463.072175,225,240.445865
397.938603,170,240.66296
371.634,160,240.891423
389.598668,185,241.199719
389.50814,185,243.130118
405.137507,183,243.427812
404.873265,189,243.738641
438.094165,181,244.034319
303.940965,134,244.253542
378.293665,170,244.532033
390.652291,172,244.814766
345.15022,145,245.051639
417.61279,182,245.349324
453.129677,217,245.70565
400.221434,181,246.001507
345.748905,159,247.695517
448.254567,212,248.048772
388.108447,179,248.343868
413.955962,189,248.655686
455.019576,203,248.990627
424.495276,171,249.271441
394.430592,172,249.553814
414.161649,172,249.83395
366.342264,158,250.094445
439.107282,194,250.410034
460.793324,206,250.714567
406.096121,186,252.612128
420.453984,189,252.92031
391.33275,172,253.199359
347.825093,154,253.449594
401.644464,173,253.731588
454.697864,203,254.06971
369.501103,170,254.331231
350.62342,151,254.536242
423.058088,198,254.802911
341.431325,152,255.011812
315.999847,143,255.200421
440.106799,180,255.4446
366.216169,162,257.073016
338.519433,158,257.334657
439.346989,179,257.629052
357.902956,161,257.896082
435.721951,189,258.208979
473.513757,192,258.492263
420.705642,171,258.723251
426.790269,187,258.958297
379.31933,159,259.172992
354.187972,156,259.385314
313.821949,138,259.571608
461.603021,208,259.854713
467.612854,207,261.712547
424.892642,187,262.015663
420.335326,189,262.321217
414.765234,193,262.632721
348.884124,157,262.879222
358.958236,151,263.127385
416.490667,200,263.460523
440.298649,208,263.806084
325.628072,170,264.091668
406.291971,172,264.376631
371.996914,156,264.635016
471.941557,196,266.544262
432.172688,197,266.866204
351.371395,149,267.107732
400.834087,185,267.407274
413.76102,190,267.715404
328.657277,145,267.948123
433.069577,182,268.244273
395.052632,171,268.506868
392.831927,177,268.728149
392.458508,173,268.909746
377.346129,158,269.059217
418.133225,185,269.245903
371.196247,158,270.817278
301.965066,135,270.994427
360.39588,161,271.216448
374.552075,154,271.415919
345.605904,149,271.616152
384.526999,167,271.865395
386.348781,196,272.188865
405.953568,176,272.478725
419.50598,181,272.777391
439.586041,193,273.096498
408.867053,189,273.40967
385.375094,163,273.678372
412.232299,173,275.569951
425.689695,203,275.846727
389.650513,176,276.07793
409.124713,177,276.310922
467.142513,199,276.547082
337.264823,149,276.741058
377.813301,157,276.942039
414.683542,188,277.19151
391.67794,167,277.399766
386.758205,159,277.600441
458.135661,218,277.878842
361.058765,164,278.084843
378.118426,160,279.82939
386.146149,165,280.077767
429.227481,184,280.278532
513.378144,222,280.553851
435.502212,185,280.795749
341.244339,145,280.979509
414.660047,182,281.229156
406.113518,179,281.473381
392.907085,177,281.710188
394.553348,167,281.93348
342.312575,143,282.122842
435.331262,200,284.052128
393.763448,169,284.326834
429.137656,190,284.637376
393.737959,190,284.882521
409.067403,172,285.114625
426.067961,180,285.362757
394.202664,193,285.627281
436.022873,184,285.868446
380.057197,161,286.085567
393.667991,171,286.281527
358.820112,150,286.43844
332.83833,156,286.602295
352.673213,157,288.258955
352.961371,148,288.506967
485.457548,196,288.830512
376.046215,172,289.113564
333.653984,150,289.360053
421.244656,178,289.650983
426.75904,202,289.98417
427.542053,182,290.285842
435.750379,182,290.584821
567.872682,239,290.975296
336.314825,144,291.163206
357.626095,162,291.392822
333.726383,140,293.16838
369.80492,151,293.412213
417.662061,185,293.712509
302.010858,142,293.944008
373.726272,159,294.201509
437.248469,181,294.475144
399.503509,183,294.719764
405.324932,174,294.948029
421.353241,180,295.180634
367.462281,156,295.389676
397.91843,167,295.613167
421.433074,180,295.862489
337.451744,151,297.543351
428.598166,174,297.827975
350.39153,150,298.051308
390.064957,174,298.283609
456.339053,209,298.561173
313.655174,141,298.73949
391.369325,174,298.969976
419.109366,203,299.218998
347.563522,155,299.449658
415.493145,180,299.743365
336.654258,149,299.98478
366.363505,163,300.249515
392.15373,174,302.010898
406.188288,173,302.293592
396.417918,161,302.555899
488.859538,220,302.916402
411.123431,191,303.229588
388.481072,160,303.490105
428.908566,189,303.755432
396.878322,167,303.975457
386.911628,173,304.204347
516.626597,213,304.485166
388.972691,157,304.68866
390.126216,159,304.903623
343.533327,158,306.657644
417.825839,182,306.902955
418.131518,172,307.139951
376.649628,156,307.349861
358.793989,154,307.553507
398.182737,175,307.830909
389.643547,163,308.09968
424.094832,177,308.392638
362.368107,160,308.614013
419.603829,171,308.839856
360.183448,158,309.057369
426.07333,168,309.320006
414.998364,177,311.171312
459.522329,213,311.506433
445.71999,182,311.741378
508.449768,198,311.994748
393.353407,175,312.236222
382.842804,160,312.496456
424.87992,196,312.818842
386.608157,159,313.07935
410.943397,179,313.373667
442.72565,195,313.696491
356.006522,156,313.952715
423.575588,183,315.882038
390.628395,161,316.144628
402.344611,167,316.417799
420.400854,170,316.690271
414.66637,186,316.942041
395.334288,166,317.214791
301.601524,134,317.433395
370.8208,163,317.701291
440.602141,198,318.026904
398.36738,164,318.294901
416.952891,167,318.567
391.152329,161,318.832295
496.158465,213,320.695241
406.225964,172,320.930382
415.422715,184,321.180282
368.351504,166,321.36726
394.714045,197,321.643862
390.980531,179,321.894461
425.056073,183,322.137727
365.281068,154,322.342319
421.95924,172,322.575568
357.156589,157,322.804056
408.505787,179,323.103751
371.787699,153,323.364516
416.946593,176,325.217753
354.162299,154,325.46696
409.794408,164,325.72997
393.749734,160,325.970436
451.364269,202,326.223341
380.577856,157,326.434308
417.439812,175,326.674289
385.709263,156,326.868101
408.539588,158,327.073421
421.979182,185,327.302074
379.868322,161,327.545996
440.220697,183,327.848342
358.327533,159,329.699834
376.155663,162,329.905678
385.744442,158,330.117362
404.5246,168,330.34088
408.903859,174,330.576078
384.981329,164,330.798177
395.470739,160,331.015189
474.907089,184,331.248379
443.576708,176,331.473157
431.817372,191,331.728209
392.459946,159,331.913796
413.586816,180,332.079303
410.631838,163,333.671008
389.722813,165,333.884866
404.849745,167,334.100569
312.660611,147,334.296834
459.936895,177,334.584315
395.720728,162,334.849128
410.855028,170,335.126263
446.465575,184,335.427358
384.449579,155,335.679814
399.529202,161,335.873614
414.067296,170,336.08345
370.163687,159,336.262902
441.253072,185,336.519813
504.538424,206,338.389044
439.424311,174,338.617972
415.163274,179,338.856104
422.374232,181,339.103061
399.53957,165,339.341834
399.898268,164,339.610428
298.254067,130,339.822002
440.363365,169,340.096756
423.081684,166,340.369387
444.308638,169,340.643386
443.756263,175,340.926455
406.921482,182,341.224258
385.234249,164,343.133538
379.989381,158,343.390098
242.000287,113,343.573156
379.668487,160,343.831892
118.122196,67,343.940265
458.501413,199,344.263083
473.060625,188,344.566525
404.613734,168,344.838025
416.414948,174,345.117648
431.041399,175,345.399077
459.949773,185,345.698968
400.702906,165,345.952996
491.159544,184,347.704598
471.925749,178,347.99523
338.77144,143,348.191977
451.230724,183,348.403231
362.841013,148,348.549594
448.190382,184,348.718667
437.774237,168,348.932909
353.420042,153,349.126324
416.84807,176,349.363849
413.468139,166,349.579252
480.985622,192,349.843497
472.991926,212,350.1264
461.794822,178,351.854933
436.037383,173,352.139311
436.824726,203,352.473905
477.179049,190,352.783441
506.050571,236,353.171989
474.959913,194,353.48911
436.023804,178,353.782035
338.1071,152,354.029408
463.255088,182,354.268842
494.760318,198,354.561244
394.718208,162,354.825066
425.370909,186,356.810828
385.503366,160,357.075634
380.493736,165,357.348619
465.144774,202,357.68266
455.044227,192,358.001062
428.386585,177,358.294036
393.220659,161,358.559794
426.933086,183,358.824526
400.120841,168,359.027673
452.229846,203,359.241693
495.608938,204,359.451517
384.548559,163,359.602505
382.305767,161,361.073654
533.311591,211,361.357349
434.716737,195,361.634933
386.805314,159,361.856073
538.692497,202,362.134425
387.106136,154,362.33385
470.376371,206,362.613448
372.156975,154,362.808221
493.8207,203,363.022103
382.732828,160,363.189399
434.369844,170,363.366864
455.162525,180,365.042626
431.746978,186,365.292002
401.613671,170,365.52137
465.522615,181,365.799142
344.596761,148,366.039381
334.915445,144,366.27352
505.965652,220,366.633253
464.211871,185,366.933108
452.15552,170,367.206686
442.121882,201,367.533762
458.606814,183,367.82963
425.375464,165,369.603786
356.655441,149,369.808008
433.858515,172,370.053095
346.586857,148,370.280419
449.300568,175,370.566619
408.52966,165,370.793114
494.294521,195,371.053045
454.8772,175,371.290295
413.213243,171,371.524206
450.633894,176,371.76148
425.074605,181,372.000658
430.834866,172,372.23761
419.477853,171,373.990663
444.666875,176,374.220064
367.534472,154,374.422131
359.523475,154,374.623833
398.866157,163,374.828515
462.762495,210,375.107577
446.994424,188,375.345909
383.067627,160,375.53381
441.162828,195,375.765736
387.890336,150,375.919496
277.155611,121,376.075723
429.680819,178,376.314646
420.695333,169,376.528557
401.058097,159,378.247386
554.003246,211,378.589253
358.960094,148,378.828179
389.021614,154,379.077781
412.773159,172,379.356428
352.100778,150,379.599899
402.419022,163,379.864865
420.879364,183,380.163431
381.11265,165,380.431643
417.635614,163,380.696108
308.760571,131,380.894195
431.957694,171,381.12331
472.749474,188,382.894244
449.905513,204,383.1531
366.59609,149,383.343159
473.493339,185,383.559937
434.602519,166,383.779696
468.439049,179,384.019891
440.110369,171,384.232871
482.053908,197,384.533785
425.624735,167,384.809443
394.9525,161,385.074237
454.349962,179,385.36865
390.696465,161,385.635704
498.976612,202,387.746221
547.426458,201,388.072427
377.800202,154,388.323623
439.944361,173,388.606067
395.557799,168,388.859121
462.049447,186,389.10354
528.67384,199,389.391847
492.561794,194,389.624589
436.90426,168,389.889754
456.660282,173,390.17407
424.184118,174,390.459529
469.415778,190,392.441104
384.969863,158,392.656373
501.066644,204,392.913297
431.970961,172,393.13698
471.993318,185,393.380192
458.275116,178,393.61672
381.934951,159,393.835258
437.904234,169,394.051973
494.525881,193,394.301365
384.865285,157,394.510475
400.149511,159,394.713751
503.394845,233,396.608248
377.675387,158,396.813432
415.612005,166,397.03233
372.202248,159,397.249259
534.381125,214,397.593544
450.827888,171,397.871613
528.874347,200,398.197945
364.372139,156,398.452655
336.213057,140,398.680696
369.920604,146,398.918057
500.523189,214,399.269618
442.685417,175,399.555724
479.822055,213,401.451477
426.810665,180,401.697823
424.313432,171,401.926736
462.621601,177,402.165469
414.342376,162,402.351018
458.111441,183,402.576544
325.854336,138,402.76747
385.007362,159,402.989141
345.424366,141,403.179886
406.010906,159,403.394605
388.217407,159,403.652444
437.871946,165,403.919306
395.637953,169,404.195435
438.556502,172,406.036997
434.848659,172,406.316711
538.648821,225,406.682589
396.905998,156,406.932391
445.230657,168,407.205421
417.716185,164,407.470617
452.261634,198,407.775666
475.123814,185,408.01205
415.192726,177,408.249319
447.522665,173,408.459177
417.035014,177,408.696917
460.19622,180,410.483421
425.369884,173,410.714476
423.42358,162,410.926993
465.310353,181,411.119484
517.55428,203,411.354236
386.415695,160,411.576506
426.999783,181,411.825619
420.844257,168,412.044649
431.930258,169,412.268564
442.65933,180,412.513474
589.102995,232,412.824889
463.661284,175,414.536154
488.715389,192,414.851684
436.834247,168,415.123428
443.281044,178,415.410564
399.339137,162,415.672408
453.590384,177,415.957419
391.77163,164,416.222693
389.747454,159,416.478993
415.101851,175,416.761695
491.01375,183,417.061441
501.140702,194,417.375929
463.092831,179,417.662382
406.528109,173,419.414555
464.891005,175,419.652918
409.933853,165,419.854991
435.350966,171,420.090868
436.040306,168,420.315727
469.623465,182,420.535636
495.135897,183,420.743573
419.698938,177,420.990199
455.168619,197,421.295904
500.141954,201,421.625079
559.332215,224,421.988423
550.055781,250,423.937262
457.322668,195,424.255403
497.642984,193,424.569779
455.084288,175,424.852902
470.90679,183,425.150016
355.320799,151,425.394431
401.739263,163,425.658775
389.092959,165,425.924762
404.179,166,426.19347
372.06201,154,426.442969
457.26838,188,426.748175
411.693923,183,427.043384
496.586344,189,428.829973
466.410242,180,429.076347
438.047501,169,429.310039
487.792826,184,429.507239
630.408433,228,429.7493
330.505295,146,429.936309
457.46566,176,430.179297
487.479648,187,430.432641
470.063953,184,430.685663
480.07165,186,430.935738
492.035693,182,431.166834
489.791107,190,432.876572
457.817856,175,433.163386
434.15819,171,433.446283
355.093187,159,433.708055
513.468826,201,434.038043
386.855772,156,434.29448
352.885667,144,434.509619
410.271132,162,434.730905
473.499112,183,434.984149
407.629767,164,435.20283
482.188069,188,435.474269
490.191419,195,435.793455
471.388299,182,437.65656
460.070553,178,437.888545
421.684599,171,438.131594
477.35207,190,438.409188
367.157189,160,438.618875
449.40811,170,438.855758
418.911548,172,439.077739
433.553344,172,439.31293
469.968999,187,439.566632
457.069863,176,439.810422
531.164313,210,440.130648
502.346357,196,442.024597
525.01882,201,442.308402
694.559384,253,442.719172
459.990099,175,443.002215
453.976475,185,443.30324
363.105876,150,443.552611
538.208578,220,443.910447
394.098757,152,444.156385
578.15149,214,444.503268
454.580219,181,444.797215
308.998394,140,445.02404
460.818366,184,446.799651
453.506068,182,447.046552
432.680303,177,447.338766
444.628594,172,447.617262
455.156315,183,447.911536
439.637735,170,448.187939
384.052382,161,448.450282
400.236418,164,448.714521
547.07881,234,449.098186
471.689021,185,449.400128
531.072066,200,449.724504
316.763564,132,451.522677
501.268983,188,451.827554
448.322406,182,452.124488
500.291326,187,452.427847
449.195492,169,452.701251
399.736959,160,452.940839
553.083017,231,453.248737
520.639693,207,453.530589
421.492875,155,453.726319
530.542774,234,454.047073
445.10008,173,454.280214
395.576244,163,455.994969
465.068176,175,456.278706
480.743989,187,456.529301
470.310012,181,456.792551
473.743031,181,457.086839
497.305399,188,457.393136
478.828901,187,457.69762
417.250453,173,457.979017
505.205334,190,458.293231
495.708314,192,458.604968
443.464046,180,458.898389
464.961814,216,460.550608
393.585787,160,460.769322
570.855336,198,461.03157
465.382737,181,461.266692
437.49282,172,461.501241
501.777296,187,461.759798
406.165882,166,461.987219
425.647736,176,462.253057
440.921775,170,462.532825
519.7404,208,462.875494
455.63246,172,463.160568
470.696579,187,463.474705
454.595539,166,465.235075
475.234383,185,465.465565
503.631849,196,465.783967
457.294756,173,466.064844
469.090446,191,466.376197
487.533417,188,466.68023
432.690458,169,466.956389
420.128371,179,467.249367
384.981315,157,467.505172
418.349451,169,467.778584
454.59583,170,468.054343
486.761931,191,469.905617
510.767463,197,470.178912
465.361928,182,470.42771
478.535522,185,470.667693
391.254218,161,470.876745
547.427612,221,471.166555
458.840331,190,471.414515
519.760803,195,471.680782
473.181666,191,471.897786
537.57997,255,472.203189
478.100553,183,472.425273
465.421317,173,474.075155
513.898157,210,474.367537
512.112776,191,474.624222
421.532763,165,474.840487
479.114187,183,475.088042
456.937874,176,475.331628
411.694049,157,475.548314
386.163404,159,475.768915
464.075339,176,476.001689
415.031361,164,476.223179
513.422993,192,476.489341
458.743013,178,478.310281
649.321368,223,478.601723
510.949856,208,478.882622
544.933643,210,479.168904
445.622633,178,479.39854
472.542161,173,479.61761
452.830077,178,479.863474
502.817817,202,480.126833
448.717746,169,480.352853
586.619789,232,480.653766
550.942434,201,480.926833
520.519128,188,482.749727
502.653222,189,483.013522
466.191565,181,483.255004
398.117769,159,483.471028
347.676501,149,483.663989
444.715666,165,483.87601
360.194159,154,484.073243
473.208249,197,484.334308
475.358493,175,484.535048
454.03905,174,484.725229
457.470563,172,484.940028
356.625581,154,485.129938
436.01134,165,486.889348
605.506489,220,487.189798
347.776864,148,487.392041
648.896003,216,487.686051
481.348582,179,487.925637
496.182375,190,488.170089
411.298096,163,488.386745
512.301165,187,488.637944
512.474498,209,488.919836
433.370022,166,489.145973
488.156786,179,489.352917
597.998051,208,491.171669
359.996627,158,491.427428
482.031176,187,491.732507
505.823571,191,492.041493
426.913316,183,492.340726
526.729359,195,492.656158
369.552445,147,492.89465
529.647514,190,493.201115
516.848343,193,493.459204
514.792761,216,493.762913
477.450069,183,494.065965
481.564121,189,495.996612
488.116204,188,496.302415
460.138024,178,496.592257
448.23818,165,496.861396
479.427607,178,497.151174
424.656535,161,497.413905
392.277928,155,497.666065
482.784933,179,497.955918
420.845269,171,498.188531
474.043309,174,498.416634
363.154804,149,498.623123
484.338872,192,498.872093
400.704466,162,500.650259
458.869823,176,500.938465
463.123629,170,501.212269
378.617644,158,501.467131
654.379566,224,501.828108
498.050603,187,502.130208
522.877756,200,502.454134
408.786088,175,502.739016
422.913003,162,503.000629
466.136473,183,503.297316
410.333418,167,503.569228
486.277429,185,505.314433
436.735969,168,505.529098
455.189653,180,505.735695
445.757995,173,505.914726
429.232824,162,506.108108
395.092939,153,506.312777
505.964241,185,506.554143
494.083336,184,506.795507
532.419656,193,507.065655
428.562407,180,507.313284
378.180762,157,507.574458
384.162221,155,507.834821
482.849847,181,509.682825
438.104747,170,509.907398
447.299506,167,510.10358
417.045106,168,510.317992
514.947068,190,510.563798
486.006378,182,510.789797
420.553659,163,510.993358
399.898407,165,511.197969
409.950853,169,511.423375
466.845586,172,511.69761
404.683314,159,511.956135
382.227004,150,512.20046
467.468686,195,514.14127
512.464871,187,514.38188
509.977559,192,514.634185
477.417629,185,514.912875
429.795169,165,515.190744
470.302595,188,515.504108
458.442947,180,515.800167
459.561186,170,516.077913
514.089825,194,516.394375
413.331049,166,516.671526
388.944028,156,516.927895
391.655133,170,518.679853
472.903835,182,518.929244
458.179323,179,519.176495
366.700483,149,519.368943
440.785801,170,519.575177
515.010288,185,519.827681
371.201306,149,520.030764
414.203631,171,520.2653
541.928189,206,520.58789
522.642617,206,520.927451
558.341806,201,521.255421
487.611644,199,521.582093
510.853785,208,523.469499
499.369504,193,523.739291
488.532612,181,523.982303
465.981655,187,524.233582
388.543373,164,524.462345
501.854823,195,524.700305
462.908469,172,524.892725
443.535467,173,525.098594
448.068606,171,525.329529
428.06247,172,525.549998
424.635096,171,525.759264
483.093922,178,527.416696
479.219126,179,527.623674
494.278491,188,527.869927
391.072515,156,528.073892
574.025995,224,528.371086
660.146544,222,528.636238
410.953869,171,528.821631
461.966536,180,529.063002
481.805503,190,529.321318
496.457036,184,529.508568
423.485262,174,529.745339
719.11968,255,531.63125
486.266797,190,531.88965
523.040585,187,532.196983
480.668043,183,532.495178
428.042465,177,532.787657
559.880141,210,533.132138
521.210878,195,533.451984
455.239356,182,533.750373
506.178224,183,534.049788
444.38162,187,534.358214
605.147812,215,536.26507
495.695616,187,536.569745
495.826181,186,536.874079
407.546186,158,537.133267
676.320536,241,537.478982
550.888076,207,537.760092
333.983566,137,537.946942
436.85267,177,538.166332
555.911553,215,538.457395
507.997671,186,538.706923
432.899487,160,538.964904
569.1638,216,540.907957
432.425685,182,541.205869
448.688716,173,541.441249
439.406643,165,541.645276
529.70334,241,541.971678
388.286262,161,542.194694
485.768543,178,542.435526
553.168962,219,542.722892
343.990894,150,542.927444
376.739209,154,543.112698
580.510816,210,543.329664
667.929551,230,545.071173
497.268596,181,545.268255
508.537492,193,545.511394
456.367616,190,545.756881
606.047815,241,546.064846
453.770731,181,546.29451
721.779884,251,546.635847
627.079179,233,546.939041
540.954586,207,547.220436
504.531536,208,547.456444
479.690606,179,549.18634
576.982328,211,549.528608
519.418904,202,549.853483
477.526227,173,550.132018
456.080284,178,550.418626
598.212576,219,550.729908
651.971313,235,551.024362
467.40151,179,551.263186
464.891387,187,551.50768
572.536094,213,551.792736
510.762131,193,553.562002
669.750612,242,553.954519
530.494366,195,554.27037
479.886019,183,554.569429
522.252537,199,554.892215
514.578435,204,555.226126
445.35779,173,555.508405
656.040703,227,555.877045
665.112445,231,556.250317
523.732152,204,556.580603
513.380442,200,558.380014
713.24045,238,558.762168
495.279279,186,559.063505
633.13919,232,559.436905
582.220014,213,559.724147
548.647512,201,559.964657
468.995356,181,560.204708
399.164351,170,560.434023
727.781855,244,560.765425
613.518876,218,561.060838
597.947055,219,562.833987
614.451962,240,563.143327
716.586612,252,563.471107
789.996168,283,563.848764
594.968602,232,564.144719
447.817232,179,564.375769
483.335899,176,564.596947
651.845511,258,564.930204
633.902119,257,565.25491
561.705755,213,567.085031
572.049833,216,567.43857
485.611647,195,567.758528
706.007829,287,568.192042
568.942136,225,568.433345
567.973423,245,568.690704
455.64767,192,568.929735
501.584588,208,569.198967
651.251847,230,569.568959
412.17305,166,571.283603
796.836758,281,571.569232
374.758362,168,571.748162
493.991138,198,571.962925
556.510346,235,572.216792
490.797178,180,572.454465
580.307556,255,572.803409
744.582958,262,573.16296
540.34737,195,573.423382
301.164813,363,575.552872
595.114133,223,575.768397
526.599746,201,576.014209
607.401039,239,576.339211
729.207203,274,576.691017
395.424563,169,576.902783
802.212583,307,577.352787
629.5073,228,577.728389
752.412978,261,578.167502
757.728317,272,580.097171
507.244108,199,580.369219
507.095698,199,580.638176
891.165663,358,581.109651
605.270536,248,581.439051
501.989781,215,581.751839
583.066204,235,582.132861
432.951159,192,582.446494
642.232274,230,584.394157
810.414829,302,584.85313
639.678916,267,585.285727
783.030317,276,585.732674
950.307448,314,586.240692
736.379974,305,586.734353
534.649677,213,587.080554
822.353175,284,587.544615
622.876821,255,589.522548
514.011819,206,589.853372
362.449383,159,590.1092
444.501373,193,590.41807
505.64292,220,590.781157
824.489864,299,591.258619
622.008621,224,591.616041
506.773342,211,591.953815
470.691086,191,592.250945
484.257083,203,594.059557
402.954781,174,594.345312
911.975418,309,594.855376
668.981721,265,595.293427
543.523726,226,595.667997
461.421432,198,595.988977
357.783752,145,596.187943
448.715185,191,596.460562
747.273125,273,596.850425
553.15427,234,598.207197
730.186909,248,598.50552
966.700532,329,599.042285
528.910456,211,599.386579
969.582957,338,599.938049
1027.606485,335,600.484778
1871.591169,676,603.146002
1028.507428,340,603.657403
483.858459,215,604.017022
857.314302,390,604.662992
898.573111,298,605.157663
813.072422,289,605.635714
512.060323,208,605.904611
631.833744,238,607.733403
581.449471,231,608.109293
486.417569,182,608.40454
982.687566,322,608.925642
600.704129,253,609.334141
775.591534,293,609.700813
750.134839,276,610.010655
749.611463,264,610.362025
1150.826803,362,612.483174
823.660914,284,612.939326
747.330636,254,613.346668
628.698672,242,613.740497
669.75815,256,614.102281
1564.586034,511,614.759065
616.883153,244,615.050189
763.697947,271,616.915325
861.04601,313,617.32472
782.973907,281,617.680033
908.860882,327,618.073752
799.022631,273,618.331736
918.946466,301,618.724108
659.668792,251,619.053111
890.845954,311,621.055608
778.804862,282,621.521031
805.701235,268,621.962233
1176.620074,393,622.609673
958.528308,331,623.10324
1303.331183,444,623.709471
1331.092331,413,625.793755
748.089957,278,626.217161
651.280002,246,626.616623
944.624845,292,627.092333
953.646646,308,627.595428
564.256098,223,627.959983
1161.889629,377,630.214616
1182.156202,398,630.860946
1348.831518,438,631.47258
1208.23136,382,631.930057
574.45386,216,632.203604
835.118784,303,632.613772
959.65489,312,634.687576
1351.369363,424,635.141178
708.278099,256,635.472901
886.430893,302,635.860387
463.79734,186,636.092914
904.606715,293,636.487328
828.531837,293,636.958528
877.795752,328,639.042583
958.243667,303,639.408205
1049.251609,361,639.88099
623.094765,245,640.215494
1397.264581,433,640.804134
825.733249,293,641.277661
815.785282,279,641.728618
1018.58966,363,643.89701
1351.768333,445,644.608938
870.359086,302,645.094569
792.090401,295,645.573029
944.136589,315,646.077701
796.09401,281,646.529395
489.017665,178,648.374461
748.221106,265,648.690671
737.47086,270,649.03915
907.257144,287,649.495547
1006.640133,318,650.012341
776.976649,281,650.43242
912.37664,308,650.871778
980.380017,315,652.917643
974.084456,365,653.508406
667.265024,267,653.94426
1390.287119,448,654.667604
840.98906,295,655.142648
1272.558966,392,655.772654
853.413648,319,657.781869
965.523227,326,658.137028
780.92103,264,658.478976
480.714274,205,658.702168
1071.73704,321,659.095597
803.886908,272,659.496528
718.532748,269,659.932453
555.15235,200,660.257236
1418.912062,460,662.602834
859.433399,294,662.988434
916.876412,326,663.40356
712.236624,245,663.721302
881.574819,301,664.205654
693.717145,263,664.630719
466.639218,193,664.942102
757.221777,260,666.833658
1339.864429,412,667.493562
1144.294731,344,667.930442
833.609101,291,668.257637
943.650328,317,668.65581
1283.701063,376,669.112117
1687.371412,497,671.385403
883.169247,297,671.855278
653.815753,225,672.213938
1318.099804,427,672.883678
409.63977,153,673.162616
950.177296,314,673.732871
908.598832,309,675.824522
573.749261,204,676.158736
938.979648,302,676.650842
471.323443,172,676.935002
499.140278,200,677.263493
666.656995,228,677.635232
814.750365,260,678.034494
705.212937,235,678.350597
710.120196,232,678.67838
954.213964,311,680.777759
1468.41912,457,681.487196
690.574846,230,681.790731
846.937817,298,682.186833
885.753445,284,682.578993
712.793764,244,682.903629
1782.908153,500,685.131648
736.085491,246,685.475685
620.707181,220,685.744125
856.396394,295,686.143554
1329.355297,405,686.721045
941.09071,313,687.135474
1015.143825,327,687.560575
1082.829652,345,689.673861
969.735722,326,690.117006
914.203187,289,690.47561
766.212864,267,690.850718
815.222727,260,691.209731
947.615572,301,691.610216
1159.82292,354,692.040787
920.336029,297,693.99573
1190.876141,366,694.478314
874.616608,298,694.856523
713.514626,236,695.161082
1375.84062,406,695.716214
924.172734,317,696.227358
1110.589788,369,698.329875
739.937552,255,698.744478
881.575844,284,699.205134
1163.627701,377,699.817483
1193.110351,365,700.345459
2844.139806,802,702.984445
954.613574,305,703.478594
1065.449303,311,703.983893
1503.890589,428,704.610064
482.150183,168,704.88464
917.42183,316,705.402582
1260.728909,407,707.6762
1554.912492,507,708.406785
1398.363015,427,708.993275
890.201025,284,709.397825
956.841131,300,709.817378
760.203354,243,710.204971
1024.289555,321,712.326602
1374.27042,421,712.876236
1300.902288,424,713.48148
1920.659308,571,714.340111
1853.376002,550,716.352997
1558.54438,432,716.898779
684.130596,233,717.219435
804.700285,254,717.559903
2988.165687,855,718.542823
657.850173,229,720.253872
927.72007,291,720.735434
979.034349,310,721.231648
1402.245952,427,721.928877
1854.051362,530,722.795903
1143.229269,363,723.394582
786.750234,283,725.293098
618.87698,211,725.58022
933.423544,292,725.955448
1260.34553,380,726.49072
852.682201,299,726.975012
688.213345,242,727.372863
887.447861,285,727.837355
516.226199,183,729.694669
652.27655,210,730.04158
476.222368,171,730.323105
790.746841,251,730.736456
1099.396011,335,731.25519
1638.224959,471,731.882276
704.434278,226,732.175459
1368.246076,413,734.13931
281.05485,120,734.307182
1038.878224,328,734.698863
1580.589244,458,735.169396
598.604396,198,735.383913
2394.366291,702,736.239777
1516.709856,464,738.528937
739.380778,236,738.917457
493.159408,169,739.192429
981.893004,309,739.694105
927.881406,306,740.162983
1041.280244,355,740.575862
857.176127,292,740.967047
2565.363611,727,743.59548
553.385326,193,743.905817
893.029444,273,744.343208
616.720498,201,744.664843
901.494093,291,745.109913
2276.364517,666,747.542521
619.394179,204,747.873081
1909.748152,546,748.762171
1252.890479,352,749.332409
1415.95779,401,749.980198
1600.418726,515,752.382348
1229.632586,373,752.9706
896.251896,302,753.315722
1248.576465,412,753.86778
1148.968307,379,754.39857
2422.236633,703,756.839447
857.104776,273,757.279065
2052.816362,600,758.246363
500.92873,175,758.474822
997.194562,290,758.86324
1476.535079,453,761.120343
947.289404,286,761.576478
1716.503516,502,762.377146
428.240851,159,762.632644
832.096099,284,763.083079
402.42239,172,763.325811
888.806145,268,763.689537
2396.300409,722,766.186176
1054.503833,333,766.730492
1623.066824,516,767.566833
391.594708,144,767.801429
3378.029866,975,770.974202
1601.232132,489,771.69641
1578.162323,497,772.365427
1353.3073,399,772.896592
490.673399,170,773.122733
1857.830018,556,775.658456
3059.844032,1000,777.225618
968.122267,300,777.584103
3165.337883,928,780.279052
450.773031,164,780.485751
1449.659525,411,781.022678
2076.011374,587,781.79125
1672.387308,492,784.017458
1308.33477,404,784.606433
2887.889185,843,785.996123
1134.958534,340,786.480791
703.707467,242,786.78054
1992.92113,600,789.118053
692.400788,226,789.423764
1633.773985,513,790.237525
1672.452067,502,791.064025
1419.083102,452,793.49612
3041.623678,877,794.919219
1498.527367,428,795.572144
216.757805,99,795.698138
1256.665712,368,796.176174
3379.804351,1000,798.808346
1519.502122,424,799.259523
1001.939653,309,799.665206
1083.732359,355,800.149848
2694.477931,765,802.878433
1640.868652,501,803.528381
476.452304,167,803.748281
1581.60886,485,804.393435
1132.622889,338,806.337359
345.062082,135,806.553452
1765.507927,545,807.416328
1310.991928,392,808.038096
2405.862014,698,809.053225
2027.431808,578,811.394867
1326.800826,385,811.882054
932.738402,306,812.291416
1234.259459,368,812.785749
1620.166643,463,813.384303
1690.526986,510,815.474185
699.654226,225,815.74733
1139.485414,348,816.212504
1337.903361,381,816.721974
3614.819273,1000,819.199017
846.289061,268,819.485391
883.604288,272,819.827023
2710.652861,811,820.922781
2541.997466,722,823.621917
3156.28622,867,824.814733
1318.412506,387,825.288513
1111.670196,322,825.634881
1433.911323,416,827.682678
1917.330234,547,828.493576
1016.92301,293,828.968257
1152.770944,352,829.54179
1984.738813,535,830.217951
430.702136,157,831.919384
2092.779745,591,832.883344
906.003112,279,833.291123
655.668806,229,833.589951
996.903845,305,834.074725
882.347224,305,834.562736
828.523937,281,836.581012
2072.372566,593,837.450552
705.83395,242,837.7678
710.642173,241,838.090845
1189.648676,345,838.545442
1437.562132,400,839.061584
3695.17268,992,842.106172
2055.804352,571,842.978791
873.710327,282,843.440982
3641.5767,1000,846.33339
979.422158,293,846.666801
891.233615,275,846.997547
947.441783,297,847.395248
2967.262111,805,850.076391
986.58448,301,850.500388
1523.124625,418,850.993649
844.855393,276,851.368191
976.97811,300,851.781873
3489.788621,942,854.695162
3733.522878,1000,856.212904
1082.452285,317,856.675688
2556.35863,703,859.094321
1636.544399,465,859.658876
830.289403,255,860.012441
2870.13306,810,861.172225
1166.34033,341,863.17956
867.018299,272,863.541777
3625.440091,1000,864.849243
1385.817594,399,865.385142
1217.871216,352,867.447473
932.388133,287,867.876861
3026.924855,784,869.155623
528.173673,185,869.458319
1263.339485,361,869.946414
749.046764,235,871.744006
1396.98035,403,872.398259
1812.8455,523,873.193888
857.077595,284,873.572796
2685.549872,734,874.521375
820.18357,277,876.360623
3786.04965,1000,877.625049
1078.692452,323,878.053267
437.412048,165,878.282117
3679.388127,1000,880.96652
860.277462,285,881.303692
700.005741,223,881.569199
850.553121,261,881.859884
707.719166,229,882.097751
2153.728124,603,884.451973
1071.820841,357,885.003233
903.687652,287,885.382226
1009.153709,297,885.774403
3612.3938,1000,888.947991
646.266172,205,889.215643
2164.326147,604,890.164176
449.231257,159,890.422285
932.267115,292,890.902804
2053.827421,577,891.84019
2023.551978,541,894.308919
473.246858,168,894.578031
3776.47278,1000,896.094714
2997.264441,782,898.63131
2961.244949,781,899.882477
3684.078094,1000,903.026602
1150.891785,353,903.587038
3010.751038,795,904.855104
3680.502862,1000,907.952873
1356.67032,391,908.407203
1087.740407,330,908.823901
3769.53564,1000,910.091778
1533.12115,425,912.356656
3850.652645,1000,913.7225
663.463579,225,914.089986
1515.897022,428,914.785335
1485.015061,402,916.962597
479.080032,169,917.221046
899.682766,285,917.588742
2268.14947,644,918.581272
1116.300126,320,919.096637
736.430358,255,919.50713
932.546663,287,921.506371
1339.527038,395,922.14482
3395.733469,888,923.581382
3765.669956,1000,926.594538
3707.859191,1000,927.870095
1469.827455,434,928.458617
875.579635,270,930.353747
1595.950267,445,931.078404
981.490903,302,931.545166
1133.825779,329,931.934956
904.687258,294,932.340229
1645.785313,455,933.085001
1746.025265,488,935.402077
3023.72532,803,936.674064
2754.93873,741,937.881532
1396.348518,391,940.053173
3593.829038,1000,941.329354
2297.402774,627,942.36334
1661.173665,491,944.755286
1262.461638,377,945.375448
1180.893688,340,945.930438
3835.195596,1000,947.45263
3755.860091,1000,950.628802
1107.525511,342,951.143503
3779.386444,1000,954.278638
3730.873533,1000,955.4954
3659.990493,1000,958.336667
3669.521054,1000,959.765733
795.618587,257,960.127685
3655.104372,1000,963.068949
725.344943,231,963.446178
3764.158681,1000,965.00096
2124.650773,579,967.480101
1485.67582,425,968.109514
1059.978722,313,968.52343
3700.114024,1000,970.078738
2846.775043,734,972.841225
1863.533143,492,973.549665
444.528619,156,973.798492
2712.414082,723,974.944749
2890.786124,767,977.677133
1250.147075,378,978.166244
1265.469964,361,978.621647
1345.348556,400,979.121735
1649.949862,462,981.195168
3782.783691,1000,982.478667
2800.303761,732,983.527425
1022.569696,312,985.529653
2822.084554,721,986.42309
1328.499976,369,986.900434
1077.063412,318,987.305321
3196.787694,822,989.836415
948.414482,282,990.284508
1956.839134,523,991.131536
3861.259479,1000,994.348206
1329.964295,373,994.786087
1036.766909,319,995.133968
3935.509548,1000,996.404676
363.61528,137,996.594049
1310.571844,383,998.68659
3860.053804,1000,999.919947
1210.341504,373,1000.413143
3799.691365,987,1003.18468
3827.742,1000,1004.646538
2572.166166,678,1007.303688
949.296087,293,1007.777788
1554.065517,424,1008.464257
2429.761392,639,1009.463212
1644.54378,465,1011.696118
2132.301271,570,1012.413764
1434.567152,411,1012.887057
1995.578227,527,1013.727261
3838.236933,1000,1016.762078
2444.792676,649,1017.624771
3829.008341,1000,1020.661154
1298.665349,373,1021.256079
3147.72943,817,1022.565645
1085.519986,320,1023.077803
866.1784,271,1023.512164
1789.356007,488,1025.752548
3795.117854,1000,1027.385927
1928.720503,529,1028.24807
3872.305414,1000,1031.202954
988.884457,295,1031.602386
877.614557,273,1031.953931
1105.059922,324,1032.385689
2674.296048,723,1034.886898
3340.504138,854,1036.263367
3276.272167,840,1038.866366
3789.708837,1000,1040.318076
2002.349073,553,1041.20435
3940.750023,1000,1044.537838
3733.663723,1000,1046.101995
2001.422248,519,1048.328166
1127.320342,311,1048.82528
1015.550596,296,1049.305004
318.588366,124,1049.506593
1136.658293,333,1050.04527
1771.612343,492,1050.707166
351.086718,136,1050.846741
3988.808445,1000,1053.556292
343.329692,132,1053.758205
3826.926878,1000,1054.961329
3265.716213,822,1057.583202
2495.044077,659,1058.482065
715.310587,227,1058.779921
3961.224817,1000,1061.322287
2790.741367,713,1062.05209
3878.290505,1000,1064.86939
3815.534054,1000,1066.334704
3811.063316,1000,1069.502487
3863.764531,1000,1071.131678
387.433387,144,1071.367981
2785.332176,738,1072.498818
3890.108133,1000,1075.549122
782.147454,243,1075.879236
4083.692549,995,1078.498896
1705.503021,454,1079.24082
2592.279241,672,1080.327023
902.090072,295,1080.720442
3898.776472,1000,1083.533103
3260.818232,832,1084.881389
3824.189771,1000,1087.816987
1513.887576,429,1088.503398
3295.54887,864,1089.63345
872.067827,282,1090.091874
2466.368031,655,1092.799227
3146.975067,823,1093.983073
629.741858,215,1094.270776
2645.275687,712,1096.681351
3858.866751,1000,1098.272518
4160.955384,1000,1100.791275
3055.664266,798,1102.008146
3743.835616,1000,1103.281061
379.709864,148,1103.485704
3645.590176,1000,1106.520049
1754.332996,501,1107.290129
1939.002019,554,1108.179308
3814.075923,1000,1111.266808
3240.640738,851,1112.630662
1321.074384,378,1114.594017
3785.008302,1000,1115.77441
2140.546892,577,1116.379217
705.341239,230,1116.689287
3977.177628,1000,1119.779
2265.922651,618,1120.77092
152.283897,89,1120.914011
220.780825,107,1121.086467
2884.401984,759,1123.74963
2075.911593,550,1124.511238
3887.485514,1000,1126.16022
2893.631046,740,1128.707224
204.522079,100,1128.844242
3767.441969,952,1130.121713
3902.23337,1000,1132.537722
1951.780201,556,1133.259776
3815.219083,1000,1136.347494
3758.417642,1000,1137.758343
3342.803367,853,1138.758417
3794.399044,1000,1141.818049
2380.955178,640,1142.598073
3925.699625,1000,1145.751097
3797.106496,1000,1146.968926
3951.732026,1000,1149.783045
3068.882082,772,1150.994466
3822.418127,1000,1154.132318
3865.177447,1000,1155.418307
827.0205,260,1155.835156
3827.711713,1000,1158.938548
3892.641011,1000,1160.449863
4037.263082,1000,1163.48207
3985.502512,1000,1164.909902
329.853978,130,1165.118187
3866.669223,1000,1168.23141
3489.488201,877,1169.341123
3994.246737,1000,1171.769966
3953.44863,1000,1173.043378
434.034267,164,1173.256291
3989.926834,1000,1175.945125
2558.407629,667,1176.911458
2727.406352,715,1178.043382
659.564104,217,1178.388787
3869.325303,1000,1181.229877
1973.250292,518,1181.858665
1785.846353,510,1182.506207
3574.770817,891,1185.10933
4005.170949,1000,1186.275665
4033.765913,1000,1189.266758
3941.270113,1000,1190.882744
483.060251,170,1191.159919
3883.034893,954,1194.220415
4159.987883,1000,1195.527859
1458.219927,391,1197.580172
592.191667,202,1197.835318
4167.276742,1000,1199.350327
4045.762271,1000,1202.307954
3935.71947,966,1203.810461
3955.118102,1000,1206.874364
3894.525001,1000,1208.07917
3350.567747,820,1210.403885
3994.301046,1000,1211.691856
613.35728,219,1211.940111
3998.556462,1000,1214.689325
225.900331,98,1214.849376
143.41919,75,1214.971467
1314.846719,394,1215.608697
2813.203578,726,1216.776991
3905.033589,1000,1219.718056
4021.672739,1000,1220.912108
2311.241423,594,1223.136184
3826.44169,962,1224.407327
622.151493,227,1224.689714
3919.92845,1000,1227.346134
4137.285481,1000,1228.96099
429.469087,165,1229.209728
346.722486,138,1229.382263
3438.780426,889,1232.1909
3188.238774,803,1233.355582
367.849671,134,1233.538759
3958.500772,1000,1236.239445
2425.232591,623,1237.115045
956.058259,283,1237.570619
4021.38841,1000,1240.653185
2282.743397,586,1241.41006
475.395367,163,1241.586457
1399.767931,388,1242.13722
4118.137968,1000,1245.293994
3336.591385,852,1246.45437
4049.342355,1000,1248.023954
3576.482524,909,1250.64084
1945.336297,535,1251.319902
1838.846142,522,1252.033056
3906.508302,1000,1255.150907
3013.669019,763,1256.18131
2694.497288,695,1258.829288
3811.175269,1000,1260.083205
1431.654837,406,1260.617123
3855.952417,1000,1263.554489
3855.01033,1000,1264.980233
2966.378521,754,1267.577953
1519.101322,419,1268.140246
2081.806456,572,1268.91424
3813.727866,954,1271.825883
3169.407742,791,1272.871594
3924.680736,1000,1274.114908
3931.847067,1000,1276.689457
2654.647148,685,1277.634772
3968.969515,1000,1280.668235
2152.829359,549,1281.40094
3956.024148,1000,1284.212077
1905.629557,483,1284.98732
1003.900818,304,1285.482279
3842.310294,932,1286.817196
372.577985,148,1287.013757
3968.684817,1000,1289.855337
3907.855819,1000,1291.478986
3437.168242,857,1294.052132
4010.406612,1000,1295.344762
2011.150497,537,1297.562839
4045.826041,1000,1298.9421
3740.754276,931,1301.949862
931.676248,286,1302.332846
3954.030285,1000,1303.605937
3183.753559,786,1306.11881
3876.445427,1000,1307.432383
3907.242827,1000,1310.401175
396.267916,143,1310.598866
3509.355223,912,1312.046632
1302.211629,362,1312.628678
3928.278349,1000,1315.812454
4015.530804,1000,1317.345645
1204.18064,342,1317.881814
3941.856355,1000,1320.821482
3868.79949,1000,1322.443116
728.254518,249,1322.846757
3174.635153,834,1325.284708
3948.817361,1000,1326.668077
3875.155881,1000,1329.764442
892.446714,289,1330.153254
3844.253933,1000,1331.677004
674.715359,219,1333.57357
3982.982069,1000,1334.953273
619.934677,211,1335.293143
942.587952,285,1335.753648
3877.213388,1000,1338.869183
3884.684978,1000,1340.475129
3957.894707,1000,1343.512036
3920.168476,1000,1344.993498
2888.106768,741,1347.762109
3914.945343,1000,1349.357817
1743.251668,467,1350.120744
4040.595559,1000,1353.278379
3925.080991,1000,1354.882294
3948.966686,1000,1357.894401
1534.263533,425,1358.589197
1311.958187,370,1359.191658
2925.629325,746,1361.91802
3892.108945,1000,1363.523729
3328.548322,837,1364.881956
4037.180487,1000,1368.018486
3885.962645,965,1369.580724
466.811856,178,1371.540266
1115.930037,335,1372.04483
3977.089582,1000,1373.477907
3903.486362,1000,1376.381449
3970.346914,1000,1377.994264
1358.898727,357,1378.479963
3236.938854,819,1381.205813
2194.694891,561,1382.123277
3763.123791,924,1383.356295
4006.103536,1000,1386.284787
2074.815867,549,1387.111083
2002.84789,503,1387.926623
2361.166799,604,1390.305161
1324.145883,380,1390.796831
2410.064245,627,1391.565413
2136.062388,560,1393.790059
4026.977245,1000,1395.046039
4068.485325,1000,1396.380652
3996.459688,1000,1399.510197
3657.742809,931,1400.92507
4037.062995,1000,1404.172795
2683.25411,682,1405.275076
2077.390371,550,1407.345283
1618.274904,449,1408.076582
4032.839504,1000,1409.701426
3883.088186,1000,1412.739988
4009.250513,1000,1414.34962
4069.584752,1000,1417.371758
3993.157787,1000,1418.989609
795.770871,238,1419.375846
4023.483077,1000,1422.260589
4068.310456,1000,1423.618269
2546.458949,648,1426.111481
895.541202,262,1426.471811
402.609567,149,1426.682028
385.101944,148,1426.891651
4098.337578,1000,1428.398751
1844.138058,500,1430.287909
3254.077022,804,1431.366491
2993.917957,772,1432.32234
2587.190581,678,1434.748432
4015.45048,1000,1436.090137
841.510527,253,1436.474207
4079.110476,1000,1439.565276
2289.939853,604,1440.533272
1602.677868,442,1441.064073
1727.866791,457,1443.182812
3652.976742,889,1444.299382
2662.444451,669,1445.155114
3964.721975,1000,1448.103058
1111.22733,345,1448.570355
2132.681883,567,1449.338477
4111.746986,1000,1452.274044
2172.704193,566,1453.206352
2028.53055,525,1454.075562
2961.590994,736,1456.699272
1661.072416,435,1457.374867
4108.564916,1000,1458.943234
3956.585265,1000,1461.969162
1691.643819,456,1462.701151
3982.961318,1000,1465.522676
4028.139649,1000,1466.689688
3833.783498,947,1467.900179
4062.160242,1000,1470.997868
415.22166,158,1471.200933
1146.309951,335,1471.622763
4046.830034,1000,1474.377774
1760.984841,447,1474.963403
4042.088517,1000,1476.096645
3971.754392,1000,1478.928319
3983.883425,1000,1480.186686
4024.756395,1000,1482.89698
4040.740614,1000,1484.285657
4042.188345,1000,1487.48808
4107.872197,1000,1488.986635
2148.201427,563,1491.482711
3298.834823,807,1492.688205
3830.760446,939,1493.78053
2900.334802,732,1495.992602
4134.862156,1000,1497.42095
1953.821541,504,1499.813701
4094.965021,1000,1501.396948
1793.038424,484,1502.088911
4081.654659,1000,1504.949285
4001.261155,1000,1506.248862
1605.439424,425,1506.885858
554.952692,190,1508.775237
608.238321,198,1509.095076
1312.584518,352,1509.588788
4067.703339,1000,1511.178638
2766.013985,697,1513.855646
4102.550242,1000,1515.126507
2612.264287,648,1516.105712
4079.960975,1000,1519.140887
3020.293635,750,1520.142869
3155.876781,764,1522.787063
4146.409504,1000,1524.293929
1117.158002,315,1524.805506
4175.360058,1000,1527.942273
4084.870218,1000,1529.566266
3407.606621,830,1532.335721
2938.235517,730,1533.268375
786.890325,244,1533.607219
2897.087892,723,1536.355534
4091.809932,1000,1537.971175
1686.398842,450,1538.57827
4109.934996,1000,1541.251731
3733.44571,910,1542.237422
2880.666767,701,1543.167895
2650.201015,651,1545.716561
4077.502992,1000,1547.217644
4022.125942,1000,1550.001632
4064.137885,1000,1551.618953
1158.156191,340,1552.081255
580.175637,196,1553.603433
4145.035356,1000,1554.940689
4112.705305,1000,1557.912048
4140.25957,1000,1559.186714
4075.485598,982,1560.240129
4001.589122,1000,1562.932708
4123.306159,1000,1564.070442
168.431165,81,1564.155546
2452.352267,639,1566.55744
4053.673278,1000,1568.045332
2452.833323,620,1570.571918
4117.455768,1000,1572.030121
3695.708378,898,1574.874551
4113.492225,1000,1576.508062
2303.650037,594,1577.372322
1830.359174,484,1579.508408
4073.914682,1000,1580.73489
4087.436339,1000,1583.238093
3069.978168,765,1584.346249
4111.91966,1000,1585.952052
2486.119053,622,1588.454862
4065.182413,1000,1590.068867
4035.247192,1000,1593.256818
4074.307963,1000,1594.884257
4054.281216,1000,1597.675539
4101.859504,1000,1599.148041
3180.773158,797,1601.972038
4172.411086,1000,1603.266665
4114.219574,1000,1604.653662
373.014456,153,1606.295257
4179.416253,1000,1607.903629
4139.001766,1000,1610.942893
3925.204744,955,1612.171388
3281.957366,838,1613.096618
4118.382717,1000,1615.82853
4119.287473,1000,1617.350771
4133.252378,1000,1620.204355
4016.161107,1000,1621.488465
4137.024518,1000,1624.365418
4029.395801,1000,1625.963756
2207.593145,572,1628.478297
3277.00415,806,1629.524246
4074.958486,1000,1632.166242
2672.805991,678,1633.259815
4138.969345,1000,1634.696093
1609.068818,438,1636.705873
4193.636591,1000,1638.307487
4156.61017,1000,1641.14712
2020.232818,526,1641.784412
4211.68844,1000,1643.281135
1740.475852,469,1644.036977
1539.388228,414,1646.353169
4292.414602,1000,1647.818443
2094.021526,521,1648.656237
654.065328,211,1650.568883
4153.104613,1000,1652.17446
1626.631774,430,1652.862687
1378.491874,381,1653.408478
4184.962845,1000,1656.479453
4146.798958,1000,1657.749362
2420.655692,599,1660.128027
3583.073393,862,1661.249065
3826.423827,904,1664.131044
4178.149256,1000,1665.589499
2825.733936,691,1666.721828
2395.844314,617,1669.215272
4099.384585,1000,1670.843013
1541.367589,412,1671.417797
2508.786457,611,1673.885371
1544.40567,414,1674.556048
310.310988,123,1674.755705
4173.974491,1000,1676.276629
4105.039312,1000,1679.101476
4199.53923,1000,1680.649862
4086.385019,1000,1683.924904
4022.031967,1000,1685.307072
4171.924367,1000,1688.290462
4195.201361,1000,1689.549104
3843.858231,917,1692.329364
4243.229251,1000,1693.880723
4162.869344,1000,1696.94184
4162.613547,1000,1698.119846
4162.379255,1000,1700.954079
1282.027244,351,1701.515987
4139.709376,1000,1702.961057
651.182961,222,1704.66398
3651.489093,862,1705.814558
4125.817468,1000,1707.003092
2293.734144,569,1709.385673
3369.67294,830,1710.629856
4195.99942,1000,1713.617457
4159.369775,1000,1714.906812
1639.100143,418,1715.470806
4172.681786,1000,1718.218327
4232.634167,1000,1719.500169
1714.213287,431,1720.080373
4157.859288,1000,1723.266475
4206.345157,1000,1724.690112
1375.363255,388,1726.683089
4216.173089,1000,1727.917189
2611.748993,637,1728.828878
3268.764165,785,1731.578993
3578.759658,860,1732.77535
1142.43718,330,1733.320006
1580.904224,426,1735.364737
2109.740638,538,1736.101059
2097.960473,525,1736.806357
4255.40947,1000,1739.89664
3094.856624,760,1741.126812
4218.723533,1000,1742.449612
4207.040222,1000,1745.469238
4166.019454,1000,1746.654464
4144.134067,1000,1749.406142
4200.327283,1000,1751.020254
4211.251818,1000,1754.265522
4235.422421,1000,1755.893191
4196.576137,1000,1758.872191
2262.842341,563,1759.793634
317.343393,119,1759.989067
4209.930135,1000,1763.004818
4239.311029,1000,1764.255505
4215.870265,1000,1767.166354
339.027804,133,1767.380963
784.820259,226,1767.743657
4204.737004,1000,1769.320843
4233.471363,1000,1772.264472
3933.331969,921,1773.754441
4215.854879,1000,1776.968854
4215.680643,1000,1778.255288
4179.198961,1000,1781.185325
491.008094,188,1781.434724
4139.866227,1000,1783.071805
1730.322025,462,1785.432749
4220.929519,1000,1787.030762
2829.34512,692,1788.062001
4166.784634,1000,1791.019555
1032.558305,294,1791.418973
3679.879046,885,1792.617471
1109.024534,319,1794.847717
360.342149,138,1795.035754
1765.450293,459,1795.635979
4065.048877,1000,1797.11249
4269.808419,1000,1800.208955
368.653066,145,1800.405138
4254.113103,1000,1801.675265
4206.992189,1000,1804.427263
4192.109867,1000,1806.052398
4194.156781,1000,1808.898268
4177.635733,1000,1810.158707
1808.745141,476,1812.386102
4228.247031,1000,1814.002346
4329.277438,1000,1816.82757
4205.676904,1000,1818.45855
2811.500693,691,1819.5843
3342.715014,806,1822.288227
4216.166815,1000,1823.917381
555.850736,197,1824.239776
3969.927776,934,1827.324782
4254.194142,1000,1828.936903
4217.656759,1000,1831.739986
4251.905541,1000,1833.130341
4157.349582,1000,1836.129312
4209.927995,1000,1837.582286
4216.299927,1000,1840.548432
4225.270324,1000,1841.827732
604.165772,207,1842.096597
4214.919516,1000,1844.886004
1146.302773,324,1845.407076
4254.019707,1000,1847.878615
2330.754228,573,1848.630037
4206.553962,981,1849.858048
2153.807813,546,1852.141235
1662.380796,436,1852.676682
3166.17324,767,1853.642239
3046.067658,736,1854.56045
4147.017347,1000,1857.287329
4232.195629,1000,1858.366448
1513.202249,408,1860.332394
2317.132686,572,1861.212353
4254.287642,1000,1862.832397
1189.394906,342,1865.019698
836.323182,253,1865.431796
2859.49956,689,1866.476894
462.523755,176,1866.763441
3356.030279,790,1869.625342
1388.715574,376,1870.220628
1272.829466,362,1870.816022
4265.543582,1000,1872.150795
264.232793,115,1872.333081
4199.759153,1000,1875.410614
4247.4174,1000,1876.745653
792.924718,249,1878.67026
4139.319784,1000,1880.303543
4271.99583,1000,1883.387607
4232.714027,1000,1884.979312
2360.788458,578,1885.898085
2608.889028,638,1888.231053
453.76287,174,1888.469736
1856.836135,478,1889.094863
4155.553012,1000,1890.710248
1788.330051,467,1892.996572
4182.506913,1000,1894.227096
2795.309634,686,1895.178535
4085.459842,969,1898.340625
4159.765045,1000,1899.487828
2823.841871,716,1901.635994
3285.63644,780,1902.762167
4199.86083,1000,1905.871422
4207.71383,1000,1907.461439
2579.161886,616,1908.218261
4171.154588,1000,1911.038224
3890.335608,935,1912.13277
2043.125937,515,1914.507482
1802.645112,477,1915.129392
2056.550071,531,1915.722391
3850.429414,913,1918.665554
2160.296201,558,1919.351333
2114.233739,545,1920.065798
4203.987833,1000,1922.460257
4125.284235,987,1923.735297
4182.231052,1000,1926.280508
3500.35782,831,1927.144975
4185.123335,1000,1928.16534
4134.057619,1000,1930.654066
4182.891436,1000,1931.726812
4179.632112,1000,1934.454325
4184.06707,1000,1935.495443
4143.197107,1000,1937.842215
4178.755581,1000,1938.858418
4164.556325,1000,1940.924311
4135.502176,1000,1941.869292
4211.540535,1000,1944.322597
4135.838817,1000,1945.322685
4108.020984,1000,1947.610978
4185.381253,1000,1948.515396
2435.484428,609,1950.323143
4234.776261,1000,1951.262907
4257.040663,1000,1953.427737
2646.330459,655,1954.223469
4238.803871,1000,1955.196055
4227.71049,1000,1957.411651
4203.950824,1000,1958.632447
2726.379556,674,1960.358832
1526.315127,428,1960.753581
4206.377081,1000,1961.677758
4244.250717,1000,1963.625839
2532.129927,621,1964.381551
4298.56772,1000,1966.419279
4251.213966,1000,1967.375072
4248.505534,1000,1969.430929
1047.836224,303,1969.72765
4246.543846,1000,1970.667305
2092.810462,536,1972.050258
4174.080828,1000,1972.966241
3534.106059,838,1973.732487
4303.343569,1000,1975.53528
1892.401482,478,1975.972218
4039.582692,946,1977.713651
4281.313777,1000,1978.664048
2538.206624,603,1979.214522
4327.784932,1000,1981.162688
1289.519405,364,1981.608771
357.94115,137,1981.776865
1113.537948,312,1982.1566
4240.970951,1000,1984.144173
3052.087834,725,1984.806742
4249.89762,1000,1986.60159
2803.568904,686,1987.304366
1281.129032,354,1987.627532
4234.322189,1000,1989.438971
4256.373323,1000,1990.382407
4235.529174,1000,1992.192893
4162.792971,987,1993.094734
533.108674,175,1993.255483
4298.091138,1000,1995.048521
3338.73298,792,1995.772066
2600.067484,622,1996.340195
1224.111075,329,1997.518717
746.052263,240,1997.739226
375.026635,137,1997.864803
1868.837002,463,1998.288023
745.949983,221,1998.490404
2315.895937,570,1999.01818
4290.947129,1000,2000.89595
2369.004371,572,2001.419322
4216.727179,1000,2003.263698
4301.792287,1000,2004.193766
1845.316719,471,2004.625497
3637.912644,855,2006.437921
2089.172788,537,2006.945205
2026.097236,504,2007.486886
4303.374342,1000,2009.904738
1299.537426,362,2010.237583
742.257594,225,2010.444044
4282.552469,1000,2011.40587
943.486064,281,2013.015554
4251.293672,1000,2013.92069
297.874664,117,2014.027005
4294.157959,1000,2016.091433
4207.670524,1000,2017.033631
1060.158401,300,2017.305173
341.291143,137,2017.429544
1136.174561,313,2017.712663
4209.56127,1000,2019.75625
2579.817837,642,2020.33922
263.506715,107,2020.436623
1318.987317,356,2021.892911
2529.998168,617,2022.458452
755.778971,242,2022.694966
540.636071,187,2022.867728
1158.398946,324,2023.161703
3170.212372,758,2024.931457
579.928182,190,2025.104525
4179.396151,1000,2026.027027
4274.508079,1000,2028.051429
4233.005079,1000,2028.959397
2718.05466,661,2029.559238
4231.784536,1000,2031.53014
4294.922181,1000,2032.437407
4239.952654,1000,2034.474028
610.206199,197,2034.653005
4191.295215,1000,2035.561646
793.541917,241,2036.903158
4260.371676,1000,2037.816412
4194.755002,977,2039.839162
4245.017794,1000,2040.747988
4210.35654,1000,2042.805015
4263.982906,1000,2043.712189
4282.515901,1000,2045.683374
3977.441749,934,2046.531319
2251.458862,566,2047.045288
1584.87196,423,2047.43057
4311.111098,1000,2049.395821
2765.099473,671,2050.011594
4224.0757,1000,2052.055372
4182.445774,1000,2053.000409
4195.218403,1000,2055.174567
3914.741834,908,2056.012346
1885.783543,476,2056.444067
4190.300948,1000,2058.436523
1531.6462,408,2058.827168
4239.510505,1000,2060.864959
4206.964684,1000,2061.772228
4266.318686,1000,2063.860647
228.434691,109,2063.960487
2600.399221,627,2064.556308
4190.973193,1000,2065.476607
4243.314742,1000,2067.560734
4266.734991,1000,2068.478078
4206.445169,1000,2070.519207
906.239793,266,2070.760996
4238.397305,1000,2072.803427
1040.385623,285,2073.062564
3146.321684,746,2073.738304
303.016062,121,2073.848198
1047.758988,296,2074.11616
4283.527094,1000,2076.153083
4219.342006,1000,2077.0602
4222.628357,1000,2079.100708
4286.560955,1000,2080.007879
4321.388981,1000,2082.046045
1738.510888,450,2082.454501
4280.559821,1000,2083.361097
373.819708,138,2083.492048
4314.342007,1000,2085.694234
2802.306856,674,2086.308081
4220.748498,1000,2088.298312
716.848721,233,2088.509753
4241.602812,1000,2089.415878
4233.119662,989,2091.3976
1057.696462,302,2091.671088
3634.165342,862,2092.451409
288.159072,113,2092.554327
311.486831,128,2093.823765
2201.473038,548,2094.348238
4255.832045,1000,2095.27955
4250.558995,1000,2097.348189
4308.562805,1000,2098.27069
