# {"t_start": 1551811846.3531108, "env_id": "HalfCheetah-v2"} 
r,l,t
-800.962908,1000,1.338483
-721.649334,1000,2.599707
-617.728915,1000,5.545585
-732.119718,1000,6.91302
-675.697928,1000,9.890478
-798.221387,1000,11.167733
-710.227966,1000,13.88605
-784.798355,1000,14.985419
-694.665054,1000,17.843899
-610.193398,1000,19.03669
-584.964933,1000,21.875587
-586.707968,1000,23.116859
-543.310397,1000,26.015376
-624.229358,1000,27.154654
-610.011384,1000,30.146794
-506.945065,1000,31.426338
-478.703932,1000,34.346402
-582.943428,1000,35.497997
-605.389347,1000,38.162785
-581.1914,1000,39.507679
-446.474996,1000,42.358582
-622.187408,1000,43.747531
-467.33586,1000,46.554696
-551.498338,1000,47.675328
-552.357054,1000,50.5436
-519.838188,1000,51.659971
-357.424693,1000,54.286711
-577.155094,1000,55.427869
-443.355707,1000,58.031797
-417.165369,1000,59.166611
-446.577354,1000,61.616604
-315.867653,1000,62.713796
-303.908821,1000,65.470514
-372.1875,1000,66.699988
-658.756144,1000,69.427794
-392.962977,1000,70.653339
-276.245972,1000,73.546413
-542.044269,1000,74.861326
-333.148014,1000,77.702859
-325.300331,1000,78.839343
-441.683758,1000,81.595906
-250.198574,1000,82.713139
-256.459095,1000,84.038575
-202.076613,1000,86.865939
-376.056449,1000,88.101501
-331.405554,1000,90.562855
-334.142596,1000,91.736073
-274.647319,1000,94.61694
-517.890185,1000,95.939621
-217.781489,1000,98.819615
-535.572728,1000,100.137376
-134.285945,1000,102.906522
-229.246255,1000,104.152828
-603.197557,1000,106.762652
-101.885721,1000,107.936048
-443.939668,1000,110.740065
-10.160044,1000,112.033669
-368.005048,1000,114.788227
-6.535107,1000,115.999778
-325.953924,1000,118.872653
-429.467556,1000,119.978394
-20.966259,1000,122.523777
-105.982348,1000,123.670449
29.057938,1000,126.193256
-307.482054,1000,127.400897
-115.040643,1000,130.179993
-29.005042,1000,131.521466
-253.220861,1000,134.191841
-250.164382,1000,135.358724
-108.427931,1000,138.055688
-370.001436,1000,139.435896
-364.66258,1000,142.332419
-44.356401,1000,143.463167
-318.005975,1000,146.218859
-354.603782,1000,147.494855
149.674285,1000,150.398982
191.106936,1000,151.639617
-40.253484,1000,154.166718
32.798232,1000,155.293204
-331.237166,1000,157.996825
-16.051152,1000,159.288177
56.751047,1000,161.941094
-5.959826,1000,163.186737
-114.250348,1000,166.083371
168.613674,1000,167.051009
6.718225,1000,168.102351
-37.512147,1000,170.976967
-503.810878,1000,172.143402
-145.887268,1000,175.035167
-118.63851,1000,176.214586
-42.439114,1000,178.971588
-162.760613,1000,179.996402
-343.915986,1000,182.778601
101.843522,1000,183.849589
159.021183,1000,186.37574
487.287722,1000,187.746248
256.705853,1000,190.483478
345.444525,1000,191.627006
290.208595,1000,194.278613
-20.900489,1000,195.3954
244.109826,1000,198.12404
-349.971073,1000,199.469542
455.640077,1000,202.283347
223.056856,1000,203.370586
293.446922,1000,206.346321
381.349055,1000,207.692707
-120.396158,1000,210.484676
153.368775,1000,211.807584
-135.093917,1000,214.407894
339.509013,1000,215.418999
252.159574,1000,218.04667
326.687168,1000,219.106987
-396.662759,1000,221.849021
599.907059,1000,223.176833
345.200035,1000,226.00682
399.061605,1000,227.374308
613.626814,1000,229.785032
354.963013,1000,230.923329
588.546862,1000,233.429676
439.971816,1000,234.735979
361.544648,1000,237.702988
490.358096,1000,239.032869
-263.54601,1000,241.950615
272.259117,1000,243.261091
-186.944375,1000,245.793604
766.308296,1000,246.656952
-187.149387,1000,249.05632
-191.883249,1000,250.102651
-143.807585,1000,250.978309
-40.971005,1000,253.49428
566.085136,1000,254.802594
-277.478374,1000,257.683702
547.720015,1000,258.692561
551.889719,1000,261.466016
105.003021,1000,262.700807
821.500623,1000,265.519036
-256.609645,1000,266.767372
712.641511,1000,269.298017
-207.613579,1000,270.436627
-267.314626,1000,273.182959
649.640335,1000,274.467495
-133.279141,1000,277.126561
826.574514,1000,278.394721
769.620222,1000,281.177916
669.459873,1000,282.507374
-173.330198,1000,285.43258
612.879564,1000,286.790353
-179.63015,1000,289.671787
764.220204,1000,290.835863
789.158611,1000,293.481462
353.609032,1000,294.672293
883.59414,1000,297.535397
531.011553,1000,298.769807
805.228844,1000,301.268578
891.459074,1000,302.634834
309.363288,1000,305.40877
217.330438,1000,306.742174
-322.189177,1000,309.462817
658.637241,1000,310.558313
-20.580762,1000,313.193993
962.434028,1000,314.494835
736.528656,1000,317.428075
727.686948,1000,318.54669
-46.006477,1000,321.095498
871.385021,1000,322.213379
804.773025,1000,325.142776
670.102307,1000,326.482442
876.455105,1000,329.024532
108.859001,1000,330.399197
1063.043295,1000,333.13568
170.09317,1000,334.47431
257.758832,1000,335.813626
168.926218,1000,338.533887
83.41365,1000,339.621739
811.279792,1000,342.429435
-29.966173,1000,343.652933
648.615333,1000,346.063898
-88.688678,1000,347.148345
515.341527,1000,350.004379
1089.308187,1000,351.254191
-134.785736,1000,354.065177
-213.545646,1000,355.289684
604.909201,1000,357.872385
950.188834,1000,359.055684
1010.855069,1000,361.914966
-204.598622,1000,363.181941
1066.830434,1000,365.75286
826.721781,1000,366.91187
950.840469,1000,369.798815
780.114406,1000,371.149454
875.442788,1000,373.902123
1021.997863,1000,374.987731
-256.18174,1000,377.827492
955.103495,1000,379.172597
1077.283181,1000,381.777909
790.305735,1000,383.049943
1191.432755,1000,386.01748
1057.332163,1000,387.176114
1160.466708,1000,389.507718
1089.164793,1000,390.567066
1161.25525,1000,393.365576
69.266917,1000,394.436535
1198.684751,1000,397.210934
439.537153,1000,398.51277
-80.2294,1000,401.295654
1257.96136,1000,402.4209
250.846282,1000,405.331023
1219.711098,1000,406.659935
769.561674,1000,409.645017
1296.446561,1000,410.905321
1359.670926,1000,413.845028
1211.357576,1000,414.968812
1247.629097,1000,417.538136
1132.923701,1000,418.906175
1127.539699,1000,420.27312
474.51333,1000,423.129732
820.153632,1000,424.26635
1213.654534,1000,426.780226
197.935714,1000,427.863773
1267.241549,1000,430.690534
1004.225874,1000,431.859977
327.824085,1000,434.662233
1410.933349,1000,436.028294
1565.967814,1000,438.864727
1096.64375,1000,439.954996
141.925236,1000,442.184743
1449.697545,1000,443.283759
-149.975051,1000,445.999326
1158.138873,1000,447.275771
-23.948783,1000,450.185426
1119.03762,1000,451.285432
1478.437918,1000,454.254196
805.376378,1000,455.593534
1754.120884,1000,458.345671
1412.341664,1000,459.663763
296.243761,1000,462.477457
1718.363701,1000,463.620117
1367.404182,1000,465.818704
1253.633222,1000,467.154919
1807.391708,1000,470.142087
1471.656891,1000,471.476435
1773.168263,1000,474.301836
1599.604638,1000,475.430695
1627.858437,1000,478.162138
1611.70804,1000,479.211672
-52.711824,1000,481.821391
1572.640826,1000,483.107528
1492.973798,1000,485.912864
777.727264,1000,487.226579
1726.201308,1000,489.993356
943.529796,1000,491.21063
1488.984608,1000,494.087416
1600.288284,1000,495.386854
1677.034043,1000,497.945979
1623.289258,1000,499.16572
1282.550022,1000,500.282573
1722.165233,1000,502.973006
969.350932,1000,504.330141
1762.238929,1000,507.161073
1852.394261,1000,508.22692
1719.747641,1000,510.977305
1675.3262,1000,512.322546
1976.025967,1000,514.971804
-101.740466,1000,516.118622
1639.49022,1000,518.988658
1594.538355,1000,520.226419
1729.142189,1000,522.91493
1967.928575,1000,523.9833
1607.337229,1000,527.016125
674.03585,1000,528.23555
1540.870358,1000,530.957254
508.227624,1000,532.10791
1740.873621,1000,534.576885
1217.965153,1000,535.783084
1489.971244,1000,538.809883
654.135292,1000,539.933101
165.208807,1000,542.558146
1792.727159,1000,543.698976
1555.677677,1000,546.529689
1350.462625,1000,547.860493
1627.795934,1000,550.581486
1987.628442,1000,551.461274
1827.182288,1000,554.108252
913.032921,1000,555.399566
1991.329311,1000,558.076221
2120.544495,1000,559.418822
830.613867,1000,562.307877
587.047453,1000,563.464775
1755.619271,1000,566.460388
2022.333086,1000,567.798061
1134.594935,1000,570.650453
1868.688661,1000,571.87085
1738.167417,1000,574.18321
1762.737869,1000,575.282215
2007.936406,1000,577.817718
1661.473745,1000,578.987305
1621.438416,1000,581.902393
1643.723933,1000,583.265436
965.932632,1000,584.60352
1858.117414,1000,587.082722
2009.138935,1000,587.990444
2057.90105,1000,590.549345
2174.259203,1000,591.67324
1907.726004,1000,594.254061
2009.861116,1000,595.266969
1805.247541,1000,597.788199
2314.678844,1000,599.156889
1742.127554,1000,601.949732
2077.807779,1000,603.325708
2057.807364,1000,606.166564
1412.045953,1000,607.50955
1894.52098,1000,610.275517
2325.668582,1000,611.329578
2018.394821,1000,614.013713
2152.439734,1000,615.229304
2189.313812,1000,617.520283
222.895246,1000,618.719716
283.133745,1000,621.508607
2304.923304,1000,622.637165
1941.03645,1000,625.148851
2285.617177,1000,626.426581
2320.846692,1000,629.385444
2476.7951,1000,630.773073
1993.404201,1000,633.484236
103.621382,1000,634.770471
2122.741471,1000,637.524676
2383.476212,1000,638.646103
2241.749903,1000,641.36182
1949.863606,1000,642.587866
2234.195285,1000,645.49717
2144.345016,1000,646.726495
2029.373152,1000,649.643432
1692.179501,1000,650.906656
2284.561577,1000,653.803691
2545.535769,1000,655.15399
372.511368,1000,657.626272
2208.579916,1000,658.682708
2510.289234,1000,661.069685
2183.126175,1000,662.455522
1995.840134,1000,665.268933
2335.130948,1000,666.534174
2817.473871,1000,667.61667
2450.351365,1000,670.370367
2586.867368,1000,671.59461
1968.536016,1000,674.393011
2426.011582,1000,675.49003
2549.996448,1000,678.076693
2229.039421,1000,679.079977
2127.616562,1000,681.812344
2177.938417,1000,683.001066
1972.287557,1000,685.70621
1117.844613,1000,687.036898
2422.232595,1000,689.71726
553.291232,1000,690.855754
2696.163289,1000,693.464866
1192.681661,1000,694.634248
2211.637575,1000,697.249203
2205.32387,1000,698.536561
2457.225485,1000,701.396676
2649.52166,1000,702.725541
2477.14638,1000,705.737745
2189.398888,1000,707.024309
2091.669528,1000,709.826016
2443.160549,1000,710.978918
2407.122849,1000,713.786459
2437.890926,1000,715.028766
760.400901,1000,717.848508
583.602677,1000,719.029424
2417.741082,1000,721.95279
2699.854343,1000,723.199778
1816.266791,1000,726.078611
2659.201135,1000,727.190266
2123.456636,1000,730.00452
2306.570964,1000,731.140225
2262.882732,1000,734.068932
2604.763579,1000,735.433729
2639.295724,1000,738.113103
2702.181643,1000,739.332666
1860.718349,1000,741.631612
2419.008196,1000,742.727255
919.659869,1000,745.321415
2644.03264,1000,746.535544
2491.033271,1000,749.300997
2400.165052,1000,750.224371
2693.370677,1000,751.33268
2639.731823,1000,754.170182
2532.196834,1000,755.472005
2307.960734,1000,758.231392
2779.776608,1000,759.551975
2311.75792,1000,762.197048
2492.512547,1000,763.349232
2544.482619,1000,766.299717
2557.449901,1000,767.659097
2626.453703,1000,770.494699
2555.646932,1000,771.80154
2511.198751,1000,774.545303
1951.441112,1000,775.909978
2409.939155,1000,778.706108
2837.401378,1000,780.082883
2835.81806,1000,782.906661
2708.220695,1000,783.968779
2517.068124,1000,786.63801
2644.248715,1000,787.732903
2298.67312,1000,790.265339
2513.460782,1000,791.321829
2551.825799,1000,794.195855
2656.980592,1000,795.523289
2783.290145,1000,798.422242
284.653508,1000,799.531955
2378.043678,1000,802.407753
2704.259145,1000,803.614286
2905.938805,1000,805.915372
2696.456121,1000,807.089839
579.398317,1000,810.046858
638.715883,1000,811.333448
2609.210575,1000,813.915548
2444.798246,1000,814.962005
2867.285509,1000,817.420061
2447.555118,1000,818.611431
751.990786,1000,821.556556
1414.655191,1000,822.931839
2702.249684,1000,825.878149
2711.449117,1000,827.205693
2766.17945,1000,829.762555
2587.531614,1000,830.848577
3231.166336,1000,833.290273
2530.023152,1000,834.504441
3069.971245,1000,835.830382
2813.872209,1000,838.377322
2476.338696,1000,839.496107
2866.456421,1000,842.221027
2698.404763,1000,843.566811
2360.858667,1000,846.28419
2473.095939,1000,847.55189
2799.38423,1000,850.336635
27.451075,1000,851.556284
2621.176294,1000,854.227951
2639.727551,1000,855.268671
3025.563513,1000,858.064973
2695.26262,1000,859.415658
2757.04399,1000,862.178532
2948.324382,1000,863.55448
2966.57298,1000,866.404696
2828.413935,1000,867.385219
2866.711222,1000,870.119281
2671.528809,1000,871.346189
2019.869995,1000,873.900073
2691.357563,1000,875.207714
2857.511895,1000,877.951439
2918.257848,1000,879.021955
2450.61883,1000,881.765222
963.895674,1000,883.139166
3193.038476,1000,885.802379
3201.725087,1000,886.897362
2771.400335,1000,889.50277
567.499878,1000,890.788539
2868.111798,1000,893.542703
2572.786425,1000,894.844235
2923.847679,1000,897.794201
2668.998237,1000,899.116096
3435.057541,1000,901.637772
2017.131104,1000,902.740121
3229.305787,1000,905.437034
2947.647733,1000,906.555494
3076.025503,1000,909.143061
2976.151626,1000,910.405227
699.569649,1000,913.013921
2830.460071,1000,914.114601
3146.923825,1000,916.685024
3333.841417,1000,917.813028
2820.513707,1000,918.90424
3139.996377,1000,921.495371
2959.374743,1000,922.620785
3298.468742,1000,925.113101
2230.307438,1000,926.35171
2899.919076,1000,928.619847
1973.435708,1000,929.778308
2944.664835,1000,932.506103
3362.391119,1000,933.544017
3099.046074,1000,936.427963
3041.985085,1000,937.496758
3075.313562,1000,940.301461
3035.29752,1000,941.313828
2872.202476,1000,943.931172
3289.937075,1000,945.045414
3172.636291,1000,947.544263
3034.966252,1000,948.660101
3206.911916,1000,951.050065
3132.852124,1000,952.085001
2930.932901,1000,954.6607
3289.643363,1000,955.672164
2796.190318,1000,958.08205
3023.133274,1000,959.103519
3542.785535,1000,961.938601
3436.80209,1000,963.284564
3093.70044,1000,966.037167
2994.834228,1000,967.119937
3193.288964,1000,969.962569
2938.252747,1000,971.071268
3228.834102,1000,973.731974
2919.789516,1000,975.043061
2937.790073,1000,977.903263
2797.957071,1000,979.218004
3223.430385,1000,982.123118
2827.429137,1000,983.477473
3334.345006,1000,986.05887
3237.384392,1000,987.315816
2894.152002,1000,990.099442
3188.863777,1000,991.460502
2918.297545,1000,994.386888
3227.421321,1000,995.643606
3224.06149,1000,996.767899
3253.76291,1000,999.577496
3119.821681,1000,1000.909053
3167.033478,1000,1003.756498
2698.454387,1000,1005.084907
3279.944248,1000,1007.804733
3223.006153,1000,1008.889767
3037.041416,1000,1011.400536
3262.763913,1000,1012.502348
3219.824228,1000,1015.332658
3098.968919,1000,1016.584285
3177.665242,1000,1019.423766
3365.390084,1000,1020.706907
3055.871695,1000,1023.560415
3432.969114,1000,1024.835854
3174.519527,1000,1027.627263
3585.438991,1000,1028.942595
2997.987983,1000,1031.554224
3011.08735,1000,1032.691788
3184.723773,1000,1035.591747
3150.824726,1000,1036.777612
3203.178422,1000,1039.284838
2999.259314,1000,1040.657614
3181.877256,1000,1043.510552
3555.332359,1000,1044.60455
2978.737986,1000,1047.039596
3440.315721,1000,1048.384193
2885.382763,1000,1051.09666
3109.312795,1000,1052.353809
3169.952428,1000,1055.294824
3339.458556,1000,1056.305423
3218.171375,1000,1058.997036
-217.916022,1000,1060.346802
3347.174715,1000,1063.123484
3221.762138,1000,1064.480417
3039.575264,1000,1067.131819
3265.625151,1000,1068.245336
3367.832772,1000,1070.895332
3307.106552,1000,1072.229974
3251.908191,1000,1075.164047
1111.234742,1000,1076.322268
3120.436677,1000,1079.11429
3211.823721,1000,1080.432241
3357.998584,1000,1081.632464
3574.283211,1000,1084.244611
3324.405328,1000,1085.454195
1938.753989,1000,1088.114271
3586.431834,1000,1089.182625
3331.820515,1000,1091.944035
3501.079046,1000,1093.068115
3304.605211,1000,1095.917695
2954.351307,1000,1097.26346
3339.879544,1000,1100.081652
3343.397645,1000,1101.185551
3319.515544,1000,1103.943902
939.212221,1000,1105.049733
884.022849,1000,1107.675906
3454.502009,1000,1108.982506
3542.429384,1000,1111.834969
3071.102562,1000,1113.158688
3302.037484,1000,1115.907306
3075.920847,1000,1116.909232
3295.504197,1000,1119.313383
3270.384719,1000,1120.419923
968.694805,1000,1123.167001
-292.832524,1000,1124.353443
2859.30662,1000,1127.074338
2876.507501,1000,1128.411231
3306.326197,1000,1131.164421
4002.065357,1000,1132.081028
3485.419201,1000,1134.489703
3575.909967,1000,1135.522538
3353.642485,1000,1138.346522
3700.507725,1000,1139.476926
3458.692741,1000,1142.374187
2989.43291,1000,1143.68716
3352.306866,1000,1146.308579
3247.016804,1000,1147.432259
3619.43481,1000,1150.118277
3605.738518,1000,1151.238787
3650.959404,1000,1153.851093
3629.8853,1000,1155.01414
3544.408774,1000,1157.544673
3081.851967,1000,1158.863173
3372.506541,1000,1161.673595
3199.055335,1000,1162.838606
3359.193074,1000,1164.178198
3115.904251,1000,1167.007358
3951.641136,1000,1168.357746
3219.794514,1000,1171.001721
3080.555278,1000,1172.367729
3537.977868,1000,1175.193184
3715.154764,1000,1176.529798
3600.205007,1000,1179.461644
2546.844154,1000,1180.716875
3560.428117,1000,1183.340349
3242.973,1000,1184.389409
3474.439556,1000,1187.018462
3507.014813,1000,1188.179594
4015.575824,1000,1191.007089
833.488256,1000,1192.137873
3080.451082,1000,1194.92781
3171.506303,1000,1196.233707
3168.766279,1000,1198.667772
3561.37494,1000,1199.877752
3648.043507,1000,1202.722403
3184.99319,1000,1203.810817
3511.016352,1000,1206.632702
3117.062289,1000,1207.850298
3730.335565,1000,1210.824312
3776.010069,1000,1212.2083
3604.581891,1000,1214.635531
3836.470633,1000,1215.568046
3793.404556,1000,1218.345693
3907.290988,1000,1219.709368
3829.015722,1000,1222.674795
3703.571668,1000,1224.037881
3865.488098,1000,1226.710864
3390.819023,1000,1228.082825
3239.587255,1000,1230.636832
3890.878443,1000,1231.689519
3823.518153,1000,1234.3937
3678.592947,1000,1235.670954
2615.394698,1000,1238.568851
3844.356408,1000,1239.845056
3747.575585,1000,1242.231403
3750.687092,1000,1243.5569
3255.777338,1000,1245.972637
3553.42266,1000,1247.128918
3545.354147,1000,1248.140424
3445.08787,1000,1250.747678
3702.004873,1000,1251.844802
3760.234054,1000,1254.693654
3906.874437,1000,1256.003574
3276.24967,1000,1258.689829
3428.753941,1000,1259.792345
3396.972389,1000,1262.686854
3416.225034,1000,1263.818619
3332.335676,1000,1266.533605
3473.361111,1000,1267.780743
3650.046415,1000,1270.699124
3474.820783,1000,1271.796358
4011.440634,1000,1274.388298
3920.625057,1000,1275.504457
3941.962721,1000,1278.091179
3727.454494,1000,1279.448111
3746.202648,1000,1282.104741
3142.55314,1000,1283.233198
3827.156855,1000,1285.805118
3441.691067,1000,1286.908884
3583.132319,1000,1289.635784
3341.12644,1000,1290.954872
3620.557849,1000,1293.629511
3631.808327,1000,1294.712304
1006.381063,1000,1297.111394
4169.927496,1000,1298.470552
3878.059761,1000,1301.230839
3841.777372,1000,1302.596861
3663.047689,1000,1305.378863
3768.011308,1000,1306.741312
3782.846983,1000,1309.588313
3272.751568,1000,1310.927053
3367.01958,1000,1313.813787
3721.679963,1000,1314.94991
3716.609588,1000,1317.629581
3517.317148,1000,1319.005116
3659.841406,1000,1321.941001
3482.926935,1000,1323.271253
3832.708889,1000,1325.898339
235.445844,1000,1326.968534
987.227276,1000,1329.948847
3744.384155,1000,1331.014592
3438.948238,1000,1332.127261
3828.370669,1000,1335.220116
3763.718807,1000,1336.346427
3381.791342,1000,1339.069681
4064.53543,1000,1340.198963
3543.666881,1000,1342.938945
3482.35176,1000,1344.300587
-332.870522,1000,1347.155785
3559.511285,1000,1348.207255
3709.094058,1000,1350.776882
3527.2234,1000,1351.970526
3324.695509,1000,1354.749252
4306.466182,1000,1355.847492
3613.888692,1000,1358.313479
3884.066671,1000,1359.452901
3670.483859,1000,1362.188144
3668.312111,1000,1363.286495
3785.093176,1000,1365.970824
3634.791921,1000,1367.320789
3710.816474,1000,1369.989975
3329.299292,1000,1371.090648
3756.647519,1000,1374.052908
3918.218323,1000,1375.431395
3839.800142,1000,1378.086994
3462.803249,1000,1379.183309
3493.978862,1000,1381.934869
2998.312782,1000,1383.192436
3703.616135,1000,1386.208397
3793.184206,1000,1387.568316
3562.872087,1000,1390.370566
3482.701797,1000,1391.489093
3526.939834,1000,1394.316813
1127.141555,1000,1395.696357
3859.866916,1000,1398.488416
4125.50282,1000,1399.6044
3975.96126,1000,1402.416642
3990.130205,1000,1403.705196
3339.642551,1000,1406.629079
3055.801075,1000,1407.582008
3224.565904,1000,1410.174602
4114.188564,1000,1411.527895
3744.928135,1000,1414.420753
3592.271077,1000,1415.792594
3578.605308,1000,1417.08603
3498.007995,1000,1419.641849
3823.24569,1000,1420.728446
4246.347114,1000,1423.630393
3702.638057,1000,1424.883058
4140.903712,1000,1427.789775
3838.061786,1000,1428.962664
3571.785598,1000,1431.727375
3460.732524,1000,1433.075829
3757.245401,1000,1435.977818
3657.755568,1000,1437.104119
4347.988605,1000,1439.883829
3988.686252,1000,1441.207284
4366.000397,1000,1444.153491
3317.300343,1000,1445.430036
3758.882317,1000,1448.205434
3476.117811,1000,1449.2345
4225.630105,1000,1451.800853
3879.672374,1000,1452.877548
3794.61482,1000,1455.362331
3821.340413,1000,1456.696932
4015.311023,1000,1459.470362
4122.720739,1000,1460.564654
3887.989299,1000,1462.924309
3645.17299,1000,1464.080508
3593.039088,1000,1466.84134
4050.702006,1000,1468.06251
3790.167223,1000,1470.992522
3832.123535,1000,1472.326355
3689.285519,1000,1474.983762
3909.75466,1000,1476.344791
4003.402045,1000,1479.215251
3633.584639,1000,1480.445491
4067.87361,1000,1483.25212
4192.542111,1000,1484.263799
3977.498503,1000,1486.852643
3816.161345,1000,1487.874605
3787.829785,1000,1490.652495
3579.607961,1000,1492.008341
386.686791,1000,1494.611002
3954.013826,1000,1495.518336
4144.258642,1000,1496.517571
3938.539926,1000,1499.347021
3503.234793,1000,1500.706963
3788.460257,1000,1503.668524
1127.954503,1000,1504.850259
4077.842169,1000,1507.509845
4310.390804,1000,1508.564371
3920.022375,1000,1511.298357
3880.791156,1000,1512.402041
4044.28658,1000,1515.19805
4120.09615,1000,1516.542085
4061.492748,1000,1519.433922
3659.978827,1000,1520.580447
3793.657145,1000,1523.460953
4141.140952,1000,1524.531214
3586.841269,1000,1527.478719
3941.109078,1000,1528.684164
3875.112306,1000,1531.464434
3799.438974,1000,1532.817745
1291.597916,1000,1535.659981
4369.682018,1000,1536.882431
4090.10559,1000,1539.278043
3702.056116,1000,1540.333121
4326.273617,1000,1542.953099
4155.030434,1000,1544.304665
4129.007412,1000,1547.213983
3553.055507,1000,1548.548538
3356.064234,1000,1551.354626
4192.460039,1000,1552.552158
3886.237659,1000,1555.455919
3164.912075,1000,1556.729843
2084.441482,1000,1559.757138
4027.45542,1000,1560.919029
4495.119233,1000,1563.591022
4018.060271,1000,1564.824704
3958.616988,1000,1567.744002
613.480849,1000,1569.074196
4093.727813,1000,1572.026792
4312.463597,1000,1573.280726
4125.639372,1000,1575.876208
3995.534209,1000,1577.134409
-336.566118,1000,1580.026881
4335.040949,1000,1581.165124
3941.068118,1000,1582.35148
3884.289214,1000,1585.104354
3624.203825,1000,1586.218279
3844.49845,1000,1588.874758
3564.702724,1000,1589.86419
4149.928269,1000,1592.324171
4309.513661,1000,1593.419814
3976.621458,1000,1596.248887
3955.602419,1000,1597.579542
3549.306428,1000,1600.165014
4559.31583,1000,1601.228898
3404.686089,1000,1603.816479
3921.39803,1000,1604.885396
3855.703209,1000,1607.678032
3904.163415,1000,1608.759265
3523.837634,1000,1611.097826
3245.320681,1000,1612.448761
3901.621519,1000,1615.237086
3582.012424,1000,1616.333371
4009.584627,1000,1618.877743
3908.295333,1000,1620.088372
3640.503688,1000,1623.096869
3930.51057,1000,1624.445671
3747.362119,1000,1627.023748
511.149939,1000,1628.301709
422.205286,1000,1631.397432
3945.900376,1000,1632.725465
3675.40054,1000,1635.740953
4107.89505,1000,1637.082716
3652.130025,1000,1639.735865
670.707223,1000,1640.8651
3796.146501,1000,1643.720792
3352.183746,1000,1645.045043
3287.215802,1000,1647.642831
3993.196645,1000,1648.76486
3888.819477,1000,1651.492378
4180.580765,1000,1652.63879
4214.427193,1000,1655.522263
3800.203568,1000,1656.641549
3673.949932,1000,1659.203064
4236.643917,1000,1660.42366
3912.628395,1000,1663.09754
4166.794401,1000,1664.195213
4230.753113,1000,1665.522946
3457.240223,1000,1668.48295
4085.844921,1000,1669.815191
3465.873841,1000,1672.637405
4233.885453,1000,1673.965574
4105.88443,1000,1676.77423
4362.700876,1000,1677.911056
3676.156982,1000,1680.744291
4080.971553,1000,1682.072218
3897.749894,1000,1685.056944
4416.934652,1000,1686.21671
4592.005415,1000,1689.014627
4240.239803,1000,1690.37767
3794.65393,1000,1693.063038
3612.37357,1000,1694.232486
3690.967192,1000,1697.060785
3402.258221,1000,1698.291472
4049.818663,1000,1701.148812
4487.29109,1000,1702.339595
3880.67662,1000,1705.119709
4140.573005,1000,1706.299614
3840.538001,1000,1709.244829
4293.104835,1000,1710.57123
3295.124446,1000,1713.423239
4110.672314,1000,1714.759147
4079.924766,1000,1717.606714
3639.950435,1000,1718.729636
3889.420783,1000,1721.421106
4036.880436,1000,1722.667678
3629.873694,1000,1725.5668
3968.968405,1000,1726.931597
3832.84094,1000,1729.812075
3835.014541,1000,1731.092585
4117.932137,1000,1733.980778
3841.124408,1000,1735.300352
3369.765355,1000,1738.08717
4310.816166,1000,1739.217823
4457.596797,1000,1742.054806
4329.55266,1000,1743.382658
4106.877196,1000,1746.226862
3780.348104,1000,1747.439736
4264.40961,1000,1749.780896
3925.570577,1000,1750.853892
3742.906344,1000,1751.768865
3875.417174,1000,1754.414881
968.46555,1000,1755.566522
3802.587978,1000,1758.220083
3859.755389,1000,1759.485
3501.782909,1000,1762.148633
3960.597415,1000,1763.24157
3502.4394,1000,1765.785688
4239.065456,1000,1767.027909
4530.80163,1000,1769.648291
3868.314082,1000,1770.732579
4389.295308,1000,1773.491023
3945.456531,1000,1774.371746
4341.912661,1000,1776.806541
4488.399878,1000,1777.842678
4225.265211,1000,1780.500493
4026.397178,1000,1781.628599
-441.573284,1000,1784.237737
3934.69855,1000,1785.344353
4081.124691,1000,1788.182623
3558.398878,1000,1789.381984
3674.415907,1000,1792.062283
4063.611554,1000,1793.179708
4270.119082,1000,1796.176715
528.183051,1000,1797.532083
4441.592539,1000,1800.293087
4000.100373,1000,1801.306242
4143.891154,1000,1804.206326
4064.438386,1000,1805.54578
3629.762124,1000,1808.38605
4069.164751,1000,1809.555475
4452.281883,1000,1812.267589
3936.989218,1000,1813.616365
4114.987923,1000,1816.524358
4088.252068,1000,1817.760976
3804.345263,1000,1820.429918
4116.141077,1000,1821.529817
4317.254615,1000,1824.352074
3911.352364,1000,1825.482938
4398.424728,1000,1828.440606
4464.745238,1000,1829.548811
3967.275369,1000,1832.441347
4154.277538,1000,1833.563631
3990.774449,1000,1834.611781
3755.405546,1000,1837.349055
3731.575135,1000,1838.483961
4087.951086,1000,1841.256795
3685.562809,1000,1842.601272
3993.127935,1000,1845.480151
4127.772713,1000,1846.809401
4905.231119,1000,1849.707937
4353.616178,1000,1851.060882
4138.056523,1000,1853.665552
2002.614749,1000,1854.696434
4189.478357,1000,1857.568068
4111.667352,1000,1858.872543
4285.855315,1000,1861.691508
4193.30327,1000,1862.989091
4200.596345,1000,1865.807858
3555.136311,1000,1866.860352
4177.187042,1000,1869.374905
3798.624558,1000,1870.452225
4498.938069,1000,1873.102039
4019.645879,1000,1874.43833
3990.722124,1000,1877.196383
3802.506703,1000,1878.557696
3820.309924,1000,1881.445833
4270.510849,1000,1882.75821
4000.994583,1000,1885.453387
4115.034772,1000,1886.756009
4029.150298,1000,1889.474458
3834.797975,1000,1890.718258
4376.503972,1000,1893.304009
3988.23766,1000,1894.267196
3684.420358,1000,1896.962733
3736.990382,1000,1898.099436
3800.262175,1000,1900.640827
3805.526403,1000,1901.999012
4234.236998,1000,1904.844544
4030.975623,1000,1906.218094
4310.645917,1000,1908.909975
-425.623578,1000,1910.033146
3983.168841,1000,1912.846207
4188.335751,1000,1913.82657
3869.37791,1000,1916.326301
3971.968068,1000,1917.520163
3885.847908,1000,1918.622618
3937.868265,1000,1921.231104
3914.770721,1000,1922.031619
3790.59374,1000,1924.438633
4270.459532,1000,1925.249797
3538.364437,1000,1927.801372
4230.815282,1000,1928.945839
4530.672938,1000,1931.478244
4364.263383,1000,1932.414314
4145.666726,1000,1934.425949
3931.026483,1000,1935.226715
4003.805701,1000,1937.483694
3707.302609,1000,1938.441412
4272.225773,1000,1940.606106
4430.524905,1000,1941.372773
4668.690198,1000,1943.275615
3982.177704,1000,1944.040546
