# {"t_start": 1551815722.1914358, "env_id": "Walker2d-v2"} 
r,l,t
5.638006,31,0.048527
-2.603157,13,0.064901
13.465526,33,0.105546
-5.969936,8,0.116993
-3.87484,20,0.148165
-5.412062,13,0.168948
-6.129605,11,0.187014
-4.262428,12,0.206888
5.234633,28,0.251953
-4.07615,13,0.27357
-3.157106,26,0.315522
-6.815259,12,0.335609
0.873032,14,0.358428
10.614104,25,0.398549
-0.738248,14,0.421474
-3.618672,13,0.442881
-2.354725,14,0.46522
-3.243674,10,0.481661
-5.289918,10,0.498177
-1.946019,21,0.532647
-1.897583,10,0.549278
-8.158041,15,0.573529
5.236121,35,0.630591
0.585237,17,0.658435
-2.488,22,0.694497
-5.931732,9,0.709955
4.402652,33,0.763518
-1.361198,14,0.786703
1.840582,35,0.843384
-2.324545,12,0.863309
-3.037922,12,0.883216
-4.406258,12,0.903085
1.036555,18,0.932395
-3.947436,13,0.953871
-2.46984,9,0.968528
-10.178642,17,0.996009
-0.680172,24,1.035271
-1.044094,18,1.065291
2.48031,28,1.110505
0.646118,16,1.137115
-5.518945,9,1.152227
-1.278129,32,1.208625
-1.902293,12,1.22893
-6.521996,8,1.242254
-0.980396,20,1.274793
-9.400554,12,1.294135
2.053411,15,1.318959
11.68389,33,1.372547
5.224772,27,1.415801
6.277392,32,1.46804
-3.101187,19,1.498812
-7.753851,12,1.51866
-10.013499,21,1.55234
-13.858254,16,1.578014
-0.451769,15,1.602362
12.96627,28,1.647631
15.366297,45,1.720036
6.966849,30,1.768872
1.897043,25,1.809398
0.672388,18,1.838543
-4.793824,20,1.871087
29.756178,48,1.948008
-5.484852,30,1.997139
-3.482724,11,2.0155
5.34035,16,2.041993
-8.73137,18,2.071106
-8.818519,23,2.108158
-6.531155,22,2.143918
-3.777367,10,2.160442
-5.513265,9,2.175674
1.953381,35,2.232238
-11.126741,23,2.269462
-0.497066,21,2.303246
-4.60046,21,2.337209
-3.664648,13,2.358468
-3.032031,17,2.386411
8.364424,34,2.44064
10.207661,25,2.481297
-3.825535,15,2.505722
-2.593513,30,2.549628
10.504861,23,2.580743
6.621724,31,2.624485
-0.988221,11,2.640069
7.920259,35,2.689621
-4.428551,12,2.707011
-4.278981,9,2.720189
-3.110936,13,2.736875
-0.532526,16,2.754929
-3.544117,13,2.770705
10.439939,40,2.827214
0.319198,16,2.853255
-5.566237,19,2.885327
3.987815,29,2.932794
-1.590603,15,2.958074
-2.994026,9,2.973123
-2.149258,12,2.993189
16.047017,29,3.041511
-6.476365,8,3.055244
0.091615,26,3.098381
-5.362916,11,3.116926
-0.236332,13,3.138639
-6.359796,27,3.18345
-6.147361,25,3.226836
7.226349,35,4.934599
9.086905,47,5.011689
2.173381,15,5.036551
-7.207397,17,5.065256
3.610411,47,5.143555
4.883224,19,5.174846
17.295712,42,5.243056
8.246632,21,5.278007
-2.496841,14,5.301632
-0.733421,18,5.331109
9.309333,31,5.381759
-1.824263,14,5.405384
-6.89048,11,5.423749
-4.254911,24,5.463187
3.617815,13,5.484862
-2.343581,26,5.527734
-2.829169,15,5.549507
-2.886263,12,5.566338
-4.77391,16,5.589041
-0.833634,17,5.61312
-3.320813,12,5.630713
-4.447687,15,5.65163
9.031977,30,5.693511
34.083664,49,5.766221
-1.883186,9,5.781551
-0.158308,13,5.802076
-5.173722,8,5.81611
-4.19404,19,5.84792
-2.574853,9,5.862523
-5.431515,21,5.897054
-1.381222,11,5.91558
-9.982396,16,5.941588
-1.924722,22,5.977671
-3.844312,11,5.996332
5.394454,20,6.030075
3.334835,27,6.074242
-3.872117,10,6.090861
5.070088,26,6.132651
9.10927,23,6.170816
4.575588,20,6.204261
7.980404,27,6.248821
-3.846056,16,6.275385
-4.182158,8,6.289325
-0.511361,32,6.341469
-0.228773,16,6.368106
0.798722,17,6.395288
3.379963,23,6.434266
-4.284422,13,6.455986
-1.71688,12,6.475891
12.923339,36,6.534909
-6.371797,10,6.552282
-4.361519,14,6.575716
-6.572629,12,6.595966
0.602629,23,6.633955
-4.962309,12,6.653667
-1.185209,29,6.700903
-3.060314,21,6.734841
-7.504704,16,6.761928
4.907678,33,6.815937
-2.330574,11,6.834451
6.421473,28,6.880078
3.314756,19,6.910838
-5.573916,26,6.953056
-1.480909,29,7.001168
-3.556023,13,7.023402
-4.166203,11,7.042115
15.747014,34,7.098149
2.760187,22,7.134814
7.803092,34,7.19037
-2.917488,10,7.207422
3.367197,19,7.239338
-5.775748,13,7.261398
11.733759,47,7.338594
-2.612623,10,7.356097
-0.617645,21,7.390815
8.959505,33,7.44577
-4.898223,9,7.460694
12.563473,47,7.536275
-5.816832,12,7.55607
-0.644892,26,7.598692
0.754372,17,7.627208
-1.467722,15,7.651968
1.073689,12,7.672394
-0.424591,12,7.69319
1.682741,19,7.724387
-3.889479,26,7.767476
64.698007,84,7.880638
-5.762773,22,7.911449
-5.267581,9,7.924005
5.211064,21,7.954781
12.299967,27,7.993101
10.276384,23,8.024184
4.844677,30,8.065096
2.097861,17,8.089634
-3.288767,23,8.120418
5.892928,38,8.176061
-2.663959,20,9.775189
-5.192884,14,9.800222
-3.773582,9,9.815536
2.775268,40,9.881253
12.65783,32,9.933726
3.284601,18,9.964006
20.488835,39,10.027522
0.41134,19,10.059178
-1.837361,18,10.089355
29.200542,66,10.196382
18.369261,51,10.27985
0.226704,19,10.31111
-5.387327,24,10.350221
-4.193251,22,10.386652
6.818064,29,10.434728
1.194147,46,10.510425
-1.363319,27,10.554812
9.116814,36,10.614598
-10.663367,18,10.644009
-2.449387,14,10.667599
-4.410717,10,10.684864
-0.294183,36,10.744567
-2.573478,17,10.772371
6.136758,20,10.805449
-3.867572,10,10.822409
4.766232,23,10.860196
9.372926,50,10.941875
-0.01005,12,10.962603
-4.403812,10,10.979697
-1.336682,9,10.994791
-2.818886,13,11.016353
-3.223976,11,11.035083
0.33109,15,11.059866
8.475139,27,11.104315
-0.007684,23,11.142606
41.236044,60,11.24022
-4.106478,14,11.263865
1.975179,34,11.318436
1.705654,12,11.33665
-2.535475,23,11.366829
19.641969,41,11.419987
19.825412,39,11.473485
1.564844,15,11.495132
-0.577839,11,11.510458
-0.824502,8,11.521915
-2.403066,8,11.533579
-1.508215,14,11.552939
-1.302146,11,11.568526
0.459955,14,11.587739
-2.12744,26,11.623703
2.890475,20,11.651936
1.133586,13,11.670201
9.605812,55,11.736469
1.100336,14,11.752022
-0.595678,14,11.767419
-5.619407,8,11.776508
3.124274,18,11.795597
24.941448,43,11.840918
-6.135788,9,11.851182
-3.648726,49,11.90837
0.053467,13,11.922843
-3.923259,15,11.939497
-4.289581,10,11.951328
2.568426,21,11.97527
2.395211,23,12.002048
-4.598182,23,12.029012
-7.026724,15,12.049018
1.800161,33,12.094916
0.147812,27,12.132509
-2.928362,16,12.154545
-0.685727,15,12.176388
-0.558845,10,12.191066
-7.176788,20,12.219144
-1.383987,13,12.237922
5.686643,26,12.274827
-0.980842,29,12.315447
7.379911,23,12.347929
5.714439,29,12.387789
12.637295,28,12.427773
-4.70928,8,12.439307
-2.273083,26,12.475293
-8.831902,20,12.503166
2.22782,24,12.537019
21.962668,43,12.591482
-0.970758,22,12.614954
11.61372,26,12.644876
0.775481,28,12.677617
-0.642433,20,12.703385
7.755163,27,12.737189
1.611212,32,14.077449
7.520049,21,14.108952
12.134581,30,14.154056
15.948144,102,14.302387
19.145759,56,14.388181
16.476377,32,14.438113
1.063753,23,14.471715
-1.717373,9,14.485479
33.537639,43,14.552443
15.362923,34,14.607702
36.697159,56,14.698085
14.49944,24,14.736987
4.644718,51,14.823342
15.187273,34,14.879658
16.144279,36,14.939323
36.102013,50,15.020991
16.440423,68,15.131591
-8.946911,55,15.22066
12.153921,32,15.272478
9.31296,38,15.333766
12.706086,47,15.409395
45.058612,72,15.524989
8.400864,37,15.585049
-4.11749,13,15.606615
-0.043199,11,15.624726
14.512727,39,15.687443
6.853774,43,15.756925
7.064096,37,15.816959
-0.358417,23,15.85478
-0.575087,18,15.884229
-6.293881,12,15.903553
0.312146,22,15.939813
41.569928,66,16.046245
8.038307,22,16.081922
16.166504,31,16.132784
16.17349,38,16.195088
-3.075826,38,16.25637
3.211658,21,16.290727
7.29525,50,16.371875
2.389906,28,16.417383
1.370643,20,16.450347
1.370925,23,16.487985
7.435907,34,16.543516
18.963132,37,16.603753
10.532293,45,16.676233
13.151552,44,16.747913
1.60911,16,16.774486
-3.395322,7,16.78638
14.525957,35,16.843385
11.636696,50,16.923649
8.521179,27,16.967587
14.245988,39,17.030848
12.600756,40,17.095328
9.543264,52,17.179377
2.984339,31,17.230583
1.594064,16,17.256385
14.012797,42,17.323858
10.016124,44,18.959216
31.928493,75,19.079643
2.107322,44,19.149973
-2.572165,9,19.16536
43.761668,59,19.261131
7.476999,94,19.412768
24.018934,57,19.50498
1.123299,16,19.531767
4.274343,35,19.589392
27.05476,84,19.724614
10.014354,76,19.847651
0.253263,35,19.905492
10.469893,52,19.953634
44.247332,66,20.015146
-1.562894,19,20.033384
15.332504,51,20.080772
5.419659,36,20.114227
2.637172,16,20.130583
34.790474,59,20.192647
12.801919,38,20.25093
17.774618,32,20.301355
5.38693,24,20.339685
19.721378,57,20.421936
13.028102,30,20.463835
26.503071,94,20.592887
-4.929774,10,20.607451
18.716237,41,20.666072
-2.947811,8,20.677822
8.866351,29,20.718126
16.018182,52,20.790343
26.564722,59,20.872088
42.448176,67,20.964816
18.822581,42,21.015591
18.431741,60,21.094377
5.913576,26,21.125146
-5.992657,9,21.138554
36.460806,69,21.227082
20.943321,74,21.32842
27.638635,40,21.38026
-2.791105,11,21.39603
12.362219,33,21.434042
9.43591,33,21.473851
36.175118,90,21.591924
12.452409,32,21.633012
12.837837,35,21.680074
30.185267,55,23.216655
13.945972,41,23.283345
47.440562,71,23.397515
19.005342,72,23.514353
12.091608,44,23.586439
42.249767,56,23.667664
15.740624,43,23.72683
17.841903,29,23.767044
88.721008,144,23.964952
1.093652,18,23.989486
23.906154,63,24.075165
3.905634,18,24.10024
15.869959,65,24.188534
-2.623511,37,24.239526
60.83137,99,24.349254
9.356539,29,24.376493
14.718576,48,24.4206
20.099846,56,24.472525
2.253108,27,24.505319
27.519422,56,24.581604
-2.481762,9,24.594251
9.910795,59,24.674922
13.441328,57,24.753587
23.738939,64,24.840482
36.179935,68,24.932824
-5.862389,21,24.961464
10.306934,47,25.020525
142.089272,114,25.164976
50.215871,62,25.233259
9.019577,35,25.277877
10.917821,45,25.327616
22.554062,79,25.43047
10.608631,36,25.47537
10.124503,34,25.522048
1.87838,32,25.564692
32.07286,74,25.668416
75.685782,107,25.817347
1.207355,65,27.46153
220.570185,120,27.655559
7.693357,32,27.706788
30.79761,58,27.798697
29.601049,51,27.881254
209.376119,161,28.140812
166.097713,152,28.386134
47.327299,72,28.482733
20.532512,123,28.630435
9.188313,30,28.668123
213.038052,133,28.840601
60.511141,113,28.985519
12.958009,38,29.037555
-0.166355,11,29.053975
38.908315,60,29.134281
12.179805,39,29.187821
18.427337,82,29.29731
3.22047,28,29.336425
4.064183,61,29.418479
66.114376,107,29.558126
90.197145,114,29.711341
29.170791,78,29.819158
49.439089,76,29.923483
243.967054,216,30.229863
19.579694,83,30.364357
43.194853,144,32.330554
36.600608,116,32.519397
84.495997,128,32.728341
37.820553,58,32.822285
164.123846,115,32.989573
38.610723,64,33.079659
0.63923,19,33.105443
48.407571,72,33.207066
73.729084,143,33.406881
34.939266,65,33.496796
40.633821,177,33.741369
171.899275,258,34.108308
5.029537,26,34.151256
8.795584,81,34.281484
125.502296,79,34.410044
69.32726,82,34.543908
6.725969,32,34.596986
26.930833,49,34.676305
15.318865,30,34.725564
65.337985,110,34.906407
27.705224,76,35.03108
12.155573,30,35.080514
251.292425,166,36.921919
140.194914,85,37.039241
181.154087,158,37.251995
164.910772,124,37.425428
110.878239,120,37.59427
33.933097,69,37.693693
269.570208,217,38.002594
48.315385,118,38.169481
177.355243,91,38.299532
85.135033,242,38.696988
249.009577,164,38.96423
68.796843,143,39.197598
99.365597,186,39.504252
296.709502,203,39.836805
86.793569,166,41.665129
180.813075,138,41.883283
48.09042,183,42.175733
43.209783,78,42.301369
52.650982,80,42.426923
382.628126,298,42.900972
99.816374,241,43.283499
214.016479,124,43.479209
30.272644,46,43.55233
64.502285,159,43.810658
115.390177,131,44.002573
159.141802,135,44.171776
163.053195,119,44.335134
48.110008,74,44.437868
40.397147,151,46.298387
-7.02999,7,46.310407
126.018414,109,46.488767
160.612086,109,46.665885
212.217691,125,46.866499
66.244546,126,47.068865
11.810176,85,47.205976
223.721283,151,47.403277
214.647386,141,47.538125
128.434926,136,47.676212
75.425231,95,47.77624
196.518013,120,47.901474
319.421999,204,48.116741
73.351432,177,48.338078
173.773082,156,48.537448
200.219358,254,48.876673
110.633191,113,50.623246
75.41974,139,50.846471
67.190327,130,51.055997
203.633024,133,51.271079
160.843945,87,51.413171
140.83444,151,51.655011
403.487101,253,52.060892
52.186824,81,52.196371
-17.395118,150,52.440799
4.403913,20,52.473789
147.185762,146,52.709216
173.752116,368,53.303854
111.709755,91,53.450123
110.414464,221,53.779959
-5.08968,22,55.146017
346.403657,296,55.493441
162.227888,111,55.625325
39.234926,76,55.715724
244.424283,239,56.018712
311.411257,194,56.253203
121.389149,143,56.419735
176.190704,117,56.60239
183.473001,113,56.785329
213.286465,120,56.98263
123.180518,92,57.13188
113.652001,68,57.241998
15.061414,258,57.661874
84.124588,307,59.719579
182.998611,107,59.872405
286.745582,211,60.194573
131.798562,86,60.326782
313.382102,246,60.721853
270.193505,251,61.124768
522.21924,673,62.16851
176.467972,151,62.395346
189.724707,101,62.554876
273.446853,145,64.292843
206.379301,171,64.569436
3.846493,26,64.611954
171.380128,114,64.796418
228.476284,168,65.062112
203.968046,142,65.254689
62.136612,193,65.501982
382.628211,281,65.8635
276.540823,207,66.189898
54.3364,73,66.309212
121.097206,107,66.48615
189.616114,102,66.654495
296.442119,257,67.076004
120.348881,235,68.949058
149.772164,125,69.103831
288.252238,190,69.324981
267.836578,153,69.53094
4.700179,122,69.728381
60.290201,70,69.84287
112.408488,75,69.963314
237.481118,159,70.220118
256.771561,173,70.500715
50.197742,94,70.654294
181.310615,102,70.817738
273.778445,174,71.099227
47.956476,71,71.213811
85.440331,245,71.612121
138.239148,78,71.738869
-2.255647,77,71.862643
178.630092,102,73.578749
301.829351,183,73.875191
238.023514,178,74.168905
242.801279,231,74.543695
235.30755,166,74.817156
-0.517852,20,74.849734
170.644378,106,75.023218
196.203003,150,75.270349
273.18848,157,75.52871
186.537503,117,75.722067
209.743771,157,75.981603
109.238838,83,76.118288
183.093814,108,76.296545
142.499181,123,76.498653
335.765372,284,78.620005
199.73519,122,78.819666
254.86145,180,79.11412
281.503819,205,79.366982
293.503107,223,79.657138
208.332164,104,79.789063
100.710326,211,80.063985
265.538557,259,80.400373
221.500397,122,80.592598
347.983983,243,80.987783
217.221842,126,81.197231
162.820472,93,81.349753
192.13654,92,81.499943
328.433109,212,83.454787
167.463716,91,83.60513
95.52265,229,83.983205
226.248111,264,84.416572
245.902312,138,84.645903
203.864101,138,84.872234
76.676102,88,85.017089
215.248218,169,85.294227
445.172651,386,85.926785
185.656643,91,86.075456
177.005915,130,86.288432
54.219271,189,88.184293
316.024882,176,88.466505
237.081897,153,88.70201
266.67785,227,89.000003
193.280958,121,89.158342
164.245324,107,89.294626
363.430748,248,89.614249
206.672452,127,89.783155
294.424655,232,90.084429
243.555872,169,90.260466
355.450554,202,90.501942
306.862657,272,92.307237
203.731588,119,92.460045
264.707604,186,92.718951
155.986015,99,92.883002
169.756474,110,93.064759
182.31854,108,93.244425
408.177588,292,93.727107
155.336495,111,93.910094
120.39827,96,94.067123
299.022365,191,94.386007
240.500404,150,94.634216
363.841299,252,95.049473
213.488362,131,95.266688
279.855818,136,95.490374
113.3042,119,97.231399
172.771765,89,97.375924
303.542584,149,97.615604
321.921914,181,97.906332
206.020605,139,98.119548
212.662021,124,98.27175
221.934634,101,98.396735
231.538869,194,98.637438
374.376897,228,99.001975
234.278209,123,99.191945
618.977487,673,101.829925
176.104756,111,101.984428
184.458474,120,102.170781
261.026648,131,102.387847
178.508855,99,102.551517
40.973266,96,102.713088
306.283391,185,103.019761
119.066635,269,103.46519
215.458743,130,103.679809
204.834221,116,103.870869
312.834617,191,104.191052
257.372085,196,104.515724
217.120334,152,104.769089
244.693308,134,104.987908
172.306746,96,106.711169
221.064921,117,106.90338
204.373562,101,107.041216
385.158326,303,107.45415
145.08818,75,107.559903
193.844819,135,107.74397
248.742477,144,107.947084
213.983352,117,108.107258
317.092095,238,108.448491
194.857419,136,108.668533
347.85164,260,109.082913
165.670367,85,109.21862
295.965954,183,109.511308
244.643298,268,111.552367
214.209737,109,111.703294
271.502711,183,111.953198
234.488314,120,112.117922
244.997307,131,112.288879
206.55601,102,112.425596
285.537642,162,112.651552
279.569502,160,112.861571
409.784043,224,113.209575
279.088208,148,113.451923
357.733193,192,113.764999
-6.24892,19,113.796384
211.954566,113,113.983364
361.173898,263,116.006753
332.299077,224,116.347005
107.426304,68,116.451247
224.196537,114,116.631819
309.410443,152,116.861469
277.484574,184,117.130363
247.860057,176,117.382776
66.133547,211,117.701614
225.655836,112,117.869898
311.754669,219,118.172756
393.166699,296,118.632672
154.91132,75,118.752789
255.395988,194,119.020548
187.362156,96,120.720673
396.482498,220,121.082169
389.593347,223,121.451785
318.044886,176,121.741095
279.831702,169,122.019227
202.769466,93,122.171363
281.454701,159,122.426503
224.525731,140,122.588338
233.308689,117,122.739952
299.200082,135,122.90644
241.281906,160,123.106682
316.861287,184,123.346918
196.567412,394,125.509103
179.668743,115,125.69567
316.109579,151,125.937603
226.990359,138,126.147065
225.025759,119,126.318877
242.575263,134,126.533236
248.978916,252,126.932445
173.860432,100,127.093033
220.833795,137,127.308958
290.485524,221,127.66117
212.485529,148,127.897241
321.971022,175,128.177075
221.10878,134,128.359888
224.978879,130,130.091293
258.323169,126,130.298373
228.27063,139,130.525911
314.337355,152,130.775182
280.960146,162,131.032349
327.816842,186,131.323024
262.553908,146,131.547075
104.365682,221,131.890753
477.461975,391,132.446227
273.773064,164,132.683489
272.454438,137,132.863014
208.908084,96,133.005522
269.058826,149,134.636167
255.190519,145,134.835851
262.454631,140,135.01363
314.355793,234,135.331827
291.462813,139,135.521946
294.3959,169,135.746239
279.463152,145,135.944289
199.71743,91,136.059325
397.762136,250,136.365328
251.84264,145,136.545433
382.927386,175,136.823035
343.806525,277,137.269796
362.249731,206,139.165036
346.141807,210,139.453092
329.315698,190,139.711797
397.591426,222,140.014277
304.873898,213,140.29198
273.963745,160,140.513102
306.104435,163,140.776335
330.631171,178,141.066174
292.367517,140,141.295483
238.886966,145,141.531739
204.40294,110,141.709923
352.106928,210,143.60997
220.890116,191,143.896731
372.458392,211,144.221944
219.107051,102,144.388358
259.153266,150,144.601274
229.794783,158,144.751138
195.444904,90,144.845656
256.200433,141,144.993655
280.664429,130,145.128761
307.019057,164,145.299936
348.591801,179,145.487996
297.339326,143,145.638054
224.172897,114,145.748734
289.900895,171,145.907416
230.722368,121,147.524601
319.628601,182,147.785965
281.713453,164,148.009077
95.074136,98,148.142573
364.244455,283,148.517069
405.878236,248,148.848722
323.471252,153,149.059821
377.945216,205,149.329741
330.37645,208,149.549983
431.198449,264,149.87821
267.311566,128,150.047155
308.227226,158,151.487944
331.756321,164,151.706485
309.505269,189,151.973076
159.600859,80,152.081267
45.972648,118,152.239778
186.665365,97,152.375076
289.589832,162,152.602826
347.435517,199,152.872211
283.146916,144,153.06122
400.439613,217,153.313464
304.915327,175,153.536726
291.792724,170,153.789072
389.039646,243,155.814142
203.247349,119,156.011059
394.336874,252,156.427773
406.408346,208,156.772193
288.114643,144,157.011158
230.678504,127,157.222164
299.404707,161,157.487488
359.309252,220,157.850745
253.022539,130,158.068262
409.550215,245,158.474589
312.035245,167,158.73523
359.991257,191,158.99946
312.121607,146,160.757117
370.607771,200,161.022359
368.86914,198,161.297331
288.880533,144,161.493209
307.906673,145,161.687504
332.316308,161,161.907929
307.434917,150,162.138193
411.148513,223,162.499195
397.599671,198,162.821101
374.308563,224,163.189791
474.09872,320,165.142036
311.219865,152,165.389882
330.245062,192,165.700566
403.997774,289,166.167812
358.121106,185,166.467427
393.522002,222,166.829495
276.986499,140,167.057156
208.211016,110,167.235738
329.78431,163,167.500595
59.889752,67,167.608591
390.978978,187,167.911628
404.488429,256,168.332171
47.089601,119,169.944865
385.073469,191,170.295239
474.302617,298,170.840966
431.53172,214,171.229393
270.937736,131,171.456532
414.884086,197,171.754936
311.524665,168,172.012028
309.402753,143,172.20815
385.236242,200,172.515885
319.352885,163,172.766663
369.064668,203,173.083971
305.166107,151,174.98417
347.876018,167,175.257164
287.199921,150,175.496359
326.128553,186,175.734724
279.17814,160,175.901646
247.494185,125,176.089473
339.236036,188,176.393698
393.391763,207,176.730944
333.910104,163,176.997359
402.358315,220,177.352242
502.49957,318,177.870424
357.888538,195,179.75103
276.866037,133,179.96928
401.735946,227,180.342229
314.362546,142,180.578407
334.530497,178,180.844984
395.155796,183,181.122183
353.526562,178,181.400165
372.674926,161,181.601586
329.425528,173,181.866452
485.875243,288,182.373369
325.013904,150,182.64395
29.475484,52,182.736119
372.798023,189,184.749101
357.761627,173,185.03935
315.204654,152,185.294737
328.597372,161,185.561874
372.676035,180,185.760053
300.1059,155,185.930205
408.691829,200,186.16742
348.731227,180,186.377167
346.150282,174,186.606048
356.758708,184,186.858437
340.055498,183,187.115707
338.216499,168,187.32047
345.478286,173,189.136612
342.511744,178,189.426136
371.599059,184,189.725283
410.879789,230,190.100499
364.585268,193,190.405111
421.415754,224,190.64589
567.803705,375,191.097625
346.105013,181,191.341117
430.361084,257,191.698956
323.211946,163,193.47532
390.129005,207,193.714203
326.688345,176,193.887047
480.729735,261,194.148271
330.971634,151,194.306709
273.140748,135,194.447671
340.214037,174,194.630365
328.034002,140,194.761858
229.332546,117,194.88628
388.303545,188,195.07833
539.090472,296,195.433883
471.835299,220,197.136058
416.96231,241,197.442261
277.588443,148,197.614052
591.630992,383,198.018477
259.916358,135,198.162134
346.728747,186,198.417274
548.408763,298,198.815548
334.854135,180,199.025733
351.333688,189,199.298165
333.221119,169,199.569648
383.595591,187,201.459446
345.65395,164,201.723032
287.159109,142,201.953336
215.374762,119,202.131458
367.966687,187,202.364542
0.294347,15,202.3814
332.929352,186,202.604544
346.385364,189,202.902456
380.325838,185,203.203988
276.270396,144,203.43527
436.005677,208,203.773486
375.140586,241,204.108487
339.900814,171,205.911709
194.303794,98,206.046773
464.213824,255,206.381701
128.116854,68,206.456196
523.567803,236,206.722362
472.358657,243,207.049257
411.120128,231,207.362715
395.275504,188,207.607023
359.538024,172,207.830387
289.387091,140,208.018383
373.081713,186,208.260927
413.774847,218,210.122264
423.212926,218,210.366575
368.344253,167,210.592681
335.404387,169,210.827685
382.324881,187,211.067426
398.484905,182,211.298059
295.517303,149,211.502587
311.752402,144,211.688236
309.886855,156,211.924204
495.882393,294,212.414472
278.033928,132,212.633216
435.268235,209,214.348949
301.46386,146,214.521108
497.422344,257,214.826216
387.683833,184,215.050631
380.016611,174,215.250707
288.538566,143,215.418892
293.332242,147,215.652482
449.591764,280,216.110987
437.096184,224,216.480057
447.286518,223,216.846087
273.245528,139,217.071453
366.842241,167,218.91905
437.677306,214,219.266832
422.209575,207,219.606596
422.957816,200,219.930216
386.024049,204,220.263025
426.494221,180,220.553946
435.140652,234,220.936551
378.765806,186,221.240682
357.131503,157,221.496565
345.090615,150,221.694639
343.783867,151,221.895168
497.102727,193,223.56812
356.549032,157,223.775971
371.638137,195,224.094988
385.857474,172,224.377694
448.54434,234,224.76313
400.16401,178,225.054249
421.973797,232,225.429782
356.0262,163,225.651951
343.645642,170,225.852456
383.643139,180,226.080485
348.537996,168,226.303716
417.046788,198,228.150938
400.329748,175,228.434985
383.024154,167,228.704486
391.434068,185,229.003122
372.919962,175,229.286976
344.804005,198,229.606082
526.44759,279,229.967523
415.878033,198,230.209417
332.845715,157,230.409029
311.450125,136,230.589602
451.471576,232,230.885031
350.316764,158,232.659899
516.633269,217,233.006839
416.015471,198,233.322726
403.812255,175,233.602695
372.684843,172,233.876263
421.912303,199,234.19456
261.875511,117,234.378347
409.474761,185,234.673273
421.097085,205,235.001978
419.015043,190,235.306244
426.62458,186,235.602709
338.949834,156,237.381931
366.700371,167,237.61445
314.04257,135,237.801389
339.503201,158,238.016765
473.394193,236,238.30314
302.195312,145,238.498551
484.875266,234,238.805115
270.676878,131,238.98582
396.159019,179,239.229519
115.362656,225,239.522862
371.340089,164,239.745682
405.303086,172,239.98105
308.625136,139,241.763113
326.283267,132,241.980262
523.067345,252,242.400474
486.521603,172,242.683034
510.425456,258,243.110535
346.082899,158,243.369366
345.844676,149,243.580299
285.189158,133,243.758581
424.668747,265,244.09098
343.243426,145,244.282972
362.529198,197,244.553887
272.34421,132,246.189423
471.969568,210,246.543642
493.201155,237,246.940112
506.541531,322,247.479117
418.618167,194,247.801539
360.566016,151,248.05144
336.174699,154,248.307423
349.877095,148,248.551647
401.019973,223,248.886187
102.643811,216,249.206651
338.462742,159,249.468618
362.661141,157,251.263425
356.928759,167,251.539902
427.797061,193,251.85849
383.574311,166,252.133157
516.143753,234,252.521331
413.787633,174,252.810152
197.704346,114,252.998832
447.127698,221,253.36773
311.264392,142,253.604151
481.496807,219,253.962924
401.860611,176,254.182785
463.318594,190,256.054244
448.462677,232,256.36991
458.219662,201,256.698789
356.566464,159,256.957514
327.933372,154,257.209178
339.36902,144,257.44295
440.998026,192,257.758003
274.876942,145,257.997306
395.026138,162,258.262396
570.833768,290,258.738049
385.430166,167,259.010033
388.167979,182,260.724088
592.308487,241,261.017972
387.991834,184,261.242698
523.681729,236,261.496943
454.929574,221,261.757149
395.865953,189,261.980711
316.864629,146,262.144306
414.440086,209,262.418115
344.235056,147,262.59057
353.623007,175,262.77101
439.752159,263,264.141582
464.614303,220,264.436878
486.276772,202,264.709354
158.31006,278,265.090227
339.110359,138,265.261112
310.696225,442,265.825428
584.774767,230,266.13759
390.991709,172,266.373353
410.569375,215,266.703176
447.003212,232,268.770656
447.610187,180,269.03088
386.113655,175,269.268768
490.574911,229,269.587368
256.604101,113,269.772914
501.186329,200,270.102965
331.615514,147,270.345979
387.189543,162,270.612134
495.20232,227,270.972745
408.545924,171,271.219891
435.761923,215,271.575768
488.386026,262,273.587124
448.490164,218,273.947083
464.374975,172,274.224934
415.425501,183,274.531065
491.254295,199,274.854114
367.83437,160,275.111861
455.28364,203,275.443379
259.077366,119,275.635807
557.211107,249,276.042756
389.211951,155,276.294525
430.86646,177,276.535671
377.846284,169,278.394169
427.649165,226,278.767105
405.991906,181,279.062191
418.208232,166,279.33488
418.553162,201,279.650419
511.850996,241,279.972341
283.409047,118,280.143472
472.033229,200,280.473799
393.216942,182,280.7733
513.512474,201,281.102396
380.514875,157,281.359699
600.908063,274,283.20225
371.518607,159,283.402231
445.427319,210,283.668379
376.563981,160,283.855078
441.722749,220,284.143676
382.902947,166,284.354926
465.208148,181,284.59855
610.628321,261,284.93038
431.163127,192,285.189024
667.966988,277,285.583144
432.55663,185,287.556005
382.427753,173,287.839256
445.116982,199,288.167797
421.460031,183,288.469805
541.371701,202,288.801219
449.086533,197,289.088058
277.736604,127,289.258459
554.956175,311,289.619915
448.430831,192,289.848418
387.901098,168,290.039921
456.778438,199,291.812367
360.530712,156,292.064967
550.746223,207,292.402656
437.799023,184,292.702174
342.100133,157,292.957517
520.788549,202,293.288137
434.390862,203,293.618551
267.750164,134,293.834945
382.823059,165,294.081768
464.908704,215,294.362126
443.114476,187,294.607415
350.116591,141,294.785643
442.983297,197,296.662374
361.528654,157,296.870971
323.352294,157,297.07886
483.460873,218,297.358089
375.427625,171,297.542766
410.701204,166,297.724524
585.755897,209,297.919439
349.458482,153,298.111627
607.01072,229,298.392663
430.518841,191,298.612044
383.86561,146,298.801521
519.651015,197,300.559562
465.237392,197,300.829761
224.565721,97,300.96473
437.894027,189,301.221713
415.491548,198,301.455063
344.879143,152,301.615543
460.008976,184,301.807588
428.533112,168,301.991505
218.764457,109,302.134862
502.280339,199,302.376354
487.449452,206,302.648029
481.402177,234,304.493697
368.857317,163,304.704498
336.064458,140,304.886966
357.979782,147,305.070086
435.830137,179,305.320413
430.700703,186,305.579018
369.99505,137,305.768293
464.085055,211,306.057659
406.383727,173,306.272073
327.70599,135,306.446256
516.675995,205,306.670482
600.609735,276,307.006934
555.140633,250,308.9184
584.852756,222,309.281239
366.865908,203,309.615118
341.243583,138,309.803367
425.434401,166,310.065045
115.95385,74,310.181796
530.488505,197,310.497707
293.985715,128,310.703368
605.578147,221,311.057696
401.109067,182,311.349526
645.980794,276,311.795583
432.557037,182,313.636447
515.190343,181,313.933929
439.187654,187,314.241519
206.142048,92,314.390953
610.651249,219,314.750008
475.766811,184,315.049139
309.019109,133,315.265982
518.903413,197,315.593755
338.586008,145,315.775347
325.321591,138,315.945166
432.011582,190,316.201044
581.712827,221,316.544608
446.693372,192,318.43544
451.85038,171,318.649331
320.751291,129,318.823285
504.54055,204,319.093382
358.121829,158,319.287271
536.607421,188,319.510037
617.060011,237,319.768589
375.726563,162,319.964959
558.403253,200,320.230428
258.035325,104,320.363142
367.989329,162,320.625749
468.530434,216,322.474117
585.398328,215,322.771647
448.120239,178,323.038043
424.00695,176,323.261334
491.976593,226,323.566403
688.078811,245,323.901482
579.270975,214,324.179451
499.254314,223,324.471633
509.186142,187,324.719799
557.260682,234,325.032321
448.49117,169,326.806047
503.911442,197,327.132064
434.77618,184,327.438397
493.247576,189,327.748758
279.402716,106,327.922708
288.75717,139,328.151622
546.062556,202,328.485918
451.74005,201,328.823858
698.581435,260,329.25435
369.113154,169,329.535049
455.702816,179,329.809629
395.613833,169,330.020183
643.281302,256,331.961138
501.741875,270,332.410675
578.948953,221,332.773628
810.391807,291,333.253783
623.246913,224,333.623205
424.335793,176,333.912633
517.720985,216,334.22111
408.464626,181,334.388381
599.972946,223,334.620655
386.167842,166,336.312119
172.867862,92,336.430236
393.115389,160,336.629574
431.575201,166,336.850263
758.869084,269,337.200433
548.237979,209,337.469567
371.253469,152,337.694879
477.221787,207,338.035162
414.385426,160,338.292058
788.510173,269,338.727313
885.946374,281,340.789657
449.517511,171,341.057923
329.817845,134,341.271246
678.244437,232,341.686011
563.481492,231,342.112195
530.358426,186,342.454083
607.813349,222,342.862669
410.432503,181,343.197339
619.231627,242,343.644335
280.792513,126,343.876401
456.783364,218,344.280017
375.728408,145,346.150407
520.941193,184,346.401164
660.423928,244,346.715971
593.064983,212,346.9835
421.53307,177,347.173205
408.967516,186,347.36697
423.679313,158,347.536884
605.326459,227,347.838413
405.626055,166,348.0646
596.964221,233,348.384669
520.024629,200,350.223333
609.640971,213,350.452953
631.869329,230,350.72529
618.346541,232,351.018436
561.051434,214,351.285805
465.194536,189,351.522579
309.717499,147,351.682463
720.607885,239,352.007282
412.003985,160,352.214308
448.166825,181,352.45285
615.253948,253,354.377243
494.388347,195,354.690491
332.472199,155,354.939198
530.121544,208,355.273154
758.502409,269,355.703898
466.16706,193,356.01215
776.17935,263,356.433006
618.170927,219,356.782801
637.33674,210,357.106785
521.256263,227,357.393422
596.261975,231,359.293922
437.262507,190,359.555377
470.818676,176,359.794616
458.409441,185,360.047333
773.379958,271,360.40131
492.340983,188,360.683047
466.014563,202,361.02125
431.974139,183,361.326794
518.468485,197,361.654361
416.699257,181,361.955826
703.990209,241,364.122814
511.672136,203,364.459198
671.747158,249,364.871483
564.137442,230,365.254368
679.904179,247,365.663792
700.341393,220,365.95072
483.80424,208,366.20847
534.851799,187,366.459623
316.701025,125,366.628767
568.308711,205,366.906765
403.798208,184,368.713928
620.388866,249,369.115636
555.290238,210,369.454021
326.64561,131,369.66504
479.157841,194,369.973759
606.035241,274,370.415201
361.149783,141,370.643111
645.0625,239,371.027865
444.441529,193,371.298405
419.202756,176,371.535228
596.333745,251,373.366221
883.283118,290,373.753661
462.486561,190,373.999478
654.316473,233,374.291234
586.890172,214,374.53136
558.641002,218,374.819991
668.033503,261,375.173875
727.34566,249,375.489559
436.697685,184,375.74703
534.270788,184,377.64876
451.882771,197,377.969285
534.261091,194,378.280119
393.578376,177,378.56652
625.695297,224,378.887651
619.17307,255,379.232438
523.40801,207,379.516001
587.510964,236,379.831136
730.84142,250,380.137982
659.863217,252,381.921403
713.715171,256,382.324879
572.122921,211,382.660705
526.68988,201,382.980058
804.716725,350,383.537665
550.793861,269,383.968515
452.819406,175,384.243268
883.730632,317,384.748322
833.025083,312,386.676987
283.216214,115,386.832175
585.76396,240,387.155674
832.056819,298,387.57779
797.67616,264,387.968957
749.560329,254,388.329176
613.096409,365,388.863206
616.020274,245,389.26209
550.400193,224,391.158436
674.403031,307,391.633737
853.407534,274,392.044952
484.485844,187,392.332674
838.916554,285,392.765869
566.164114,212,393.082603
597.686903,223,393.469726
789.245739,251,393.944156
775.393853,276,396.222365
568.194379,218,396.518601
618.999258,220,396.809904
266.775247,112,396.953735
598.959394,228,397.271958
666.719333,249,397.678916
504.141663,225,398.047685
389.466664,166,398.323721
630.754755,221,398.673452
310.463812,129,398.826825
270.055195,114,398.960563
461.895734,212,400.660335
532.531143,182,400.939309
536.629786,236,401.306578
749.617872,364,401.796426
577.990537,246,402.117164
859.89769,286,402.497359
920.449955,309,402.871526
483.669126,184,403.078182
603.252459,234,404.966683
753.948904,275,405.382991
893.192561,323,405.915562
651.439311,256,406.341122
434.956691,173,406.630436
611.164263,220,406.992295
521.278978,214,407.344827
111.731752,59,407.442837
810.936046,293,407.930052
843.953685,321,410.020058
595.305746,235,410.400375
577.633427,214,410.738899
634.123567,229,411.043204
1038.275197,329,411.522792
426.567487,178,411.767798
516.306522,233,412.090927
835.901281,298,412.492482
863.618777,298,414.419262
898.59424,371,415.033138
461.659089,186,415.339854
411.632824,172,415.624476
485.196567,214,415.978178
629.138992,351,416.565235
937.143877,306,417.030521
488.199418,176,417.319788
703.520334,259,419.266724
387.008323,187,419.451792
536.549042,232,419.676145
350.560722,145,419.83217
467.546589,198,420.064073
568.95287,217,420.342581
450.279938,191,420.584606
302.084792,123,420.747602
843.861828,296,421.202411
797.381903,315,421.717594
654.444657,243,423.69523
741.649656,283,424.152533
1136.009076,353,424.64745
540.218343,209,424.934982
837.221808,297,425.318441
553.082514,193,425.574459
897.488996,311,426.062114
790.999388,297,428.154148
583.357831,211,428.481447
1168.910199,455,429.045302
182.383945,84,429.168698
837.534079,295,429.643176
585.380593,204,429.972202
468.056587,184,430.272817
909.464099,285,430.707748
857.309253,298,432.641104
561.546615,225,432.961886
576.287482,226,433.335401
571.557763,221,433.702879
916.49314,299,434.195605
658.059271,227,434.567992
903.02211,297,435.058487
283.553671,131,435.274454
379.232335,167,435.548957
715.358816,252,437.451749
1123.143167,384,437.924663
782.696463,346,438.495269
1037.726273,376,439.12409
868.027495,276,439.468869
440.56822,168,439.68385
844.868054,272,440.035174
568.869359,186,441.849634
786.381431,365,442.456816
678.925632,242,442.855718
924.464279,355,443.442774
742.664262,325,443.886441
987.173253,328,444.327579
716.359248,248,444.665609
1578.853462,553,446.964887
960.656995,381,447.401151
563.927063,281,447.71036
634.249323,232,447.955578
452.925374,180,448.146185
837.148027,320,448.55928
639.637087,257,450.223759
1414.393798,435,450.738651
608.825394,245,451.013778
1057.505237,337,451.434218
1117.973093,357,451.920079
479.161895,196,452.224663
513.070207,200,452.549098
985.710276,391,454.582073
874.031773,301,454.893904
595.512616,235,455.146152
750.0698,247,455.440084
1429.41258,447,455.98207
953.097975,300,456.437617
635.324302,224,456.802293
852.803053,297,458.972471
695.24627,263,459.40431
956.374179,301,459.896619
1423.737972,409,460.564143
921.007074,380,461.141377
1055.22212,349,461.612129
863.074578,278,463.749811
529.859003,212,464.042243
925.994612,331,464.498417
629.052605,228,464.812188
1166.716901,365,465.418869
427.346429,185,465.727403
915.09554,307,466.230676
825.140948,299,466.724557
734.385937,257,468.780058
528.998689,198,469.145411
595.81258,215,469.501724
1006.199087,330,469.962363
752.889494,280,470.308713
1229.607243,410,471.045124
483.785512,229,471.465477
795.953662,284,473.612949
472.961971,184,473.90955
651.369774,233,474.269588
273.424036,108,474.397966
406.662628,165,474.597356
707.906236,247,474.881353
508.247597,201,475.149563
684.173072,252,475.484088
726.274546,241,475.813727
620.861381,229,476.104553
638.966496,261,477.960121
716.672069,254,478.306818
598.752282,240,478.631104
493.413501,205,478.899303
969.983683,307,479.31468
970.248459,312,479.736773
772.266669,237,480.048673
588.259508,215,480.310013
619.835096,249,482.230778
879.82821,297,482.711241
1835.072819,613,483.701841
1215.073438,389,484.332616
568.882181,236,484.713523
857.263439,325,485.211326
1647.747577,522,487.344181
625.305109,223,487.612817
1014.164644,324,488.030538
1100.815241,438,488.591299
760.780722,263,488.901731
1200.135027,399,490.942553
599.447602,214,491.294427
897.279533,285,491.760372
661.098846,289,492.236872
763.147814,271,492.680547
1147.024896,354,493.255162
616.381123,232,493.509467
744.836585,261,493.783808
739.317067,266,495.697536
585.334461,204,495.993451
1083.616072,367,496.562399
512.844624,211,496.903879
1006.46044,335,497.445248
1860.834609,597,498.410803
295.351179,116,498.599025
660.18694,238,500.545268
1545.923612,454,501.291326
577.574612,208,501.557067
831.714426,317,501.972109
1154.998538,352,502.433138
3317.226725,1000,505.376551
1291.158829,388,505.877524
1421.328715,424,506.455249
577.678844,210,506.738989
1208.15555,498,507.41229
317.656583,124,509.375608
950.702195,323,509.827231
776.12991,242,510.149888
1929.644876,595,510.963907
287.787919,148,511.168767
570.96551,211,511.493076
868.429382,284,511.949295
687.562964,231,514.024657
553.490725,221,514.319496
592.75275,209,514.611271
493.035796,200,514.896624
352.250416,142,515.097283
711.168797,248,515.438435
1080.888905,353,515.909631
493.649467,198,516.172609
757.456022,367,516.749139
884.816663,291,518.921412
2536.639937,791,520.008051
1055.838301,363,520.546213
551.483907,219,520.901971
3038.166312,942,523.950309
817.805247,271,524.322531
631.317724,224,524.632673
1148.376494,327,525.115619
840.732307,326,525.651378
1344.394935,371,527.827712
959.239854,359,528.334772
1230.529401,459,529.057244
1291.512532,379,529.674321
1387.793766,453,530.407115
743.875439,275,530.854437
552.574657,208,532.735091
961.121437,332,533.162181
762.464401,261,533.482978
696.913145,215,533.768119
2672.757595,803,534.760041
561.345807,196,535.032403
915.505547,305,536.917041
1101.93845,346,537.38052
1275.965365,405,537.912303
1540.15496,494,538.581485
1431.323403,456,539.181359
1332.775319,426,541.339143
738.873697,261,541.767951
666.996557,243,542.170208
87.777939,164,542.441463
2142.09503,681,543.491839
2054.128889,613,545.778251
1715.341921,508,546.459711
1075.234141,356,546.921601
1090.073188,368,547.417885
770.20736,273,547.857142
573.624511,227,548.231844
2425.453556,744,550.759235
1801.79039,543,551.438432
1556.068405,457,552.173366
582.498031,220,552.534306
1353.656047,424,554.826437
724.836417,285,555.287947
645.205026,234,555.582101
1018.808569,353,556.139715
1260.129984,387,556.763402
1361.894668,417,557.436766
812.157194,333,559.536688
1737.373733,521,560.363208
913.276243,308,560.772825
677.314792,235,561.093619
806.80119,292,561.500981
1806.292787,502,562.225503
2095.474763,641,564.673225
606.460701,225,564.984221
1043.531189,330,565.468999
1080.687902,340,566.031489
2948.466816,829,568.969485
1441.593625,459,569.553643
2784.262673,754,570.490002
1018.987241,308,570.835635
803.817084,269,572.749073
637.354106,255,573.16837
3347.432858,936,574.682632
863.887808,276,575.045393
1561.587007,467,575.632796
1079.463597,350,577.61419
1234.435966,378,578.231692
3675.526692,1000,579.731189
864.192958,307,580.23957
638.258286,228,582.256417
1020.482318,349,582.773922
854.70643,291,583.127228
911.851305,305,583.579891
2656.082637,836,584.782789
854.863288,302,586.773502
433.294544,168,586.995097
658.992627,240,587.326836
2157.330877,619,588.184018
431.279475,191,588.501271
2114.508608,624,589.522813
1838.396854,541,591.913368
1384.514879,388,592.548012
1354.132233,399,593.198705
1160.202603,329,593.650474
552.17812,242,593.977023
1522.847169,457,596.126833
471.111105,200,596.457246
1090.175208,353,597.035642
1351.828638,447,597.765479
707.894231,239,598.157525
2138.984793,636,600.753999
3354.476813,904,602.09959
1362.64024,403,602.636499
641.094812,232,602.950297
1468.595097,423,603.629407
2441.629858,668,605.967573
798.59423,291,606.357549
1913.951989,544,607.067803
753.912227,275,607.462099
1411.371995,434,609.790946
1861.552319,522,610.630678
891.415625,324,611.164768
1312.959689,357,611.750646
1602.166127,461,612.506978
1080.926273,341,614.582466
2011.88841,535,615.398468
903.746592,307,615.89688
2911.965025,749,617.108459
2318.6973,703,619.848269
865.48546,305,620.343107
1080.352002,361,620.933024
950.754161,277,621.382427
485.277237,170,621.638712
2542.754165,679,624.055947
2609.697209,679,625.147766
2204.821301,586,625.869777
2491.972541,687,628.569145
3686.505668,921,630.067592
1902.026775,538,630.795029
580.688729,209,631.079073
956.784962,311,631.487792
850.969655,306,633.395705
1565.950259,433,633.947431
1182.158459,387,634.473551
3930.200613,1000,637.356262
820.351172,280,637.821418
2239.263754,630,638.86494
716.381242,276,639.323665
1103.838476,354,639.796335
539.842918,184,640.026074
834.613942,343,641.995339
2461.159499,644,642.974308
1358.29519,367,643.562972
1579.087847,426,644.24997
1271.645583,354,644.798934
1200.423503,345,646.782758
3046.230219,806,648.067451
1943.246805,483,648.799696
1077.058383,339,649.23397
842.445407,267,649.565508
3621.731102,861,652.443626
1706.606719,464,653.191276
1773.180872,470,653.95345
2769.894224,706,656.575839
3816.395916,937,657.882742
2378.462796,636,658.775062
1219.962751,372,660.668446
1811.433673,472,661.242395
1611.819951,464,661.838305
1192.211426,397,662.454413
3369.652719,836,665.487312
1606.515601,444,666.213571
1016.813842,342,666.774943
2085.619669,535,667.498279
2092.864447,567,670.016533
1885.618854,484,670.708322
803.951414,259,671.128659
3373.090237,823,672.463428
1163.208406,336,674.582007
1155.773875,325,675.10964
1312.649455,359,675.69414
2260.150161,571,676.617348
2868.210602,750,679.314208
1452.003357,406,679.851935
970.933558,293,680.241839
547.697514,194,680.492218
1100.322718,323,680.894428
1357.681416,371,681.367208
1461.203307,441,683.432726
2055.791734,557,684.177413
1631.434136,487,684.811413
2147.054873,530,685.438562
1829.209688,496,687.455741
1872.787919,504,688.22437
2972.094106,736,689.259753
3514.084589,877,692.102711
1521.076661,402,692.704769
1438.325732,433,693.415742
926.135369,329,693.957611
1695.8775,459,694.706679
1501.079448,450,696.930413
1143.896394,348,697.489875
801.706918,253,697.900018
1722.236063,443,698.612043
467.877327,161,698.872228
4248.310801,1000,701.834361
1334.981048,379,702.304801
3222.392791,871,703.140969
3065.544389,801,705.675347
4249.746139,1000,707.233505
202.630516,91,707.364079
2635.547916,679,709.994133
1057.512987,286,710.468061
3708.118988,842,711.848276
1834.261002,464,712.473176
1045.983663,302,712.97187
1512.767945,389,715.231612
304.371207,121,715.427949
635.016894,236,715.813784
1455.166275,404,716.467455
2240.184983,556,717.202178
2332.29492,535,719.379801
3392.565013,825,720.704642
725.184027,224,721.065848
4075.268634,904,724.014305
735.266652,221,724.373242
1703.012736,468,725.053005
3684.987383,885,726.222951
554.690703,192,726.456007
2307.790225,610,728.723006
2534.237637,664,729.518458
857.707614,297,729.912845
828.80138,272,730.270109
2759.622484,680,732.829869
4016.913496,1000,734.369009
3629.824135,935,737.265435
891.410862,278,737.625154
4270.306083,1000,738.899768
4252.945183,1000,741.611831
642.578102,238,741.85923
4356.950542,1000,743.106986
1597.956529,490,745.52373
803.580735,235,745.863976
4254.282528,1000,747.435675
1606.491189,435,748.140291
4275.751737,1000,751.038867
2058.783525,489,751.829698
2136.269138,528,752.685335
1122.027665,332,753.229876
3618.097603,827,755.893342
3538.291919,864,756.911989
1878.068861,507,759.094459
3761.352401,873,760.47649
4606.983429,1000,761.968687
4489.047654,1000,765.119907
829.355255,232,765.543859
3162.652619,714,766.845342
280.486663,119,767.062916
1815.341596,431,769.264455
1816.058628,483,769.904201
1622.879898,425,770.453356
579.318126,211,770.741841
4311.04867,1000,773.893555
840.270895,277,774.311815
2573.552644,614,775.302522
2602.320315,626,776.06264
1294.9583,340,777.911378
286.120893,111,778.048467
1286.416954,344,778.497675
1271.891905,375,778.932938
1636.94924,434,779.509083
1542.336416,402,780.173622
1933.730063,467,782.193086
2081.092198,506,782.899743
1212.864104,331,783.442564
578.712526,214,783.796404
1559.759058,404,784.459022
3918.411808,887,787.42859
4524.829439,1000,788.690195
1213.591548,351,789.116103
1835.267885,458,791.201555
3040.375098,692,792.188975
1341.487465,339,792.626259
819.11976,268,792.979528
2458.707773,561,795.326625
2878.852856,648,796.381583
2699.434267,621,797.294657
3634.580957,836,799.944258
4224.541605,1000,801.423068
995.567049,313,801.849034
4114.60286,910,804.753724
2387.627052,588,805.501392
672.322603,229,805.802202
1017.814783,305,806.193462
338.308746,133,806.367437
959.005691,291,806.746878
2717.097328,607,809.110343
934.634803,286,809.489551
889.340105,280,809.870216
1537.655747,387,810.397924
4503.672138,1000,813.581958
4576.187466,1000,814.934426
534.530928,187,815.20727
1213.815872,350,815.772341
2391.336215,566,818.278043
1017.965197,287,818.647028
1604.535027,419,819.15227
1033.780438,317,819.553423
2680.980795,651,821.837015
2180.699339,533,822.646013
605.713762,203,822.974802
3579.878499,779,824.235103
2243.811593,518,826.487813
4509.666524,1000,828.295377
1036.880358,295,828.829988
4485.511392,1000,832.093136
4423.933232,1000,833.522765
677.51783,223,833.795969
3917.27991,859,836.240461
2512.685167,591,836.995571
353.426458,139,837.187938
4153.030865,900,838.333078
321.077097,125,840.141985
918.167908,308,840.569534
3466.797841,797,841.683105
4472.640516,1000,844.96404
4864.834851,1000,846.579343
4248.241442,1000,849.791922
4383.536359,933,851.062791
1115.725398,400,851.520459
4580.770363,1000,854.171439
307.75676,125,854.326505
420.474128,161,854.507174
2176.222046,512,855.085919
3524.8827,782,856.206041
4594.007942,1000,859.312917
892.61381,281,859.667352
329.666623,134,859.848776
1850.7322,476,860.476145
706.164874,209,860.752108
1553.990895,408,863.001373
2711.547348,677,864.091122
243.727444,99,864.246264
4303.813872,968,867.061348
932.924569,308,867.561497
4507.881124,1000,869.03679
4363.879807,1000,871.954968
4342.066351,1000,873.415987
3364.792787,813,876.007102
4364.298333,1000,877.443625
409.87103,146,877.637604
4182.524811,929,880.724727
2335.292506,528,881.422221
481.6303,167,881.643821
4664.134502,1000,882.945396
2978.34512,692,885.099996
1314.000529,315,885.440708
982.557933,297,885.828562
4565.537414,994,888.753189
1624.217966,414,889.430072
1495.301793,386,890.058754
4564.742638,1000,891.498225
4584.523967,1000,894.493255
255.33826,102,894.622698
2678.170896,622,895.627087
394.544548,159,895.888494
3155.883298,747,898.647624
1059.767764,288,898.993734
2503.479369,642,899.837523
1199.465762,324,900.259125
4429.098625,1000,903.220118
3927.769607,1000,904.86071
753.39089,217,905.166234
386.004231,167,905.393386
557.727163,180,907.255668
4477.758554,1000,908.405378
370.425885,141,908.535529
3369.137308,754,909.33439
258.895462,102,911.101989
2990.506284,671,912.173903
1726.166685,436,912.869288
259.699252,104,913.035881
4551.874585,1000,916.104933
168.039616,77,916.246793
1017.542428,296,916.765682
3635.340648,789,918.204679
1659.114262,409,918.951196
445.107893,151,919.226384
4374.533992,964,922.493866
197.829502,90,922.616239
4451.568806,1000,923.775571
3476.771965,756,926.547327
229.008224,104,926.715779
3058.536971,690,927.842611
3097.498165,660,930.368673
4490.55022,1000,931.617448
367.785908,156,931.812353
4277.849249,880,934.639693
3956.842761,892,936.068703
2149.595283,513,936.775587
1441.193989,367,937.258891
4062.475345,888,939.957749
549.077341,203,940.230597
2427.554536,550,941.035624
4831.453619,1000,944.095756
4553.200887,1000,945.455733
4651.294131,1000,948.738782
3843.747251,815,950.063273
1714.500923,444,950.784869
4847.253214,1000,953.958262
4483.60196,1000,955.541286
4589.796379,966,958.621656
2989.912991,669,959.436034
788.06476,237,959.694902
3690.462874,775,962.246179
2799.191595,632,963.280015
4853.882476,1000,964.641668
2754.283288,610,966.895229
364.781586,133,967.07762
2532.038511,557,967.849186
718.398785,218,968.139789
1409.023927,378,968.715907
2609.121468,615,971.341297
4414.626553,1000,972.663827
1900.970075,449,973.383398
1749.954237,441,974.086867
4872.025127,1000,977.422009
97.81708,62,977.52309
4565.855665,1000,979.156656
1550.841071,382,981.39937
2405.069976,531,982.169266
2965.323206,672,983.041739
4411.372704,1000,986.142281
4571.374376,1000,987.429141
830.241428,241,987.745122
4667.498582,1000,990.566894
635.741865,205,990.841012
844.934639,266,991.187822
4298.932736,958,994.357534
4475.290964,1000,995.760133
4670.072919,1000,999.007836
4748.234145,1000,1000.578766
4696.494058,1000,1002.183768
837.73373,263,1004.132984
4771.71458,1000,1005.785869
3959.453716,836,1008.69611
541.001146,199,1009.027016
4691.732554,1000,1010.570478
722.351381,225,1010.914858
3023.989578,672,1013.462184
483.757021,172,1013.626109
4710.955744,1000,1014.85994
319.521813,132,1015.043361
2193.178832,494,1015.704879
4765.691853,1000,1018.922866
562.874262,199,1019.232155
4674.237363,1000,1020.765507
4753.762432,1000,1023.788385
2100.543157,501,1024.589746
4758.393469,1000,1027.857598
3754.42809,818,1028.9712
1968.692719,479,1029.764971
537.514321,187,1030.074695
4669.758902,1000,1033.375033
342.361931,127,1033.613091
4686.693661,1000,1035.295036
4709.298841,1000,1038.464792
1648.460764,411,1039.152004
899.029407,265,1039.593526
1140.850433,305,1040.101367
3427.232352,724,1042.632981
3095.215752,707,1043.592712
4662.462902,1000,1046.711107
390.881088,140,1046.932397
490.500877,185,1047.227506
3060.689748,655,1048.264279
343.459446,162,1048.522408
256.223962,107,1048.695673
772.99856,216,1048.959087
4725.027103,1000,1051.990579
2106.589886,500,1052.689172
4481.829847,939,1055.532649
325.245097,128,1055.743459
1297.103539,342,1056.305184
4899.077449,1000,1057.628998
3160.844445,702,1059.912513
1814.800943,446,1060.397808
1236.228472,341,1060.829218
969.043212,445,1061.508346
1272.772562,329,1062.050529
568.397006,197,1062.377591
2182.897688,499,1064.592031
4803.82193,1000,1065.898003
4182.370159,881,1068.586888
4619.159877,948,1069.935505
3421.697511,757,1071.162958
2729.580869,590,1073.691213
3477.060471,723,1074.855959
3021.656339,647,1075.906824
2509.586374,543,1078.352456
3668.658841,771,1079.61241
930.838015,291,1080.093734
1081.442626,340,1080.65647
969.11832,305,1081.170662
1822.770797,451,1083.461752
3451.454088,728,1084.54598
1846.892948,417,1085.222362
2871.931547,633,1087.867065
3405.237516,718,1088.944141
1687.908494,450,1089.673084
3805.2295,767,1092.214
3774.233871,788,1093.36955
2235.286215,518,1094.217397
4981.70423,1000,1097.417853
656.797153,253,1097.742661
4676.630007,967,1099.283495
3874.980371,813,1102.169968
1095.600326,293,1102.607304
2630.481733,600,1103.620323
239.283417,102,1103.806676
418.508739,148,1104.076921
578.779447,216,1104.47344
2969.301822,675,1107.285433
4739.254005,1000,1108.601555
874.3283,291,1108.983417
1790.576013,429,1109.562038
4706.817391,1000,1112.602781
1061.87333,313,1113.120423
4889.415161,1000,1116.152875
4684.887785,1000,1117.692556
4541.180989,1000,1120.26061
1625.453139,433,1120.959774
489.130967,175,1121.241858
3422.071759,744,1122.213793
1135.382382,337,1122.646375
4690.552338,987,1125.651987
2250.208734,533,1126.496842
1895.607735,501,1127.159698
1357.229406,362,1129.373471
794.105986,249,1129.703777
1765.807197,446,1130.27537
2610.760295,630,1131.029401
159.286736,79,1131.123128
2390.869188,540,1133.518281
4415.388006,953,1134.890277
4604.476778,1000,1136.15834
2225.414228,546,1138.380437
4732.756518,1000,1139.645519
392.205225,166,1139.872771
4788.301682,1000,1142.83094
3938.752531,872,1143.988047
3157.980923,710,1146.64635
123.267363,227,1146.92447
3337.857993,734,1147.87083
4770.401236,1000,1150.915245
1150.406028,348,1151.274891
4614.696213,1000,1152.579074
4631.007012,1000,1155.665315
2084.483637,517,1156.482574
1451.174777,386,1157.175291
4596.587354,1000,1160.438419
3787.150552,822,1161.481196
1955.509965,502,1162.041201
3292.40754,736,1164.425955
2398.927313,553,1165.211495
4533.437507,1000,1166.705448
4760.389502,1000,1169.668552
3220.782037,725,1170.870911
445.327963,161,1171.137133
757.191578,240,1171.534207
1229.044269,334,1173.526825
2503.438149,582,1174.163857
2960.694954,672,1174.903076
3208.921371,733,1177.359363
4697.966185,1000,1178.970431
4635.387088,1000,1181.752252
4848.373141,1000,1183.322136
4777.737277,1000,1184.895534
1269.285187,323,1186.698911
1170.532041,332,1187.160383
4744.602074,1000,1188.582438
4671.794941,1000,1191.588915
4583.608584,1000,1193.234638
1274.152471,341,1193.796229
713.441688,234,1195.727053
3190.506828,700,1196.611564
4431.872844,921,1197.737357
336.178867,156,1197.973996
363.372399,138,1198.196887
1269.135119,349,1200.346573
4552.235637,1000,1201.640355
941.104442,295,1202.037088
4288.172768,916,1204.737982
717.030134,242,1205.061536
1619.943674,412,1205.557986
1959.714695,470,1206.170997
1277.696475,357,1206.650579
4720.344253,1000,1209.652495
4627.19272,1000,1211.007273
838.204883,262,1212.976667
377.973929,136,1213.198303
4299.666042,895,1214.505114
3041.39026,656,1215.480166
828.405828,275,1217.415825
4738.686871,1000,1218.764882
3102.392846,697,1219.732372
4682.201538,981,1222.684993
1030.48982,320,1223.111484
3955.926561,821,1224.154873
722.85052,237,1226.016489
4668.327474,1000,1227.365039
875.426066,271,1227.698824
2567.151545,616,1228.488253
2972.654708,668,1230.890691
3632.925891,774,1231.874271
3372.390855,744,1232.79832
732.754151,234,1234.643805
934.195438,274,1235.022856
3348.76892,716,1236.154591
2197.538418,533,1237.020149
281.682241,108,1237.195893
2328.767093,530,1239.580493
649.526575,214,1239.865764
4772.578414,1000,1241.171499
1585.294791,391,1241.806206
4393.505648,946,1244.560277
4607.658916,1000,1245.666936
4701.898683,1000,1248.450482
4459.471766,1000,1250.087706
4728.807292,1000,1253.188643
4586.643013,1000,1254.38777
1117.243922,302,1256.292669
1045.520621,286,1256.753499
4793.012627,1000,1258.349104
4667.288531,1000,1261.531508
4724.941281,1000,1262.909057
427.439566,141,1263.087907
3575.447024,777,1265.579981
4577.477362,1000,1267.178349
4615.797399,1000,1270.186436
661.165652,205,1270.513691
4786.768086,1000,1272.068336
4819.231884,991,1274.805406
4744.705731,1000,1276.423062
4685.033872,1000,1279.338312
4753.818947,1000,1280.460108
4753.78646,1000,1283.224379
4863.338475,1000,1284.815876
4020.978875,855,1286.209678
2282.526041,569,1288.565535
4939.827866,1000,1290.108037
4741.110696,1000,1293.19996
2508.326878,601,1294.157139
3258.933145,688,1295.272073
4311.818411,909,1298.263754
4748.586166,1000,1299.738964
1449.692424,379,1300.228297
1662.283476,409,1302.367934
4905.29769,1000,1303.887806
4650.248514,1000,1306.518547
4523.249118,1000,1308.080208
2008.670406,471,1308.84303
3332.622496,727,1311.478501
4773.081253,1000,1312.663822
2764.622617,625,1315.085127
4724.789053,1000,1316.535987
1008.4065,286,1316.989899
535.807797,172,1317.266699
4534.89576,1000,1320.43904
4708.091764,1000,1321.65992
4543.412057,1000,1324.402064
4942.624199,1000,1325.649758
795.673375,242,1325.972218
942.337945,275,1326.30733
2773.458659,596,1328.813026
1567.063158,386,1329.332323
4783.727848,1000,1330.827369
1386.605265,360,1333.004765
4054.613697,862,1334.120608
1329.513283,359,1334.496372
4787.002144,1000,1337.178917
4772.000131,1000,1338.804316
4594.587121,1000,1341.716366
4872.853264,1000,1342.984987
755.288427,254,1343.26113
4754.18481,1000,1346.069239
2175.365947,510,1346.820128
4859.813029,1000,1348.126769
2797.597298,626,1350.301558
3855.151508,810,1351.374141
1729.554624,419,1352.058019
3213.272604,700,1354.814334
4825.117272,1000,1356.271555
4889.098127,1000,1358.949939
1256.717336,331,1359.488026
4754.992765,1000,1361.120272
1470.679993,388,1363.330331
4766.466406,1000,1364.586189
1887.043103,447,1365.275158
580.737232,204,1365.59883
2259.956594,568,1368.083051
775.8358,239,1368.474294
3202.248678,693,1369.603248
4815.696061,1000,1372.641246
762.011968,234,1373.02868
4703.272411,1000,1374.361107
4898.654906,1000,1377.225028
1520.16401,412,1377.790987
4899.277618,1000,1379.410175
4892.3706,1000,1382.521185
4581.244512,1000,1383.77226
1449.438764,378,1384.244227
4584.381406,1000,1387.4612
4343.161759,959,1388.996056
4832.412793,1000,1391.977389
2963.672404,660,1392.850032
795.186213,276,1393.175741
2237.883297,539,1395.411918
4415.726468,929,1396.668952
916.454611,262,1397.005201
774.267885,243,1397.330675
1557.695968,395,1399.563035
1785.322005,446,1400.193248
2044.144449,482,1400.971128
4805.390048,1000,1402.393491
4926.439143,1000,1405.082033
4727.915549,1000,1406.630126
4794.083899,1000,1409.496089
4839.167422,1000,1411.082035
4888.192625,1000,1414.005694
4718.660108,1000,1415.5691
343.540927,138,1415.774058
894.171013,248,1417.638486
4714.794397,1000,1418.787836
2727.201916,613,1419.478223
4814.647874,1000,1422.740023
1706.764026,397,1423.388437
1012.827949,279,1423.760116
4728.685366,1000,1426.722169
900.513765,269,1427.139462
4709.848165,1000,1428.488319
4499.367976,1000,1431.659152
5050.393387,1000,1433.366141
717.241507,218,1433.76672
4804.913786,1000,1436.624132
4537.685078,1000,1437.9568
4737.49406,1000,1440.883125
1049.88136,317,1441.274093
4979.173011,1000,1444.07985
1005.809819,277,1444.535415
4872.508638,1000,1445.985391
1949.763603,473,1446.606932
4049.141962,821,1449.139402
2220.305742,499,1449.723064
1435.428243,368,1450.112506
3550.162606,741,1452.554749
4862.94691,1000,1454.185361
4958.150605,1000,1457.296808
4848.855267,1000,1458.714054
3789.482696,767,1459.724166
2384.785175,544,1462.231298
4942.545705,1000,1463.759242
4838.978486,1000,1467.32763
4944.698005,1000,1468.839323
4839.771096,1000,1471.306342
968.842694,272,1471.673858
1538.264016,379,1472.289637
4979.383433,1000,1473.918265
4848.06226,1000,1476.665078
4825.477955,1000,1478.001405
225.247977,101,1478.168602
3092.591166,665,1480.907304
4829.159508,1000,1482.287801
559.034131,192,1482.534761
4830.701934,1000,1485.279999
4800.444458,1000,1486.662804
4845.776202,1000,1489.893125
4723.193013,1000,1491.35537
3354.145855,726,1493.897052
4792.422857,1000,1495.505155
4689.704237,1000,1498.327383
4822.288482,1000,1499.626934
4641.577633,1000,1502.497406
4709.170114,1000,1503.817127
4793.522975,1000,1506.893058
4818.790653,1000,1508.489158
1075.01919,288,1508.956921
4720.070665,1000,1511.990993
862.308396,245,1512.387088
4804.295379,1000,1514.000422
4695.27234,1000,1517.221222
4850.884006,1000,1518.575446
4935.279981,1000,1521.046487
731.673711,206,1521.317489
4775.610718,1000,1522.610227
3543.505642,728,1525.275829
4774.20695,1000,1526.703882
4783.072811,1000,1529.56365
4853.81448,1000,1530.892778
4869.81272,983,1534.043103
2014.609475,463,1534.80081
2635.813217,586,1535.753603
1918.289643,459,1536.47079
4870.505711,1000,1539.357035
1090.863246,292,1539.830809
4738.117832,1000,1543.01087
2874.484162,629,1543.967544
2567.738716,560,1544.853255
2922.329343,617,1545.828872
4924.329386,1000,1549.002043
4745.323855,1000,1550.638066
4355.861151,861,1553.464072
3468.077743,729,1554.569059
4242.252623,878,1557.397468
649.159017,197,1557.660997
860.303587,262,1558.000113
2051.811708,461,1558.59137
5016.805869,1000,1561.425682
4867.239463,1000,1562.854571
3436.931864,741,1563.816648
1000.392885,256,1565.818195
4831.813321,1000,1567.079408
1860.26741,462,1567.587999
4950.051481,1000,1570.563999
5012.053083,1000,1571.968322
4796.614801,1000,1574.94988
1085.113002,311,1575.396758
4805.515182,1000,1576.650049
1221.847961,337,1577.194417
945.131031,272,1579.275332
1595.400065,392,1579.907027
3281.423971,708,1580.981278
4855.430878,1000,1584.134472
4916.826846,1000,1585.352342
4909.701668,1000,1587.701133
4762.907152,1000,1589.239196
4637.634087,941,1592.012891
4610.249727,973,1593.442155
2617.868045,581,1594.324822
4717.872375,1000,1597.329977
4800.712699,1000,1598.868086
2189.150477,506,1601.290117
4867.990726,980,1603.070099
4709.820003,1000,1606.237947
3605.181094,787,1607.260533
4681.761699,1000,1608.635289
4701.995196,1000,1611.71176
4587.815222,1000,1612.997279
4737.737292,1000,1615.719105
292.546093,117,1615.871824
4745.904098,1000,1617.179039
825.003073,279,1619.277187
1070.920106,301,1619.763381
4646.757894,1000,1621.347705
3628.386406,785,1624.152467
593.426734,195,1624.41036
410.956769,159,1624.652411
991.104466,267,1625.086471
951.768329,342,1625.649717
4581.019102,1000,1628.788411
4646.688414,1000,1630.387533
1010.096004,307,1630.887715
4681.480397,1000,1634.023719
4682.214915,1000,1635.524142
4631.47117,1000,1638.50226
4742.856703,1000,1640.171606
577.031909,194,1640.483945
3173.854744,729,1643.234764
4534.897477,1000,1644.809036
4793.489484,981,1647.876405
4769.061965,1000,1649.088242
4678.155916,1000,1652.098017
4765.843631,1000,1653.614888
4778.895209,1000,1655.11244
4647.501572,1000,1658.427238
4592.379889,1000,1659.939472
1041.712778,330,1661.912559
4689.981003,1000,1663.137755
2195.762009,531,1663.818468
4617.11426,1000,1666.715959
4694.502829,1000,1668.207682
4732.486892,1000,1671.306076
1046.711463,310,1671.816005
862.017295,275,1672.269848
4770.951384,1000,1675.355909
1075.564399,303,1675.788508
1675.138386,441,1676.510668
4734.366283,1000,1678.137218
1050.751385,311,1680.291877
4743.593257,1000,1681.809148
4590.577245,1000,1684.721181
4698.782445,1000,1686.090608
1053.419858,308,1686.499909
4577.946704,1000,1689.3029
1237.42391,328,1689.694508
984.22587,299,1690.081691
4560.051599,1000,1692.951871
956.175321,272,1693.314184
4686.421862,1000,1694.552113
4565.116522,1000,1697.431798
4505.288063,1000,1699.024615
4627.990048,1000,1701.939368
4573.962831,1000,1703.561853
4482.038911,1000,1706.565568
890.533455,299,1707.05467
1221.788435,367,1707.655758
2392.219521,592,1708.472856
4890.53364,1000,1711.658292
4657.427022,985,1713.378053
4689.180673,1000,1716.577493
4764.433213,1000,1718.182053
4715.527615,1000,1721.218794
4747.431612,1000,1722.757924
4643.417633,1000,1725.587797
4593.804641,1000,1727.119533
4671.309283,1000,1729.93499
4675.061467,1000,1731.479192
4703.435105,1000,1734.516403
771.730713,251,1734.931032
4741.790191,1000,1736.572676
4594.189873,1000,1739.446458
4631.303497,1000,1740.751174
4650.734596,1000,1743.478003
4604.352593,1000,1744.834887
4764.399867,1000,1747.850328
3604.301324,756,1748.857903
4875.076049,1000,1750.47229
4706.265601,1000,1753.631127
4558.936135,1000,1755.216315
4747.432576,1000,1758.151694
1029.053399,293,1758.458305
1093.502795,317,1758.835647
4608.654849,1000,1761.92951
4857.981264,1000,1763.542612
4771.803316,1000,1766.820723
4618.826635,1000,1768.048913
4741.533504,1000,1770.875723
4681.517928,1000,1772.135838
4770.522812,1000,1774.971762
4615.219996,1000,1776.491082
4660.083817,1000,1779.468503
4884.375313,1000,1780.637632
461.128043,193,1780.908916
4778.021344,1000,1784.016988
983.852449,284,1784.48565
4709.806571,1000,1785.984124
3094.395705,657,1788.248015
978.046004,279,1788.617619
4516.454299,1000,1790.225349
1137.13381,302,1790.7242
1187.999357,307,1792.753485
4861.097049,1000,1793.957247
4773.751035,1000,1796.700481
2910.556265,633,1797.693596
4643.099783,1000,1798.994703
629.923247,219,1799.281661
1549.817114,387,1801.430311
4591.856799,1000,1802.702788
4763.95116,1000,1805.674412
4929.907192,1000,1807.163588
2075.430304,470,1807.792408
4611.679616,1000,1810.892987
4760.786228,1000,1812.237151
1008.070886,272,1812.580798
4705.47644,1000,1815.683269
4251.09914,884,1816.887037
5025.034783,1000,1820.042209
823.890062,248,1820.450516
1446.948202,370,1820.93566
4883.383525,1000,1823.952461
3819.672919,803,1825.106483
2987.835875,646,1826.015572
4901.713524,1000,1829.265944
4743.5611,1000,1830.607237
4896.200001,1000,1833.473136
2702.656272,590,1834.237906
863.374894,253,1834.521062
4080.339814,830,1836.996894
2129.28635,486,1837.777674
994.68733,285,1838.156974
4827.094842,1000,1839.396148
2063.678193,505,1841.77696
2071.762295,501,1842.584766
688.800706,208,1842.855522
4832.090648,1000,1845.635116
4875.434483,1000,1847.205186
3553.654355,813,1848.691869
1197.113636,319,1850.857436
4731.071957,1000,1852.153665
4012.703389,824,1853.188493
1680.48088,421,1855.431287
4916.968441,1000,1856.76139
4802.091068,1000,1859.5044
4831.045942,1000,1860.904925
1220.390778,325,1861.433645
4611.39894,1000,1864.410236
4729.457843,1000,1866.034567
611.216765,192,1866.348687
4917.293903,1000,1869.492392
1152.094724,304,1869.880165
4874.327737,1000,1872.822315
4756.6105,1000,1874.244143
3030.063355,663,1875.107726
3680.031594,778,1877.664315
4670.972113,1000,1879.28783
867.045631,253,1879.708515
4758.217692,1000,1882.61059
3474.876512,752,1883.466127
1332.739136,317,1883.882995
3521.977212,744,1886.411981
4517.467047,1000,1888.036488
4849.921931,1000,1891.117296
3106.599703,662,1892.20846
2736.234453,606,1893.153499
4782.281203,1000,1896.23868
4719.300014,1000,1897.844632
4610.589367,970,1900.896088
4783.649744,1000,1902.488612
3655.010151,802,1904.944997
4885.387034,1000,1906.453578
1161.536572,299,1906.809875
637.44816,212,1907.035579
4886.363533,1000,1909.842973
4893.089135,1000,1911.335782
4851.633552,1000,1914.251405
3615.793934,777,1915.178238
4772.720737,1000,1917.511557
3555.040138,780,1918.522909
4799.791455,1000,1920.977698
1668.452301,413,1921.507041
4748.836278,1000,1922.692425
3593.868501,758,1924.946966
4704.710715,1000,1926.091677
4899.854956,1000,1928.548597
4777.566674,1000,1929.563108
4616.621132,1000,1931.785405
4653.486989,1000,1933.071974
4801.53376,1000,1935.623562
4782.043243,1000,1936.530854
4638.306564,1000,1938.754134
4862.078749,1000,1939.671124
4738.513205,1000,1940.599395
4565.63053,1000,1942.876813
4808.256597,1000,1943.793668
795.058101,238,1945.302207
4865.942593,1000,1946.246111
4915.19616,1000,1948.202445
760.169565,228,1948.41754
4632.480411,1000,1949.385959
4807.954057,1000,1951.269832
767.560213,230,1951.48335
4746.649821,1000,1952.399584
4138.550271,858,1954.07114
4573.524661,1000,1954.988648
1230.494196,334,1955.294519
1980.902584,461,1956.602197
5048.503136,1000,1957.515804
4875.352508,1000,1959.315477
4778.350978,1000,1960.261331
3940.745988,829,1961.030642
1617.419204,433,1962.314963
3318.268539,725,1962.981876
4803.900445,1000,1963.896302
3302.739291,735,1965.45646
1299.236554,335,1965.765254
4750.815895,1000,1966.678837
4909.878549,1000,1968.479037
4930.339583,1000,1969.396318
4800.57605,1000,1971.198894
565.015283,177,1971.362008
1090.69803,290,1971.628081
4811.242207,1000,1973.426898
512.530593,168,1973.581476
4670.978337,1000,1974.495374
4938.580439,1000,1976.293855
4577.542916,1000,1977.21142
464.274551,168,1977.367532
4862.154616,994,1979.157693
3107.542072,674,1979.774957
2797.906663,651,1980.374499
1323.18089,388,1981.61829
4536.26394,932,1982.46919
4968.75193,1000,1984.266177
104.917283,65,1984.326488
4777.342914,1000,1985.240271
3755.956812,774,1985.948001
2110.791134,486,1987.277442
533.083162,162,1987.426671
459.088724,172,1987.586787
4906.222897,1000,1988.499624
4751.892813,996,1990.293211
4684.66602,1000,1991.208723
4787.74024,1000,1993.004314
4839.588816,1000,1993.91889
3419.063087,764,1995.503985
4799.40835,1000,1996.418805
1091.490644,318,1996.712878
1231.676248,309,1996.996638
270.40825,108,1997.980516
4899.910752,1000,1998.895243
4774.748805,1000,1999.810048
4683.661156,1000,2001.611861
4772.274889,1000,2002.527045
4667.11553,1000,2004.325708
1111.899664,311,2004.612919
4675.83651,1000,2006.411088
4516.209984,1000,2007.329095
4575.087421,1000,2009.130667
4693.582665,1000,2010.046718
4670.159821,1000,2011.848336
4476.073088,1000,2012.765844
696.023821,219,2012.968319
4590.092843,1000,2014.76905
4141.965031,920,2015.609549
332.702172,123,2015.722719
4662.981113,1000,2017.520684
4647.595278,1000,2018.433809
4596.241902,1000,2020.233424
4495.232106,1000,2021.150512
4535.885778,1000,2022.949621
1102.213656,316,2023.240338
4534.608979,1000,2024.154911
1890.619911,502,2024.617602
4606.572444,1000,2026.416561
4435.079572,1000,2027.330273
4638.990264,1000,2029.126618
1275.162889,339,2029.438998
4630.405221,1000,2031.275192
745.918534,232,2031.488456
747.13175,232,2031.703345
4558.947348,1000,2032.61604
4570.396311,1000,2034.41676
4631.051799,1000,2035.331591
4551.565532,1000,2037.12915
4648.435443,1000,2038.042985
4561.123824,1000,2039.840696
4418.648959,1000,2040.760189
3448.483274,754,2042.637361
4484.420493,1000,2043.565133
715.001473,216,2043.761155
4503.403178,1000,2045.93657
3205.38688,737,2046.604028
4435.210592,1000,2048.659334
4537.696899,1000,2049.567492
4520.38993,1000,2051.673587
4221.852752,1000,2052.63085
4509.240548,1000,2053.534589
4400.925054,1000,2055.581726
4359.530172,1000,2056.4846
4470.938066,1000,2058.533158
4433.857098,1000,2059.435917
4449.854489,1000,2061.442082
4399.796756,1000,2062.344836
4535.696302,1000,2064.397045
4477.723888,1000,2065.361358
4581.319082,1000,2067.387959
1417.301098,355,2067.712401
4418.810134,1000,2069.793258
4608.330712,1000,2070.697018
4514.618363,1000,2072.754567
4602.28551,1000,2073.656193
4398.840392,1000,2075.708208
4694.213398,1000,2076.612791
4562.387617,1000,2077.541848
4703.960138,1000,2079.62582
4658.049056,1000,2080.55442
4704.047469,1000,2082.652402
4528.721055,1000,2083.568563
4588.201971,1000,2085.604988
1289.178868,365,2085.942553
4507.661854,1000,2087.966067
4474.16125,1000,2088.882233
4548.072626,1000,2090.941594
4575.204347,1000,2092.003909
4855.290043,1000,2094.376792
4286.242104,1000,2095.300484
4611.932784,1000,2097.371232
4710.68766,1000,2098.231274
4554.800182,1000,2099.073652
4523.361001,1000,2101.001424
4563.548274,1000,2101.842364
4288.140486,1000,2103.803945
4714.936879,1000,2104.639119
