# {"t_start": 1551811847.1926885, "env_id": "Walker2d-v2"} 
r,l,t
1.002175,12,0.019817
-5.320806,12,0.032608
-3.131107,9,0.042382
-8.868802,17,0.06009
-6.401993,21,0.082152
-4.195898,9,0.091826
-2.94739,20,0.112952
-3.878588,13,0.126796
-3.369125,12,0.139487
-9.80807,21,0.161221
-4.555809,17,0.178976
10.161258,26,0.206093
0.57181,15,0.221562
-4.979593,21,0.243818
-2.572556,14,0.258662
-4.764198,21,0.280848
-7.747448,20,0.301898
1.627619,19,0.321991
-2.121175,14,0.336826
-2.662441,15,0.352359
1.737726,16,0.369205
-0.75368,16,0.385809
3.257292,13,0.399422
-1.586982,15,0.415685
-4.145822,24,0.440478
-1.667488,20,0.461178
2.058478,20,0.482119
-3.350436,23,0.506139
0.949304,23,0.530137
-3.071391,21,0.552078
-2.900088,11,0.563961
-5.039543,19,0.583548
-4.582585,14,0.598658
-12.006172,22,0.62379
-6.703778,41,0.664515
-4.595837,13,0.682974
-5.638714,16,0.705678
9.235189,28,0.744843
-10.167746,22,0.776163
-8.05009,17,0.79966
24.202038,44,0.859323
-6.450429,14,0.878779
-2.288082,14,0.898449
-5.757715,20,0.925767
5.239285,25,0.964543
-3.868208,16,0.987345
-11.32938,23,1.013303
-1.170109,19,1.031668
-8.813949,18,1.048836
3.613319,14,1.061927
-5.665783,22,1.082318
-8.587399,36,1.115349
-2.026451,11,1.125863
-0.696593,25,1.148944
-2.982732,15,1.163015
-0.908448,20,1.181828
-7.347682,15,1.195888
3.700072,16,1.210667
-3.191289,11,1.221303
-13.777412,22,1.241732
-2.394491,16,1.256913
-2.273103,23,1.278003
-15.408914,30,1.305887
-12.075553,21,1.325737
0.30656,14,1.339119
-8.648631,22,1.359767
-4.473769,25,1.383148
0.479925,20,1.401914
-1.671055,15,1.416507
-9.687086,23,1.438141
0.838969,13,1.450402
-0.913054,20,1.469163
-2.867674,12,1.480356
-14.727326,26,1.504469
-6.037161,17,1.52054
4.271016,18,1.537161
-3.162153,23,1.558637
-4.654948,10,1.568294
1.388393,21,1.587626
-0.905099,14,1.60094
4.125169,17,1.61645
-9.803304,23,1.637963
-0.111271,24,1.659994
-1.137932,14,1.673274
-4.138675,22,1.696741
1.159053,16,1.719001
-3.423131,18,1.744045
5.080159,18,1.767135
-0.981877,10,1.780374
-0.812876,14,1.798925
-3.601608,27,1.832865
-4.330451,16,1.854141
-2.447631,17,1.875795
-3.133839,17,1.897918
-2.280451,14,1.917287
-2.413291,21,1.945987
0.538257,27,1.982676
-4.309398,18,2.007597
-6.134142,21,2.036732
-3.547744,8,2.04814
-1.33409,16,2.069317
-0.165527,15,2.089572
-4.104853,33,2.136096
-6.073414,19,2.163056
-8.797205,23,2.194984
-5.949369,13,2.213623
-7.105511,20,2.23912
-0.426047,12,2.253249
-1.038322,16,2.27268
-6.980376,16,3.962889
-1.63237,14,3.983426
3.141404,21,4.011238
-12.34544,29,4.052372
-2.661048,17,4.07271
1.790447,14,4.093424
4.436349,20,4.122759
-1.868611,15,4.14244
-0.461257,17,4.167518
4.370521,18,4.191711
-2.457987,11,4.204946
-3.98284,11,4.219848
-5.928562,35,4.26511
-2.715682,21,4.294503
-1.54066,14,4.313216
-4.027604,30,4.351084
4.321337,24,4.382599
-8.511105,22,4.411054
-4.430847,22,4.441346
-4.86203,11,4.455424
-6.170231,13,4.47172
-7.055237,20,4.498823
0.293938,14,4.517635
-1.401573,24,4.550476
-1.222115,15,4.572101
-1.977387,20,4.599874
-2.420641,12,4.617496
2.92834,18,4.637324
-2.032576,19,4.661885
0.533841,17,4.685602
-4.091445,12,4.702636
-6.099329,27,4.738463
-4.630706,15,4.759556
1.2897,20,4.787546
13.566103,23,4.821368
-6.085135,19,4.853417
-1.420126,17,4.881182
2.350735,25,4.922526
3.273426,19,4.954352
-8.591714,21,4.989002
4.078113,20,5.022274
1.624123,14,5.045655
-1.743335,13,5.065525
-4.115994,16,5.087727
0.608748,15,5.108757
3.776852,19,5.135164
-10.368583,23,5.167161
-5.791281,23,5.199039
-9.885833,27,5.23648
-0.702219,16,5.258761
-6.081592,12,5.275788
-0.523566,15,5.296864
3.530154,19,5.322626
-2.501663,17,5.346439
0.08899,26,5.38204
-8.733814,23,5.414
-5.72454,23,5.445633
2.012872,18,5.471093
-3.755639,21,5.500617
-1.544813,16,5.523288
-4.144846,16,5.545956
0.513459,12,5.563465
-2.768954,8,5.574548
-4.768751,24,5.608466
-14.641974,26,5.645202
1.84452,17,5.668969
-1.417239,20,5.696067
-1.840436,14,5.712073
-1.451064,19,5.733087
-1.934192,20,5.755725
0.271334,17,5.774714
0.822181,15,5.791165
3.22975,19,5.812286
0.04142,15,5.829081
-2.631124,17,5.847667
-2.126232,31,5.881775
0.687396,16,5.900717
-1.928326,25,5.934482
3.398474,27,5.972529
-1.261055,14,5.992614
-9.859981,26,6.028198
-8.242231,33,6.074511
-0.665652,21,6.098368
4.735428,18,6.117827
-1.395068,14,6.135102
-10.622761,23,6.160321
-6.564394,24,6.191922
-11.981414,36,6.242384
-0.525394,20,6.269706
-1.129337,14,6.285542
3.058737,24,6.310899
-6.616499,29,6.349627
2.995716,25,6.38399
0.037438,14,6.403702
3.588641,20,6.43136
0.367738,28,6.469909
-3.016104,31,6.51208
2.336692,16,6.53422
-4.624859,20,6.563396
0.819367,15,6.584512
-1.799247,23,6.616499
-3.765486,21,6.646244
-0.803281,15,6.667442
-3.201976,21,6.6966
-3.835839,12,6.713745
0.068268,20,8.427202
-0.890722,13,8.449141
5.16039,18,8.479021
2.846967,15,8.504162
0.697209,26,8.547637
-0.428864,17,8.576037
-0.446847,17,8.604373
-2.205511,13,8.625652
2.882982,14,8.648729
-1.828942,14,8.672485
12.117809,25,8.713576
-1.328613,16,8.740394
-1.328392,9,8.755578
-2.914084,17,8.784131
-10.979409,25,8.825783
4.044049,28,8.872048
-2.478638,13,8.893157
-5.384934,17,8.922199
1.498372,14,8.944699
-0.392794,14,8.968565
1.706338,18,8.998319
10.166075,30,9.047986
0.634033,26,9.091148
6.255639,23,9.128157
-0.726287,15,9.15336
10.431084,34,9.208557
0.902408,17,9.236572
0.719836,26,9.279823
1.751009,15,9.304821
3.432178,14,9.328267
-1.149407,15,9.353619
1.070337,32,9.406981
-2.785969,17,9.435413
1.450652,22,9.471619
9.058632,23,9.509687
-4.454774,30,9.559185
2.804937,16,9.586089
-0.676915,16,9.612535
-3.596831,15,9.637913
-1.003716,24,9.682957
-1.581017,17,9.712522
-4.496506,27,9.757254
-1.042805,11,9.775442
-3.085433,13,9.797863
1.921997,20,9.830915
7.843861,35,9.887852
2.663633,16,9.914924
-5.988791,21,9.949821
-6.035171,18,9.980109
-2.3228,15,10.004804
-0.529062,17,10.03316
-0.384599,26,10.076269
12.02979,27,10.120988
-0.412521,23,10.158845
4.657275,22,10.19537
-0.111119,17,10.22378
-3.198184,16,10.25062
-3.77533,17,10.279188
5.358703,21,10.313661
-0.670339,22,10.349163
-2.525009,20,10.382062
-4.317268,14,10.405667
4.186447,14,10.428581
-0.063953,25,10.469775
3.425374,16,10.496325
-2.908161,16,10.523242
-5.813313,48,10.601734
3.288427,19,10.63333
-0.868562,19,10.664913
-3.816975,29,10.709707
-0.28843,20,10.731177
2.271275,16,10.748684
-3.752216,17,10.766881
-0.747888,17,10.785258
1.400255,14,10.800073
0.949983,15,10.81637
0.606358,22,10.839967
-9.620456,34,10.875193
8.197469,21,10.897362
-6.294652,21,10.920082
-0.715029,15,10.935971
8.490588,29,10.966881
-2.693219,26,10.994707
1.555133,24,11.020424
2.057432,28,11.049873
-0.638359,16,11.066892
1.734051,14,11.081514
-1.012758,19,11.1015
-0.14832,11,11.11344
2.180371,15,11.129945
-2.545838,20,11.154325
0.065875,17,11.174839
2.604753,20,11.199179
-0.032367,12,11.21234
8.947072,31,11.251015
-0.807085,13,11.267842
-1.73638,15,11.287755
3.719253,17,11.305937
-1.165154,21,11.328339
-7.387703,23,11.352743
-0.674288,17,11.373127
-3.717972,11,11.385783
-1.569357,41,11.438553
-0.107367,15,11.454304
-2.391335,25,13.034949
5.148021,29,13.082311
-1.317414,10,13.099334
-2.627703,14,13.122278
-2.776159,21,13.156353
-4.505393,19,13.18799
-2.047371,13,13.209844
-3.475654,16,13.236453
0.659309,17,13.265151
4.555961,18,13.295121
-3.393415,8,13.308644
-2.636249,20,13.341358
5.851463,17,13.369184
7.465513,20,13.402078
-0.23095,22,13.438488
3.120442,18,13.468198
3.868906,26,13.510744
-0.845493,15,13.536038
-1.848675,12,13.556787
4.147608,25,13.597136
3.376361,22,13.633245
1.096128,20,13.666441
-5.907558,26,13.708812
1.516025,38,13.770988
2.028568,19,13.802628
-1.682589,21,13.837607
8.360566,25,13.878759
13.391855,39,13.942821
-0.295875,13,13.964433
6.196941,20,13.998004
-0.71903,11,14.016311
3.102593,42,14.084244
0.149504,24,14.123895
7.698656,24,14.162206
-3.845536,23,14.199901
3.505497,20,14.232526
0.512961,12,14.25251
-2.864646,20,14.285969
-1.436781,15,14.311019
0.704084,18,14.34133
4.336834,27,14.385178
3.524816,18,14.414973
2.02307,17,14.442578
-0.789212,19,14.4742
8.4001,30,14.522428
4.157505,24,14.561995
5.688667,20,14.59465
-1.577172,14,14.617445
1.009278,17,14.645623
-0.091119,10,14.662227
-2.643629,33,14.715676
-2.843291,12,14.735714
10.09689,27,14.780124
5.626567,20,14.81316
15.95626,34,14.869234
6.454309,18,14.899432
8.250105,24,14.939078
0.436802,27,14.982254
-1.830169,21,15.016543
-4.247733,16,15.04349
16.904163,36,15.102114
-3.361257,12,15.122354
2.865459,20,15.15463
0.820006,24,15.194668
-3.809716,20,15.227877
1.916682,21,15.262022
1.528451,26,15.305305
1.10093,13,15.327579
5.313742,20,15.361039
-6.996231,30,15.40874
0.903218,15,15.43372
6.891614,21,15.468575
11.111548,47,15.544194
-2.161947,20,15.577185
5.300079,20,15.610248
-4.063191,29,15.657186
2.260084,15,15.681906
8.106808,30,15.730506
2.275792,12,15.750369
4.810502,20,15.783258
4.218547,18,15.812908
-1.707102,13,15.833535
1.909965,16,15.855207
2.951197,18,15.878048
9.091507,22,15.907455
-0.422791,16,15.929898
11.882974,35,15.980021
0.926129,15,16.00136
-4.454211,14,16.021799
9.310404,22,16.050943
16.068897,39,16.096116
14.979715,38,16.146604
5.731206,26,16.183006
5.667106,17,16.206685
1.206041,19,16.232745
-1.404479,15,16.25377
10.275485,27,17.77407
-4.946085,11,17.788992
13.046826,26,17.820322
2.365732,14,17.839742
4.948243,19,17.864938
10.443143,37,17.916337
8.559251,32,17.959775
6.153633,22,17.990368
-1.184441,14,18.007574
2.464483,21,18.039195
13.582739,30,18.086093
2.912802,15,18.109014
2.762264,20,18.137075
16.534127,36,18.194577
0.34483,29,18.241704
9.891645,28,18.285732
8.220319,31,18.330402
11.548444,25,18.362872
15.347144,41,18.402328
8.910235,29,18.429158
8.819594,26,18.453296
10.681669,26,18.477834
11.686455,26,18.510918
0.325538,14,18.53422
7.060763,33,18.587948
20.224227,41,18.653748
7.887294,20,18.686467
1.998616,28,18.732317
14.2253,30,18.781052
4.522015,27,18.822695
3.513586,17,18.846048
10.707697,24,18.877868
0.626311,21,18.906732
8.431348,30,18.946679
5.1551,27,18.982917
22.053994,42,19.038556
2.846138,81,19.14874
-0.332046,13,19.167302
9.184067,29,19.207655
7.73693,20,19.23547
10.942892,28,19.274033
8.849612,28,19.312505
13.484062,28,19.350706
22.302938,45,19.412984
10.365095,29,19.452912
4.187806,23,19.484562
25.405159,44,19.544556
2.405181,21,19.574022
13.833101,26,19.610072
-1.245209,13,19.628604
-3.933711,17,19.652231
5.497064,26,19.688145
10.980423,33,19.733994
9.840184,22,19.764574
5.395271,23,19.796444
1.333168,15,19.817446
11.349787,30,19.859143
0.757127,13,19.877512
1.555212,13,19.895877
12.509576,25,19.930287
12.524864,37,19.981795
8.718342,25,20.015956
6.308668,24,20.049061
4.625017,17,20.072759
13.528188,33,20.117625
-0.858905,15,20.139373
8.025594,27,20.175794
-0.774837,21,20.19838
3.669996,25,20.227391
2.596802,16,20.247886
-0.466217,20,20.276372
3.699074,18,20.296454
2.756566,17,20.32069
6.170654,19,20.348342
11.549114,29,20.3794
11.632056,32,20.415843
1.003971,16,20.433795
15.752823,32,20.474566
2.562366,28,20.509819
3.564561,17,20.530597
27.869013,41,22.060535
12.284316,51,22.140731
5.375872,15,22.164963
33.966469,46,22.238662
9.145469,26,22.280329
9.571879,32,22.33171
-3.786035,30,22.380108
5.237566,15,22.404231
22.471852,31,22.453381
0.713374,14,22.476391
1.698138,14,22.498726
13.364277,21,22.53243
1.916439,15,22.556634
26.360727,35,22.611876
13.601446,32,22.662964
-0.287882,15,22.687403
8.28503,34,22.741881
14.284331,33,22.794707
9.01278,24,22.833802
21.508916,44,22.903198
41.554076,54,22.988602
0.601426,12,23.008196
1.210882,25,23.048279
16.929749,35,23.104113
17.164632,27,23.147652
6.155694,31,23.196594
0.082005,14,23.218834
9.643751,27,23.261775
18.14029,34,23.316729
8.145907,29,23.363278
7.633823,28,23.407952
17.926399,39,23.469967
2.477408,21,23.504042
7.027268,27,23.547606
2.209873,20,23.580075
7.88598,26,23.622042
8.751791,29,23.66859
3.148485,22,23.703422
3.964846,16,23.729495
-2.527303,12,23.749178
-3.02637,18,23.778241
-4.689485,26,23.819921
5.698429,30,23.868502
-2.916488,24,23.906803
-0.045189,12,23.926271
13.31253,24,23.964527
13.332392,31,24.013407
12.872648,24,24.052033
34.404738,44,24.122536
6.160508,27,24.165611
3.746616,15,24.19005
19.543484,36,24.247835
25.761243,35,24.303558
20.751369,51,24.385492
45.50747,54,24.472007
5.21168,23,24.508459
32.956757,47,24.583135
2.918107,21,24.617097
15.065469,39,24.678825
1.52322,19,24.709578
12.756252,30,24.757749
18.136025,49,24.836791
9.966665,35,24.893126
17.906904,32,24.944552
7.106399,24,24.983413
16.524946,38,25.044168
13.148133,30,25.093067
8.670887,31,25.142872
9.050575,35,25.199396
4.61445,26,25.241813
18.232666,35,26.864373
11.142201,27,26.908843
8.47431,22,26.945208
17.689324,36,27.004054
1.596498,14,27.027138
16.800712,31,27.077774
26.137682,39,27.141236
22.284905,42,27.209482
-3.09604,9,27.224723
21.957858,36,27.283266
27.455016,38,27.340997
17.435081,36,27.390436
2.841483,25,27.425012
24.296677,47,27.489286
24.506229,49,27.556399
32.184454,42,27.613574
10.893884,27,27.650215
66.419607,98,27.784644
17.399733,28,27.823522
13.309721,36,27.872389
8.798626,26,27.9085
17.720033,38,27.961002
24.081582,56,28.038191
34.521415,47,28.09549
0.93734,22,28.119842
18.213501,48,28.177134
16.148653,31,28.213943
17.013698,26,28.250285
30.245812,44,28.305756
15.823306,28,28.343757
8.702872,46,28.402593
2.563353,18,28.424338
15.840231,34,28.471815
37.135881,47,28.529475
71.479317,87,28.636364
4.76994,19,28.664035
35.908221,73,28.757994
34.581173,49,28.819299
12.559497,53,28.882953
32.367376,46,28.936642
-0.119925,15,28.953153
10.741657,28,28.982244
25.048795,52,29.045524
9.143042,32,29.090475
20.651247,36,29.139199
25.980564,43,29.196794
23.488686,50,29.264079
2.301535,32,29.302944
13.427831,30,29.337566
32.136681,60,29.418206
20.41348,45,29.478748
8.40936,28,29.517778
20.765827,27,29.552114
37.769966,55,31.054677
21.319281,46,31.129313
36.907735,64,31.232972
15.179887,35,31.290854
40.614088,59,31.386838
26.598065,59,31.483086
34.245765,48,31.561037
19.236724,67,31.669195
19.395535,37,31.730282
69.677739,68,31.840682
26.14858,52,31.925669
43.143228,67,32.035938
15.529927,26,32.078841
25.71316,40,32.144233
85.693052,89,32.2671
7.167049,26,32.300904
30.972172,43,32.355953
29.678425,45,32.411429
33.138011,41,32.462701
27.554209,45,32.521539
42.70298,58,32.597766
16.134331,31,32.639157
29.062524,67,32.727136
25.227536,69,32.813862
62.793878,82,32.919178
45.530134,96,33.045148
22.173047,49,33.109939
7.044251,20,33.134083
18.735908,31,33.17371
43.438877,65,33.254048
11.930234,25,33.287613
29.923003,79,33.384728
26.12463,37,33.434949
18.512892,41,33.488825
12.888604,41,33.538395
17.771617,35,33.585479
16.841584,36,33.633339
29.31217,49,33.699892
10.83871,28,33.739229
37.294656,41,33.796197
46.033527,66,33.884642
6.31326,27,33.918937
78.657948,70,35.627425
40.387026,52,35.710926
53.924033,70,35.824748
49.073988,112,36.008222
36.075263,72,36.124532
3.298583,14,36.147519
17.86376,39,36.210562
151.79745,107,36.339927
34.556155,48,36.400489
44.272784,54,36.473886
57.074136,80,36.577317
86.599833,67,36.669517
22.239685,48,36.735961
77.011947,124,36.93601
22.063905,51,37.017792
60.887945,95,37.169625
19.593475,36,37.228518
62.630837,71,37.342711
198.948401,145,37.575678
16.884456,27,37.619027
214.997943,114,37.804449
74.912173,75,37.925047
55.466584,146,38.166723
67.556096,101,38.331234
20.589651,43,38.400718
53.42382,105,38.568767
73.333843,93,38.717587
97.385382,77,40.341399
294.168532,178,40.613783
85.194556,93,40.753814
0.282808,12,40.771018
158.210602,146,40.992315
29.84056,44,41.053274
27.263006,41,41.110383
73.836261,60,41.206288
53.623127,56,41.283038
59.508348,63,41.360553
183.363871,122,41.50649
29.609406,40,41.557509
80.807609,81,41.683944
74.165291,86,41.834058
72.313533,131,42.071824
46.985868,68,42.195225
28.528285,36,42.260476
76.397543,82,42.409826
48.199867,61,42.520904
71.593496,83,42.670146
63.013476,74,42.805568
64.949666,78,42.947315
55.060073,55,43.046155
81.737217,141,43.302739
32.996811,39,43.374315
56.389677,65,43.492114
24.464657,48,45.24117
47.617281,50,45.320326
-8.872487,139,45.540736
146.949173,85,45.676625
57.113734,68,45.784806
125.359179,116,45.970272
94.05386,79,46.095481
92.897649,76,46.216514
90.874977,97,46.370776
114.551072,149,46.610872
173.914558,142,46.838343
176.834249,140,47.062667
57.853405,71,47.176513
206.951214,121,47.3734
34.690235,45,47.445465
79.693041,105,47.613169
80.236533,77,47.736194
44.634287,54,47.822267
23.37778,40,47.886767
251.487187,176,48.171376
427.010274,436,50.178606
178.886175,315,50.530747
95.054869,94,50.630653
85.877896,124,50.761215
81.325357,78,50.840329
190.989504,144,50.986548
339.483956,440,51.483895
64.273566,66,51.569024
413.92657,486,52.238717
88.789392,135,54.144377
75.514801,212,54.458166
-11.449018,171,54.720092
184.48204,111,54.919442
168.048233,96,55.093204
77.052998,65,55.211028
114.578368,86,55.36521
36.815881,214,55.752746
80.940214,241,56.188735
176.139751,112,56.393045
224.912607,129,56.623081
103.669815,99,56.801571
71.833555,66,56.918551
83.062315,81,57.064722
118.200761,96,57.237854
58.835323,194,57.590611
177.055217,111,59.406285
197.892808,136,59.625
110.198598,109,59.799664
73.285969,192,60.10941
204.68266,132,60.321006
243.225228,177,60.562168
209.137634,326,60.977665
222.432862,142,61.155924
144.312353,95,61.295833
23.03134,31,61.346026
502.679769,562,62.260291
42.281042,65,63.98057
1027.8768,1000,65.566773
280.69398,206,65.894695
62.444526,58,65.98807
926.117048,1000,69.09723
10.237888,175,69.28178
176.753266,99,69.380812
288.84364,237,69.599379
154.275133,104,69.709055
214.191146,318,70.150566
846.202579,1000,72.960969
129.048479,276,73.413227
919.170533,1000,75.068716
100.34205,259,75.496719
431.692851,317,75.945711
201.911579,132,77.65085
540.793127,517,78.580366
263.43011,245,79.025284
240.603742,137,79.27432
316.440615,262,79.747808
343.736767,241,80.180696
908.203991,1000,83.728898
982.759316,921,85.060191
718.791523,872,88.108081
289.207278,163,88.321613
48.334076,166,88.552704
178.062654,104,88.697026
234.671894,153,88.903716
267.423409,156,89.119106
325.287538,212,89.4242
157.495064,121,89.617968
161.572498,235,89.998432
248.353274,160,90.257252
658.471098,561,92.694098
53.192041,185,92.937963
283.770309,169,93.137226
319.533886,208,93.416909
960.613888,1000,94.89977
235.749124,152,95.139683
800.410246,700,97.692192
245.372828,142,97.873966
199.186664,110,98.004671
230.965491,123,98.126083
269.781236,155,98.30757
236.732303,136,98.487993
222.651201,137,98.665584
53.089854,160,98.866426
250.16739,150,99.040437
258.668905,165,99.241138
240.302766,149,99.443209
30.212177,128,101.193755
279.944351,145,101.430377
249.334084,150,101.674225
207.679814,123,101.873586
395.254057,247,102.275986
232.754745,124,102.477142
171.228792,134,102.695602
260.446338,148,102.93517
214.062363,109,103.112596
217.029814,144,103.347506
246.39146,127,103.554326
195.616172,122,103.751132
262.077489,156,104.005209
335.726365,181,104.284086
177.284032,109,104.4292
170.536009,96,106.027329
190.260956,104,106.192804
302.795847,175,106.471888
235.620934,126,106.672083
372.246034,297,107.10987
233.922397,132,107.287951
195.770004,112,107.441766
216.42414,119,107.592788
222.42174,128,107.762719
488.057109,416,108.438053
247.713063,147,108.67608
478.305899,362,110.736479
213.397463,133,110.871792
238.602819,137,111.011268
144.488726,248,111.333203
423.438999,307,111.719508
301.124594,165,111.933967
223.955317,119,112.095243
291.463954,173,112.324382
387.615607,233,112.603762
227.553262,129,112.758256
277.842615,162,112.954164
281.026818,149,114.651449
280.885954,190,114.954893
251.894839,138,115.173097
309.482913,232,115.480783
184.443278,112,115.593232
353.611468,205,115.821527
247.593284,125,115.99158
347.715013,157,116.188843
250.007703,153,116.357367
321.958977,170,116.554919
61.311507,214,116.796707
329.075419,144,116.984475
768.006648,670,119.420273
312.541812,153,119.66734
315.972047,171,119.941725
313.064535,208,120.277388
857.469681,1000,123.43429
364.461367,188,123.727366
269.91147,151,123.968062
344.819593,183,124.262789
345.311562,162,124.527538
335.007438,156,124.78082
270.586325,134,124.996384
314.289049,152,125.242545
233.528183,148,125.478633
369.367471,184,125.777483
254.938463,137,125.998216
363.416994,198,126.319723
324.684519,178,126.608995
432.426971,215,128.427533
312.013494,180,128.7109
381.300946,161,128.934773
100.426464,84,129.052733
367.814408,183,129.30888
378.602019,173,129.537404
359.762042,193,129.781521
270.613922,117,129.944359
332.343329,148,130.144513
424.549657,196,130.407341
351.562911,202,130.692517
326.678659,154,130.901691
321.903762,161,132.615074
257.134231,135,132.837155
345.401583,165,133.106612
359.901436,197,133.396851
577.880326,375,133.833239
277.997042,142,134.024235
343.079743,180,134.23545
284.272561,115,134.389043
319.026519,140,134.583673
375.841263,178,134.828338
394.440098,206,135.094444
408.576805,246,136.996053
541.227771,313,137.508495
382.702456,183,137.803373
394.155433,214,138.092587
377.361615,164,138.296433
376.886492,191,138.549582
374.105686,179,138.762877
376.261893,190,139.009616
234.6121,126,139.168232
306.136985,141,139.342033
385.442459,189,139.577375
86.258386,211,141.164601
134.481055,107,141.284702
401.050982,181,141.477737
360.615806,161,141.666429
484.2146,273,142.037321
365.435152,159,142.230908
420.476337,213,142.507597
585.851654,384,142.986332
347.58726,180,143.191917
283.239563,146,143.383278
512.829577,279,145.192956
346.804469,179,145.379553
447.001167,212,145.611567
383.027182,184,145.895393
418.499922,206,146.221455
325.33245,159,146.47372
664.407475,485,147.250258
482.286987,205,147.575886
470.349811,241,147.960009
357.851292,167,149.870607
573.256933,344,150.371718
594.507326,400,150.896816
353.679029,172,151.128762
777.044059,506,151.823198
452.329442,248,152.154936
415.362011,194,152.415965
390.699861,174,154.132611
492.378657,249,154.538793
571.682698,283,154.99958
656.621301,413,155.67429
415.010276,186,155.978296
474.528947,222,156.337319
510.539518,299,156.822677
472.16161,244,157.165388
493.53989,277,159.074377
478.413175,297,159.45599
376.486696,229,159.746198
474.177725,268,160.098866
712.296262,468,160.710556
811.897365,556,162.79428
472.174374,230,163.118382
396.477388,188,163.38384
505.946609,279,163.729575
532.719878,272,164.081054
356.52234,160,164.290837
540.526879,285,164.676827
489.355868,214,164.968375
399.564292,199,165.242289
491.522582,239,166.87984
364.062796,168,167.063799
453.661584,196,167.29881
25.439091,36,167.33577
462.855144,238,167.584433
467.930307,237,167.887571
385.977595,192,168.151681
439.402798,213,168.430124
559.868319,290,168.809323
403.295867,179,169.024766
485.848614,254,171.022839
424.020577,182,171.352823
474.206101,215,171.74264
475.973154,237,172.174363
325.510151,146,172.440109
582.162418,314,172.998268
403.865199,190,173.258094
414.419628,191,173.510752
384.979762,175,173.75134
438.000634,184,173.972651
381.56416,162,174.168552
561.043656,277,176.158195
396.622819,169,176.432388
395.134041,171,176.706629
398.768572,185,176.967521
439.797884,205,177.249756
430.901252,189,177.512813
348.557982,169,177.765704
457.020202,188,178.032337
411.153669,188,178.290235
437.783515,184,178.51954
456.352638,200,180.308511
420.095383,207,180.640813
476.567124,238,181.023397
406.154627,184,181.317303
442.342132,186,181.603162
413.807205,183,181.853107
458.981344,200,182.119905
357.48462,170,182.380156
430.502975,183,182.672901
430.86035,202,182.996782
20.77217,32,183.048562
469.347783,207,183.382436
456.161263,202,185.320116
566.705694,288,185.667011
419.574507,200,185.988364
520.48916,233,186.372068
460.618056,206,186.711572
420.518818,183,187.013777
345.803607,145,187.254457
417.167401,203,187.590564
462.98088,214,187.943852
408.697439,183,188.244636
446.714386,194,190.046239
565.5085,288,190.396247
98.631658,79,190.50701
480.483315,203,190.786805
388.982231,186,191.01093
419.132921,203,191.281467
379.176618,146,191.478729
468.149351,199,191.77756
509.007738,267,192.216623
483.972098,197,192.538992
399.306138,169,194.337396
399.695008,169,194.538146
406.600236,179,194.774998
441.914832,178,195.006703
394.207014,187,195.307318
361.748396,165,195.572244
442.694676,194,195.882956
352.118601,156,196.132548
486.739268,212,196.473226
287.909857,129,196.680896
426.099518,167,196.949558
418.814441,186,197.247617
449.44508,198,199.13472
466.398015,190,199.446481
441.838846,189,199.738916
436.070009,201,200.021065
432.301451,183,200.211374
377.048594,162,200.380049
566.192142,255,200.709562
394.427252,175,200.95214
394.710132,182,201.181124
472.964001,215,201.449854
446.027347,174,203.231765
469.150565,200,203.560404
507.506186,225,203.823936
484.593011,204,204.103671
409.564988,179,204.348717
452.771881,176,204.581879
324.694866,137,204.750473
455.465047,190,205.000434
461.558513,195,205.255453
454.730727,185,205.485385
401.905391,164,205.683892
460.852004,193,207.398913
419.364115,206,207.731597
438.765249,204,208.060306
485.169099,213,208.320037
455.82373,196,208.624529
441.471912,174,208.912233
421.411857,184,209.215334
425.871363,198,209.543353
500.369101,208,209.824128
649.514281,255,210.208514
398.133106,197,212.210991
476.423006,201,212.54119
533.607155,202,212.87042
417.178893,174,213.153467
498.920163,209,213.439221
433.309782,178,213.673143
465.608737,187,213.951953
489.901902,208,214.226436
474.815202,199,214.450257
494.635892,204,214.713332
435.179972,182,214.966168
494.49675,198,216.940393
414.078078,175,217.176835
431.440069,179,217.416468
587.914113,232,217.719764
390.381764,161,217.938156
476.202361,188,218.219879
439.747882,194,218.534404
452.402756,179,218.808648
509.364746,213,219.108652
426.703349,181,219.317492
466.512559,190,219.516444
450.78445,179,221.195784
559.199235,227,221.511612
502.529759,192,221.769286
378.040098,164,221.979311
447.385821,178,222.212005
495.170518,197,222.506833
424.836354,183,222.806195
511.044959,189,223.113317
498.548058,220,223.471281
459.280775,184,223.763354
407.513904,161,223.973675
397.223227,172,225.808404
740.396609,279,226.256584
452.677918,215,226.592274
420.526958,179,226.834851
444.838434,179,227.073869
426.709695,186,227.319829
484.743915,189,227.569201
534.385331,210,227.833644
454.593506,207,228.101105
479.749086,185,228.324712
492.78102,204,230.011688
485.172134,203,230.241759
493.87868,187,230.490024
441.389483,170,230.724518
418.247526,165,230.943899
471.26891,179,231.139217
473.401466,181,231.372215
432.984325,178,231.615974
465.583853,205,231.885478
437.017625,181,232.091074
500.527138,202,232.35654
472.035764,190,234.13778
470.111384,181,234.326659
515.772644,200,234.573243
437.795538,172,234.786679
497.472667,189,235.048961
612.139388,236,235.423029
467.604754,177,235.704482
466.702477,186,235.99898
485.305943,189,236.299398
654.826663,240,236.679063
490.342041,186,238.637438
511.561554,208,238.975006
705.921838,256,239.392487
487.211937,217,239.74092
488.1336,187,239.991176
423.630348,164,240.208885
558.389102,221,240.563632
61.162738,56,240.654585
685.953395,235,241.03408
585.309647,241,241.423821
466.019129,172,241.700779
451.630151,171,243.422098
643.79098,240,243.814615
516.117867,199,244.137778
378.520743,149,244.381133
619.470377,238,244.768472
530.007688,204,245.100669
498.948104,184,245.399915
496.622494,193,245.712701
456.647944,171,245.990855
415.389108,160,246.226093
472.491322,181,246.472609
471.504763,183,248.198294
474.646828,192,248.44726
474.190691,191,248.699745
458.70778,171,248.911575
443.85743,172,249.099729
443.435572,161,249.26674
518.807168,215,249.540602
484.972369,183,249.776986
487.636928,211,250.056097
441.080017,169,250.265883
484.860437,200,250.52735
422.414821,180,252.395184
473.828507,179,252.68558
503.404681,182,252.981004
621.994201,242,253.372584
465.361453,180,253.66295
503.093632,185,253.914389
490.004291,182,254.162135
450.29815,159,254.370831
677.600194,236,254.691383
439.152457,172,254.923611
497.076868,181,256.550627
563.780839,210,256.933363
504.79045,193,257.209131
573.896059,218,257.480959
487.913508,183,257.671945
433.551723,177,257.870205
476.98703,208,258.152372
374.676841,188,258.399349
596.42329,227,258.693156
579.149746,208,258.968327
561.389623,201,259.201266
714.118388,249,260.866235
507.313022,205,261.127361
521.430955,195,261.342127
469.889472,174,261.574891
47.150137,52,261.644669
460.188344,165,261.866078
9.251048,22,261.896746
402.537238,154,262.13424
709.152386,250,262.536858
710.447265,267,262.9647
556.309192,194,263.270577
543.101878,200,264.96157
715.796052,264,265.292034
553.410497,202,265.544745
432.135295,161,265.751168
667.75783,243,266.066856
695.714542,248,266.39674
596.128369,208,266.668807
689.487909,258,266.994051
495.858738,185,267.246217
38.47592,45,267.307969
576.931246,225,269.147848
513.512965,206,269.444851
536.145234,190,269.753057
506.519297,197,270.070034
633.478773,237,270.451909
560.139141,205,270.764074
645.632813,235,271.123585
589.310339,220,271.467091
496.006221,187,271.684763
500.192653,191,271.947443
462.776975,179,273.649156
434.639761,166,273.850174
442.881349,184,274.124739
1035.721406,372,274.728043
468.284758,178,275.015896
895.445043,324,275.455577
372.711463,169,275.656775
635.139978,230,275.908249
444.387939,169,276.091712
773.89995,283,277.877702
312.297518,152,278.127072
508.86122,177,278.36661
886.728578,322,278.799115
829.642916,374,279.280666
693.891341,247,279.675205
1005.899532,380,280.294355
585.064874,209,280.631392
448.374843,188,282.418048
405.631922,178,282.606171
640.041793,240,282.923391
306.813071,169,283.13628
429.707899,182,283.389873
359.97168,160,283.650524
666.227593,243,284.0442
403.713345,181,284.339878
494.008773,180,284.631961
536.375097,195,284.948959
1064.50137,366,286.994941
741.555637,276,287.353851
1247.068434,495,288.014737
505.789025,180,288.251006
404.407135,174,288.482198
690.37046,242,288.754317
761.670105,264,289.105271
695.880963,241,289.366035
412.634115,183,290.997021
490.968834,187,291.189293
1082.990733,379,291.770268
492.05229,185,292.070667
421.834254,182,292.365157
462.618356,179,292.617896
661.41126,236,292.952347
701.944935,260,293.24485
1215.301409,486,295.590063
1005.867281,390,296.218925
812.347185,292,296.695332
600.335777,217,296.993901
667.093935,269,297.342031
432.314705,178,297.542761
706.956097,251,297.839278
560.426844,276,298.176028
1059.720799,370,300.058308
561.404625,229,300.356687
439.411327,167,300.617967
947.064004,345,301.172827
385.726811,174,301.453086
576.200031,224,301.816409
1330.491084,447,302.478929
578.718099,217,304.318416
700.002349,282,304.660561
1308.460139,482,305.302941
729.71707,253,305.646053
1004.126765,365,306.109287
1408.338467,530,306.670162
703.284747,284,308.520298
630.685023,257,308.792369
517.437709,208,309.045187
752.161777,268,309.454312
567.380845,217,309.802667
984.190433,359,310.376241
1571.780703,528,312.810403
928.581133,350,313.189673
1090.846156,375,313.575567
921.38404,357,314.032961
344.774466,159,314.230051
432.013651,175,314.507007
775.950268,278,314.947145
953.721978,379,317.158146
524.287336,193,317.465587
559.518811,203,317.742828
643.904469,236,318.056091
931.225416,363,318.517539
522.851289,182,318.744829
579.216223,210,319.021553
808.900495,280,319.385459
759.16808,293,319.746104
976.507065,339,321.819588
1633.181278,574,322.574248
629.62177,210,322.905987
585.071483,217,323.255941
689.300888,239,323.6393
888.099218,310,324.133565
723.62868,255,325.986027
739.170683,274,326.321134
1726.645119,592,327.166306
1168.829337,431,327.897372
453.07108,175,328.219417
697.825027,249,328.676138
1087.237419,387,331.255735
669.777018,235,331.582814
839.098349,370,332.174932
446.493536,177,332.461659
688.47238,241,332.847418
1088.218368,393,333.47398
508.30751,198,333.792932
606.617071,244,334.182494
1508.695987,531,336.510939
647.797558,264,336.853699
653.64711,224,337.14565
629.740258,213,337.430851
614.202136,241,337.756932
1142.37892,373,338.28931
682.194769,264,340.352687
1652.65957,635,341.184134
789.884372,264,341.523165
688.593815,220,341.802706
648.338727,253,342.126868
1428.864017,432,342.701885
1442.316501,534,345.107501
874.996558,318,345.631182
1377.460201,451,346.315965
753.896076,293,346.683161
513.20033,187,346.886163
823.818933,282,347.177721
2498.51663,825,349.842585
1674.035455,539,350.540253
837.73461,289,350.915638
1363.765609,518,351.600705
664.165341,234,353.46369
630.334003,220,353.819883
939.906525,353,354.37943
1027.04184,389,354.960772
921.738284,292,355.367797
472.106551,183,355.609004
2529.772358,823,358.320983
513.510898,231,358.696686
413.999988,157,358.946076
937.909994,308,359.320038
1094.287233,394,359.839005
836.391499,336,360.275275
1786.443186,611,362.620222
1156.902188,402,363.284526
1467.71495,473,364.065049
1677.513663,598,364.927257
955.467299,296,366.92867
691.819987,234,367.242385
736.773121,258,367.601103
1153.632218,383,368.215374
315.564282,159,368.468634
305.639027,150,368.710635
1514.327005,491,369.480532
958.488898,330,371.433351
821.80844,279,371.881206
881.477042,284,372.337878
1097.07106,373,372.928875
1079.506005,425,373.495005
1153.375766,401,374.139851
1071.94984,377,376.314469
824.447975,268,376.66785
1169.013599,383,377.16651
752.702077,297,377.53231
1286.620781,430,378.072438
900.73361,325,378.485048
1197.817004,407,380.399981
1297.779646,480,381.046199
1290.349472,432,381.755078
917.981797,311,382.266417
527.1211,234,382.651378
1277.260976,412,384.875178
476.835333,195,385.119004
834.4616,315,385.50141
1547.927471,517,386.200881
854.057953,290,386.593919
774.64476,257,386.908939
1947.913301,678,389.250661
1449.967117,508,390.072213
682.036204,236,390.470466
888.593099,303,390.968424
2405.366837,765,392.226205
952.89756,320,394.271789
934.092586,301,394.754915
976.131487,327,395.283807
1249.594608,440,395.873878
926.460651,284,396.19939
727.57741,227,396.487872
2002.39207,636,398.970126
988.217107,325,399.498871
693.600452,254,399.912448
536.690953,190,400.220369
1571.87047,486,400.88687
1485.670348,490,402.844079
410.41837,157,403.00563
1569.924579,507,403.542661
441.695745,169,403.736002
248.674011,138,403.899173
1071.204146,355,404.374354
1574.328116,496,404.964063
284.380395,127,406.488106
3109.24244,978,407.841612
1803.915849,583,408.607591
1167.371275,366,409.105242
633.613392,247,411.043005
1154.006229,394,411.691318
1609.659897,511,412.529221
1785.913523,566,413.294648
917.121273,315,413.714629
1850.435825,571,416.048546
1295.761677,407,416.704325
1475.471153,473,417.463595
3181.512553,1000,420.292309
315.569971,150,420.541429
271.475087,128,420.75093
1447.714841,466,421.508117
292.886762,149,421.752685
941.869783,309,422.252621
3319.166869,1000,425.339651
1776.594458,574,426.161839
1335.209545,434,426.736359
570.415486,235,427.044489
1554.376355,487,429.278404
1879.344404,589,430.234481
271.963524,130,430.447072
1040.555142,346,431.011637
283.48713,134,431.229712
2294.604155,717,433.919106
467.762444,212,434.26052
528.006459,198,434.579669
1369.829863,435,435.278668
2637.804836,834,436.584365
2955.188005,897,439.448582
1594.679553,524,440.198435
926.307682,310,440.63807
1387.571957,411,441.229377
1215.890119,372,443.137778
2162.867408,622,444.145881
1409.170162,440,444.861593
899.056125,312,445.292862
2805.257128,853,448.236967
754.654898,248,448.62644
835.319138,264,449.021736
1222.209025,407,449.636586
1110.125408,356,450.161382
2518.977737,749,452.959293
783.664931,268,453.321853
2091.59792,641,454.08468
717.699685,240,454.414378
1888.595044,577,455.090559
1236.489999,376,457.153831
1156.495489,359,457.740896
618.38906,244,458.091451
1417.374931,415,458.649269
1773.855621,544,459.338071
2466.83767,757,462.138529
809.143672,264,462.568812
1095.869722,376,463.11075
1306.858031,414,463.70059
915.995604,300,464.179559
1468.276799,446,466.544464
969.307619,330,466.981024
2110.148911,670,467.872434
1104.690987,363,468.346059
1495.208904,474,470.372303
1602.58635,496,470.961787
1350.952584,399,471.464413
1199.15062,384,471.961371
1273.315817,434,472.519662
951.441256,315,474.468264
1578.954728,505,475.137723
2462.74329,748,476.145258
889.157298,283,476.502108
1314.421454,401,478.723399
2053.807137,607,479.698796
1257.586221,395,480.298636
1336.588231,388,480.933243
1319.832482,434,481.641865
1280.489793,392,483.811425
1626.769653,517,484.665685
771.85957,291,485.13905
1082.358635,334,485.581957
1434.006268,409,486.07149
1646.768128,554,488.100704
1132.243756,366,488.433845
1441.76833,455,488.847054
1315.252354,399,489.209513
3396.975301,997,491.721567
2333.714784,660,492.45518
1923.913318,626,493.026001
1826.697847,547,495.171611
1548.467933,492,495.795779
1127.915375,345,496.227492
2039.365034,603,497.118188
1372.464825,434,499.312886
1327.217022,409,499.88505
2166.528108,632,500.900298
933.668788,324,501.380647
3071.579811,885,503.912024
1633.945877,495,504.593357
2431.52723,700,505.733689
1529.650658,473,506.506094
990.005878,310,508.586617
1531.239783,475,509.209747
1317.994365,398,509.678312
3269.750684,894,510.753436
1814.020071,531,513.022125
1271.199442,391,513.632715
923.57552,299,514.071684
958.328448,324,514.405593
1086.366516,350,514.765063
1284.390802,405,516.70862
2414.094939,688,517.818818
1581.706072,487,518.610077
1852.350917,545,519.370124
980.711972,319,521.303918
2489.994958,674,522.333456
2042.975444,583,523.097805
1635.681039,461,523.7762
1593.034252,476,525.742617
1367.172968,448,526.475011
1211.092776,363,527.010996
1036.836659,325,527.445427
1424.836949,426,527.870882
647.139167,230,529.482781
1081.268533,343,530.027562
993.853663,328,530.469577
2071.020893,613,531.269564
3051.174007,926,534.12193
2533.757341,752,535.102742
1309.435536,379,535.649695
1758.726056,509,536.468251
1177.724237,365,538.67601
779.166729,269,539.036911
1969.361562,572,539.802095
2257.032188,667,540.567863
3282.209827,892,543.448427
1702.585105,520,544.143745
1351.094474,414,544.810234
2571.191321,746,547.213013
1814.881161,545,548.030226
2276.463096,637,548.896363
1869.749112,546,549.536326
911.455805,286,551.478156
3509.745796,1000,553.007308
717.232334,239,553.396496
962.582218,294,553.874254
1161.852205,344,554.432528
1834.289704,564,556.714543
2254.04799,670,557.590099
1526.765004,485,558.202079
987.336531,304,558.618958
1350.503303,424,560.633904
1610.025657,474,561.391047
1188.94999,358,561.971007
2212.104943,688,562.952746
1639.357945,514,565.184519
1604.929893,462,565.919534
1677.218559,507,566.584884
3410.409662,1000,569.540389
1846.022314,566,570.400253
1151.491256,350,570.955058
1004.776078,314,571.453604
2133.783293,638,574.128001
457.231414,168,574.397006
1545.038803,436,575.029241
2295.653728,646,575.849831
1308.210276,388,576.385269
1098.15048,331,576.839889
1220.416788,360,579.025527
1734.499883,509,579.850711
1840.34517,583,580.77853
1945.746779,560,581.514349
1224.870648,363,583.69184
2085.112804,616,584.799278
2738.592386,756,585.758932
1532.693189,442,587.884681
2236.310905,663,588.927907
1683.78335,467,589.480517
1290.018479,388,590.01716
960.692758,295,590.489326
1749.787455,522,592.742383
971.779774,299,593.144558
1157.482019,343,593.702342
1300.073093,383,594.320863
1430.020034,434,595.018823
2412.83614,665,597.753439
1548.786388,437,598.462954
2182.893763,623,599.473689
2013.805513,546,600.240527
1440.378658,417,602.287752
1232.557459,366,602.780778
2298.018889,642,603.613616
1190.94994,358,604.108507
1738.811116,514,606.456084
1321.899017,381,607.059889
1726.847564,487,607.833677
1459.210101,436,608.525458
1244.956013,378,609.124791
1505.36601,444,611.372939
1417.05333,410,611.992413
1252.536644,357,612.434037
3069.357648,823,613.536218
2925.486567,786,616.381137
2534.00942,649,617.368937
1005.256249,307,617.739528
2166.889351,613,620.070044
1826.100897,490,620.74221
831.063686,270,621.110522
1518.105246,425,621.674761
841.621514,277,622.039305
1350.161723,386,622.559082
1568.304765,441,624.672018
2364.737101,648,625.358251
3443.25246,917,626.665724
3182.437843,841,629.413706
1492.455954,441,629.990482
1909.308661,514,630.827067
2286.275558,654,633.411703
1275.49132,373,633.934164
3710.483916,1000,635.555287
1282.183499,371,636.159262
3541.221856,950,639.000973
1474.992766,428,639.563858
2343.144914,647,640.356638
1727.513606,518,642.352702
3436.130924,888,643.745717
1248.113651,362,644.223091
1057.218406,328,646.485206
3099.848308,814,647.803776
1549.433406,443,648.434357
2317.424938,634,649.311249
1259.340402,373,651.389204
723.421669,229,651.69733
1228.184495,361,652.27204
1981.428442,540,653.139838
687.895592,217,653.490141
702.024072,222,653.847062
3645.326541,1000,656.697091
908.130245,277,657.084707
1152.102515,354,657.556504
2386.313769,647,658.229179
643.229016,220,660.10289
1490.535665,418,660.781601
1759.338883,493,661.585377
2129.385297,575,662.519422
3415.121304,895,665.367311
2693.371511,715,666.299569
277.321923,116,666.444343
2650.820654,718,668.79286
3603.78411,940,670.281239
1782.319685,515,671.118587
2164.73477,550,673.311718
2249.01306,611,674.083353
2879.835153,804,675.109684
3422.273554,893,677.841425
1606.573083,474,678.451045
3876.425285,1000,679.690103
3811.027767,1000,682.664373
2263.094325,626,683.689358
1536.561248,421,684.320713
2575.422809,690,686.755647
1989.430326,566,687.675585
3176.988174,852,689.061868
3629.279601,1000,692.078747
1551.912754,430,692.775769
1720.594973,471,693.536583
1585.472443,444,695.805133
1278.082669,364,696.321754
2390.261311,626,697.033638
2164.694883,620,697.800581
2075.43033,550,699.936584
3650.278256,938,701.209672
3848.551679,1000,704.09365
3242.517485,838,705.181081
1835.969096,506,705.718108
1695.921092,480,706.208719
3927.706134,1000,709.168767
1281.912611,370,709.76953
1303.003573,375,710.376556
2052.512699,546,712.775982
2116.285234,580,713.497468
1839.009914,508,714.163134
2382.131022,709,715.022091
799.531236,263,716.81612
1063.463684,318,717.310857
955.777546,296,717.784731
3762.999408,1000,719.384545
3940.694365,1000,722.083474
2655.636568,711,723.003378
3779.709947,1000,725.924595
3562.737493,929,727.422918
3835.719897,1000,730.504107
3812.560292,1000,731.804775
3637.243041,975,734.808387
3921.527597,1000,736.402046
3985.213385,1000,739.713232
628.022228,213,740.060441
3848.60028,1000,741.431594
3882.497528,1000,744.169752
2360.44369,625,744.946308
3065.599938,810,745.852686
1276.538025,364,746.308606
1822.583086,482,748.345788
913.332242,267,748.668424
1686.614808,467,749.31776
1474.365948,421,749.738763
3810.251102,1000,752.615685
2380.373891,579,753.553043
3966.364211,1000,756.408438
2513.042289,654,757.327966
1775.340679,469,758.084966
2522.351808,646,759.125088
1383.319193,372,761.254556
588.654784,193,761.568713
2118.844753,551,762.330351
1417.916005,377,762.831526
2279.832841,576,763.62853
1740.724328,467,765.912789
1794.006802,459,766.648476
2769.250632,706,767.768456
4228.591332,1000,770.48839
1173.833124,340,770.889621
1492.486997,400,771.370582
1676.772892,455,772.085112
1342.643412,362,772.669154
929.023853,264,774.541897
960.412254,274,774.93445
3045.757855,735,776.209172
2691.419736,677,777.439573
375.799847,135,777.687904
521.816387,200,779.569089
4127.879141,1000,781.1777
2474.736536,641,782.004405
2827.770247,717,784.560315
2350.782279,598,785.239204
3070.412291,768,786.229832
4213.934929,1000,788.934421
2186.563947,549,789.818548
2168.660582,554,790.645631
3833.527877,1000,793.734572
2342.617977,598,794.626788
2052.885054,511,795.306885
4246.054374,1000,798.390333
3604.011187,888,799.734212
1794.06452,486,801.987478
2540.006181,669,802.870862
2752.048145,694,803.792902
1998.810776,524,806.139945
4087.690738,1000,807.477869
4160.366754,1000,810.586011
4123.84137,1000,812.112824
1778.564727,472,812.687987
2134.298785,516,813.508231
4139.47757,1000,816.652455
3993.147581,1000,818.144489
1773.557668,483,820.333849
578.721903,201,820.653047
1793.674182,467,821.405901
506.979507,163,821.620212
4150.6915,1000,824.424634
4249.93738,1000,825.662851
1406.699999,363,826.112235
3849.240721,943,828.910187
4180.099354,1000,830.519161
1808.424949,472,831.266061
2806.553143,709,833.892518
2461.199669,636,834.704008
3925.386497,930,837.105682
4067.576445,1000,838.47505
4111.378899,1000,841.689141
4106.438976,989,843.277575
3793.316234,935,844.589873
1369.947664,388,846.638541
846.272487,264,847.062677
4125.353403,1000,848.389198
4233.666811,1000,851.524262
3897.673557,895,852.945938
2831.623283,701,855.488772
4109.986823,1000,857.11356
4204.552905,1000,860.136354
4161.287962,1000,861.466544
4297.447866,1000,862.978307
1380.258699,368,865.175398
4185.015593,1000,866.516185
3875.525162,929,869.441008
4178.959306,1000,870.668293
2354.168692,597,871.543269
2828.490786,709,874.255964
1294.59393,357,874.837518
4089.449113,1000,876.454018
4071.957596,1000,879.517735
597.533219,189,879.825608
4213.779382,1000,881.211962
3550.851663,862,884.115792
4182.970299,1000,885.384227
2163.003537,536,887.570207
4055.522136,1000,889.170885
4182.028743,1000,892.143638
3968.602876,1000,893.725463
4175.193298,1000,896.943324
1852.982189,465,897.697823
3187.658777,766,898.936795
4164.242209,1000,901.804183
3368.452977,842,902.864354
3240.056498,759,903.939435
2631.953006,636,906.467717
4168.34697,970,908.244499
3518.244074,851,911.363173
4167.69397,1000,912.993509
4145.868521,1000,916.181595
2988.714639,712,917.119993
4221.939839,1000,918.275659
924.253097,278,919.937502
2255.149816,576,920.767584
4347.157695,1000,922.324584
1956.92798,508,924.70242
2101.891001,547,925.593958
630.49518,204,925.927621
3946.546315,917,927.41851
4133.745704,1000,930.627704
1612.560367,408,931.364693
4290.091957,1000,934.939193
1801.315625,444,935.678492
4276.123587,1000,937.185987
1709.531495,444,939.474978
4213.2034,1000,941.100199
2525.769319,614,942.016016
1573.293992,390,944.013186
955.730757,273,944.388179
1136.30322,340,944.944566
3247.518505,766,946.198359
4139.051723,1000,949.012291
1942.250316,494,949.803514
3015.432254,707,950.929764
4045.848607,1000,953.964465
4277.25077,1000,955.317163
1876.868719,490,956.095073
4306.595819,1000,959.154053
4181.644191,1000,960.552302
4318.414521,1000,963.715184
4224.349229,1000,965.306191
4300.471762,1000,968.138151
4268.368587,995,969.455246
4170.509297,1000,972.351254
286.435508,119,972.550196
4202.24611,1000,973.89955
4325.292641,1000,976.779139
4138.974757,1000,978.381157
2182.541468,568,980.892912
2206.791015,555,981.886091
4261.420593,1000,983.153453
3813.124775,906,986.145717
4308.432196,1000,987.376006
4081.963275,1000,990.059503
4153.577797,1000,991.173517
4118.598048,1000,993.826771
4184.217106,977,995.129934
4239.996341,1000,997.80693
4222.800545,1000,999.041355
4310.832867,1000,1001.754178
4113.140027,1000,1003.125472
4190.403706,1000,1005.913599
795.636725,231,1006.293325
1376.610804,374,1006.90733
4094.024663,1000,1010.186486
1125.451351,310,1010.691788
4407.116024,1000,1012.208145
4361.248425,1000,1015.110005
368.223966,131,1015.326655
2455.243495,582,1016.273435
4381.437301,1000,1019.394201
1903.687036,486,1020.17702
4401.965962,1000,1021.78308
4172.298092,1000,1024.909654
4288.037767,1000,1026.357897
4233.631035,1000,1029.411228
4237.486568,1000,1030.722358
4161.540556,1000,1033.518225
1462.332665,393,1034.146702
4329.901379,1000,1035.620025
1809.551379,490,1037.991828
2003.830787,513,1038.699085
4292.96374,1000,1039.968127
4415.647684,1000,1042.598617
4381.15657,1000,1044.18897
4322.766447,1000,1047.43745
2150.270443,557,1048.338295
4205.064848,950,1051.15036
998.806717,295,1051.480689
4409.803831,1000,1052.684334
3385.535523,808,1055.651558
4289.450949,1000,1056.997401
4131.799567,1000,1059.739396
4398.607115,1000,1060.99835
3686.092197,899,1062.160519
2254.648729,554,1064.59958
4346.26187,1000,1065.948961
2557.435734,636,1068.57647
2699.607715,630,1069.71059
4432.30995,1000,1071.511472
2042.602086,546,1074.121175
3215.762596,760,1075.226427
4211.729455,1000,1076.821713
4266.305299,1000,1080.064414
1156.722907,326,1080.588003
4370.756913,1000,1083.492589
4463.134788,1000,1084.902035
3421.374109,790,1086.181269
4083.50848,1000,1089.432999
4425.813604,1000,1091.000387
3865.182473,900,1093.468178
880.022983,265,1093.822845
4450.649108,1000,1096.612169
940.900797,271,1097.051583
3069.279382,709,1097.994747
4344.630653,1000,1099.606636
4484.095592,1000,1102.714138
4441.775367,1000,1104.117838
4305.875404,1000,1107.373534
2608.967994,610,1108.272515
4575.653482,1000,1111.503719
4437.183707,1000,1113.083828
3059.441181,762,1115.871501
4400.106348,1000,1117.251225
2462.640894,583,1117.984674
4341.946664,1000,1121.088717
4323.387877,1000,1122.891103
2968.339501,689,1125.678316
2281.968995,538,1126.540823
2027.164291,513,1127.307567
3395.174744,780,1129.893461
1732.170838,431,1130.480394
4425.00777,1000,1131.652111
4252.137994,1000,1134.788668
2741.638176,633,1135.816379
1369.381452,369,1136.392484
4058.436313,908,1139.291016
4486.831019,1000,1140.534137
640.572667,204,1140.802883
1542.320673,407,1141.342818
4522.600903,1000,1144.447022
4158.168167,922,1145.60657
4402.951363,977,1148.62845
365.167214,125,1148.831156
3776.513433,841,1150.16914
4437.336103,1000,1153.17052
4464.796427,1000,1154.767304
4534.330688,1000,1157.630422
4489.043234,1000,1159.056674
1282.367885,345,1159.616933
3880.198696,863,1162.669647
2395.326116,564,1163.576508
3735.735051,829,1166.342253
4062.318728,919,1167.620224
4539.084764,1000,1170.749605
814.149666,230,1171.116363
4644.013301,1000,1172.380098
1485.80506,391,1172.785564
4354.570253,1000,1175.606636
4336.531236,1000,1177.092173
4652.872381,1000,1180.008741
3964.712355,895,1181.370593
4519.049776,1000,1184.338143
4410.717885,1000,1185.590589
4460.335895,1000,1188.145218
4331.273804,1000,1189.576586
3340.391096,757,1192.457965
4475.877303,1000,1194.059514
4584.031004,1000,1197.122293
1026.754776,300,1197.487736
4511.091103,1000,1198.812566
2039.236068,502,1199.527918
4496.28787,991,1202.763681
3402.829573,740,1203.894233
4500.17807,1000,1206.816883
4539.187877,1000,1208.248719
4607.414386,1000,1211.151886
3872.149161,844,1212.280603
3956.276298,867,1215.249015
4276.775966,942,1216.779115
760.926066,250,1217.178617
4247.72801,955,1219.805939
4423.770978,1000,1221.378275
3499.436362,797,1222.649592
3835.349884,876,1225.61173
3655.833636,818,1226.686189
1784.098374,444,1228.594946
4675.918029,1000,1229.863702
2716.777278,632,1230.579362
2949.436643,679,1232.79906
838.070209,256,1233.097384
4308.272327,1000,1234.161638
1011.007865,288,1234.546867
975.739137,286,1236.470342
4472.153088,1000,1237.861068
884.58358,266,1238.137623
1852.682012,477,1238.74171
4324.611572,1000,1241.804615
4538.755145,1000,1243.372433
4666.252922,1000,1246.548599
1062.5189,322,1247.0714
2277.590219,531,1247.83866
4422.005412,1000,1250.913113
4449.101447,1000,1252.079746
4074.406861,899,1254.933127
4586.591233,1000,1256.426204
4544.687572,1000,1259.430418
2184.13616,535,1260.11772
4578.318601,1000,1261.561426
4681.845553,1000,1264.687026
4622.898254,1000,1266.238925
2866.497535,685,1268.495993
4275.504979,950,1269.723837
2236.464642,532,1270.580507
3077.2638,675,1273.366324
4493.401409,1000,1274.85819
1890.855981,458,1275.487735
919.745313,265,1277.472957
2471.649436,564,1278.215797
4548.259553,1000,1279.397701
4652.185616,990,1282.301454
4493.959178,1000,1283.645397
4571.540027,972,1286.710726
1636.77314,402,1287.355533
2545.927801,569,1288.266795
4559.148743,984,1291.173654
556.759513,182,1291.405039
2370.945255,552,1292.060467
4129.645189,897,1294.729005
3759.896502,838,1295.818306
241.306087,98,1295.979708
2557.623588,573,1296.763522
4595.540001,1000,1299.671646
4452.770493,1000,1300.960316
4481.030416,1000,1304.14103
2821.268581,636,1304.917425
4549.066331,1000,1307.526241
3100.845927,709,1308.312279
3348.837183,727,1309.473404
1556.12039,384,1310.093595
4584.899155,1000,1313.175107
3889.139443,860,1314.525293
2875.252607,662,1316.971385
4542.189689,1000,1318.548626
4701.882711,1000,1321.294163
2964.976739,659,1322.27141
908.791816,265,1322.680864
3880.174171,846,1325.359324
4009.165279,905,1326.482269
366.488348,129,1326.650117
2011.008095,488,1327.176683
4545.220198,1000,1329.991818
4553.647428,1000,1331.618003
3219.014895,696,1334.115197
947.586808,269,1334.537225
4780.668071,1000,1336.143381
4681.89175,1000,1339.335955
4597.17128,1000,1340.929817
1750.021148,427,1341.533975
4571.153903,1000,1344.558881
3398.804702,751,1345.670529
1850.105066,469,1346.34929
4257.850885,914,1349.306688
831.383498,255,1349.713803
2365.414342,536,1350.568246
4543.730357,1000,1353.485743
4609.601048,1000,1355.111022
3025.786078,666,1357.754223
3545.959134,824,1359.058725
3400.835006,771,1360.276007
2865.092319,660,1362.738053
4587.406331,1000,1364.274307
4513.192976,1000,1367.376755
1374.729317,354,1367.950052
4659.91666,1000,1369.536982
4652.925054,1000,1372.471125
3250.568287,775,1373.670037
1641.573426,420,1374.242375
4527.127625,1000,1377.434247
4688.892633,1000,1378.949702
954.300528,275,1380.627549
1136.474828,310,1381.124988
2979.953621,675,1382.209301
4518.03464,1000,1385.131254
4567.460573,1000,1386.711554
4747.8315,1000,1388.213717
4475.258873,1000,1391.208674
4249.138561,928,1392.711419
4754.738042,1000,1395.858017
4490.519687,1000,1397.131973
4554.226342,1000,1399.975873
4702.478396,1000,1401.25004
4023.546925,853,1404.037768
4619.904014,1000,1405.599882
4579.350207,1000,1408.351231
3820.403872,819,1409.272853
4569.549938,991,1411.962163
403.968281,134,1412.140325
350.930207,121,1412.265285
4518.694529,1000,1413.252322
4548.423215,1000,1416.013963
4629.8478,1000,1417.625063
4661.938292,1000,1420.771011
4474.07743,1000,1422.375626
4584.62933,1000,1425.354759
2037.914607,488,1425.918836
4741.589669,1000,1427.487464
4744.616534,1000,1430.685345
3875.15859,833,1432.022204
3303.80628,739,1434.842085
4449.563319,1000,1436.449868
3639.079091,776,1439.096492
4707.346312,1000,1440.701117
4789.373827,1000,1443.672968
4755.422653,1000,1445.151208
4574.938186,1000,1448.277361
4141.409538,894,1449.586266
4706.475079,1000,1451.382875
2402.03796,560,1453.598846
4718.675023,1000,1455.070034
2213.955815,530,1455.920427
4089.350927,930,1458.987348
4602.643136,1000,1460.341914
3710.367876,818,1462.858884
4771.042951,1000,1464.179162
381.035993,130,1464.347355
4554.65384,1000,1466.499705
2644.387581,592,1467.275054
3899.122064,814,1469.992266
1212.191232,337,1470.529708
4530.093857,1000,1471.749885
3556.98543,773,1474.529274
4758.180165,1000,1476.126645
4787.40681,1000,1478.904122
3859.630224,841,1480.103176
2625.011666,592,1481.031602
2647.159561,614,1483.277091
4686.661107,1000,1484.625338
3756.105221,825,1485.964791
4644.770176,1000,1488.95965
4588.374412,1000,1490.255572
4742.637915,1000,1493.380634
278.204123,106,1493.524645
3927.481037,856,1494.677613
758.223597,221,1494.977821
3837.442314,845,1497.822868
4672.686116,1000,1499.066607
3276.959699,722,1501.730623
865.259615,255,1502.145951
4660.552198,1000,1503.513381
219.864774,89,1503.63636
4491.8246,1000,1506.618482
1957.136248,457,1507.24761
4502.961045,1000,1509.924779
4721.800184,1000,1511.482411
4645.215002,1000,1514.285628
4771.995726,1000,1515.701213
4503.93614,1000,1518.843385
4625.035325,1000,1520.46501
4469.105745,1000,1523.605236
3386.059856,766,1524.843896
4707.53563,1000,1526.30164
2560.220249,587,1528.48934
1300.234964,371,1528.883809
2260.268672,533,1529.546582
3638.700028,804,1530.622837
4791.093087,1000,1533.618057
4782.688499,1000,1534.905087
4685.718193,1000,1537.683784
4756.423289,1000,1539.241128
4780.32277,1000,1542.340652
4733.068011,1000,1543.799677
4634.041812,1000,1546.851801
4650.993237,1000,1548.423134
4715.57786,1000,1551.43977
4478.031696,1000,1553.048537
4693.295799,1000,1556.060083
4675.457585,1000,1557.659721
4790.033452,1000,1560.922148
4699.659708,1000,1562.439991
4742.395315,1000,1565.777388
4773.372233,1000,1567.337507
4714.673496,1000,1570.057878
4541.999466,969,1571.637248
1006.526901,276,1572.087043
4579.690301,1000,1574.806891
4712.274522,1000,1576.408201
4614.505634,1000,1579.610457
4723.655246,1000,1581.209641
3556.561724,780,1584.010046
4748.090422,1000,1585.486439
4705.167286,1000,1588.305476
4767.879282,1000,1589.695811
2108.67342,503,1590.509748
4437.354432,974,1593.436831
4784.500062,1000,1594.56218
988.094156,277,1596.417983
4724.775998,1000,1597.682445
4639.187043,1000,1600.424354
2090.163292,522,1601.233145
4838.662501,1000,1602.421846
4490.058677,1000,1605.233833
4810.594713,1000,1606.85603
4675.502487,1000,1609.835321
2410.546774,534,1610.44851
4662.46108,1000,1611.652219
4657.453435,1000,1614.386793
2345.821327,573,1615.088958
4793.293222,1000,1617.89072
2580.993112,571,1618.649551
4819.077137,1000,1621.431804
4794.975359,1000,1622.701016
4761.395199,1000,1624.035756
3220.507987,752,1626.488967
4612.622095,1000,1627.803198
4838.9864,1000,1630.752074
3443.464641,793,1631.654166
2692.642438,623,1634.282159
4869.997561,1000,1636.08675
4856.479496,1000,1637.861238
4700.991262,1000,1640.934696
1863.931739,443,1641.492482
4420.316962,1000,1644.012506
4731.451378,1000,1645.346211
4810.104313,1000,1648.605919
2386.044052,552,1649.506895
4002.569027,848,1650.675879
4529.91762,933,1653.365247
4737.499587,1000,1654.520833
710.804221,209,1654.725704
4789.734422,1000,1657.475592
4456.784955,942,1658.849753
3987.979035,880,1661.390024
2457.729233,581,1662.083042
4817.34952,1000,1664.805917
4588.606343,1000,1666.0545
4922.550764,1000,1668.692357
2630.490065,609,1669.671484
4861.047241,1000,1671.207364
4807.73717,1000,1674.011725
1828.673778,432,1674.710143
4602.536332,1000,1676.323391
4620.034855,1000,1679.649219
4769.945852,1000,1681.090638
3898.182513,849,1683.716801
1151.910069,305,1684.082511
4760.69202,1000,1686.966973
4833.993283,1000,1688.570919
2484.145484,577,1689.432233
4747.655807,1000,1692.480237
4833.825305,1000,1694.066976
4355.114781,911,1697.109126
4645.153688,1000,1698.730315
2370.659898,569,1699.654283
4778.777472,1000,1703.009721
4437.081252,1000,1704.432889
1693.429702,429,1706.652312
4812.555175,1000,1708.220706
4532.697978,1000,1711.319201
4489.931522,1000,1712.824049
4791.507183,1000,1715.792556
4818.35447,1000,1717.065934
4845.090505,1000,1720.09569
4624.454925,1000,1721.318137
4426.322121,1000,1724.040288
4737.531393,1000,1725.555877
4886.790997,1000,1728.046074
4633.504621,1000,1729.678519
4794.781073,1000,1732.599914
4851.183849,1000,1734.145554
4763.439986,1000,1735.41122
4819.980916,1000,1738.288589
4711.219117,1000,1739.687428
4537.230931,1000,1742.317706
4761.507279,1000,1743.562854
4302.154901,918,1746.445058
4867.523822,1000,1748.063606
2722.928654,624,1750.75699
4667.363828,1000,1752.203464
4758.262717,1000,1755.244539
3490.820167,763,1756.479462
4562.311784,1000,1759.649282
2655.538434,612,1760.639122
3309.159359,745,1761.765321
4649.707822,1000,1764.747492
4855.980641,1000,1766.012767
4838.882055,1000,1769.093081
1886.882981,439,1769.746347
4782.761142,1000,1771.305119
4777.867525,1000,1774.478617
4788.834673,1000,1776.010121
4469.384782,1000,1779.052163
4495.492813,1000,1780.472331
4952.331633,1000,1783.182053
4934.604315,996,1784.536664
3558.055636,774,1786.804787
4630.798741,1000,1788.167422
4856.991828,1000,1790.815947
3669.489477,758,1791.828602
4667.500226,1000,1793.429299
4736.47745,1000,1796.411043
4920.20066,1000,1797.748981
4562.924171,1000,1800.521015
4539.338247,1000,1802.079563
4582.709788,1000,1805.086464
4421.593253,1000,1806.681965
2120.452445,527,1808.986685
4637.684497,1000,1810.468472
4898.214635,1000,1813.677764
4520.733218,975,1815.260675
3570.844412,740,1816.427831
4621.751166,951,1819.164968
4875.226832,1000,1820.463866
4858.143435,1000,1823.389545
902.217103,259,1823.79802
3767.632136,787,1825.042186
4802.270331,1000,1827.967219
3074.107375,662,1828.829311
2778.98786,611,1831.232463
4807.049298,1000,1832.785856
4103.091056,1000,1835.478647
3337.062484,711,1836.438558
1908.299018,433,1837.028208
701.866004,201,1837.259816
4749.83061,1000,1839.710829
4725.051607,1000,1841.220512
332.793416,116,1841.408656
4449.581085,1000,1844.52477
4792.00977,978,1845.971692
2823.006731,611,1846.928181
3093.75035,655,1849.387883
2590.088703,566,1850.228696
4861.558991,1000,1853.204187
2899.946233,673,1854.211607
1689.609687,401,1854.638801
4094.494859,864,1857.165063
4524.63236,1000,1858.762031
4853.424149,1000,1860.27972
4810.983943,1000,1863.077453
4936.415025,1000,1864.289376
4809.140817,1000,1867.372178
4570.942139,1000,1868.883342
4482.872361,1000,1871.725625
4772.702464,1000,1873.000316
4888.623633,1000,1876.012506
4518.94134,1000,1877.575109
4850.950207,979,1880.73539
3011.523816,643,1881.603831
4760.223881,1000,1884.840798
4762.531965,1000,1886.454798
1561.411804,374,1887.025689
4823.451611,1000,1889.900879
355.032334,123,1890.074802
4715.051702,1000,1891.46318
4683.086276,958,1894.186282
4707.100287,1000,1895.438792
5001.884169,1000,1898.446539
2960.710498,643,1899.444321
4397.70877,957,1902.265806
4924.814099,1000,1903.779644
3023.729634,661,1904.824219
4007.011976,834,1907.502297
4951.688446,1000,1908.674427
4050.429737,854,1911.394737
4696.194621,1000,1912.700046
4942.312598,1000,1915.645658
4502.203836,950,1916.790357
4875.965639,1000,1918.940455
4794.083944,1000,1919.989065
342.853859,136,1920.180929
4863.877653,1000,1922.991285
2809.467625,637,1923.576864
3289.126092,725,1924.244303
4861.194846,1000,1926.915956
4880.508142,1000,1927.851804
4798.960644,1000,1930.402582
3115.866262,714,1931.307733
4863.366752,1000,1933.748812
4291.12763,878,1934.611962
4860.230522,1000,1936.840703
4880.937425,1000,1937.97663
2109.046105,491,1938.514311
4942.87832,1000,1941.029933
4752.66074,1000,1941.964154
4094.445231,876,1944.193277
4615.477801,1000,1945.108413
5066.373952,1000,1947.484437
4770.217473,1000,1948.442873
4809.11907,1000,1950.682667
4853.924899,1000,1951.599772
4729.991647,1000,1953.713594
4409.254338,1000,1954.626832
4964.494692,1000,1956.724156
4357.994841,917,1957.591827
4703.210991,1000,1959.641541
4820.065239,1000,1960.554236
4458.600404,1000,1962.573836
4946.771963,1000,1963.486569
4922.824658,1000,1965.506012
4773.398381,1000,1966.439065
4798.326492,1000,1968.413603
4773.314954,1000,1969.325581
4873.600681,1000,1970.266612
1821.397421,435,1971.773976
4826.67658,1000,1972.687611
2716.655943,599,1973.234076
4981.423803,1000,1975.261266
4893.504212,1000,1976.175808
4797.092705,1000,1978.236937
4786.659336,1000,1979.168423
334.702463,122,1979.280809
3739.474344,753,1981.16561
4864.334264,1000,1982.080971
258.086811,106,1982.179204
4815.152806,1000,1984.199322
4870.956726,1000,1985.128249
3742.768114,766,1986.948211
4977.607097,1000,1987.879298
4717.561117,1000,1990.09169
4586.881093,1000,1991.014464
2520.12697,555,1991.524791
4780.834385,1000,1993.569022
4927.928405,1000,1994.506426
4811.123442,1000,1996.531221
3838.623139,807,1997.268655
3753.848898,781,1998.863314
4700.336692,1000,1999.802805
4126.027849,859,2001.490902
4876.88325,1000,2002.403516
4820.642102,1000,2004.216555
5007.092956,1000,2005.149428
4881.287622,1000,2007.355725
4536.179936,934,2008.244484
4839.662184,1000,2010.111466
4171.116858,884,2010.917844
4775.400214,1000,2011.82987
3795.532699,814,2013.448024
4791.536146,974,2014.34063
2026.144983,498,2015.658396
4903.33235,1000,2016.57006
4853.320973,1000,2018.343788
4864.436938,1000,2019.258266
1880.106508,443,2019.674675
4816.942015,1000,2021.448728
4903.683249,1000,2022.36042
4311.900588,892,2024.037473
1750.416336,420,2024.421112
3681.83434,785,2025.138489
4756.459963,984,2026.897117
2386.12472,560,2027.430056
4830.352904,1000,2028.34227
4864.401147,1000,2030.1149
1891.591395,437,2030.517622
1988.950609,469,2030.945748
4909.329002,1000,2032.726351
4882.213243,1000,2033.689738
4729.69978,1000,2035.465347
5028.869818,1000,2036.446174
2185.972998,481,2037.903616
4860.572514,1000,2038.808712
4969.556638,1000,2040.743095
2592.527062,563,2041.252031
4785.514929,1000,2042.156006
4864.340768,1000,2044.134619
1291.065344,350,2044.468204
4942.033638,1000,2045.381175
4751.206964,1000,2047.637007
4650.775331,1000,2048.681941
4798.625447,1000,2051.073168
235.604241,99,2051.178176
5026.886265,1000,2052.230453
4986.995591,1000,2054.622605
4859.045666,1000,2055.678459
4081.068583,910,2057.974657
4836.530561,1000,2059.018302
1207.688637,320,2060.700711
4934.827639,1000,2061.744888
4624.717434,1000,2064.136569
4889.149977,1000,2065.18904
4899.916134,1000,2067.591228
4947.239763,1000,2068.637332
4849.147218,979,2069.658298
1959.421415,452,2071.477612
4876.217634,1000,2072.520424
4954.94559,1000,2074.910468
4968.551248,1000,2075.957687
4934.70936,1000,2078.354651
2796.205165,632,2079.02558
2537.336048,568,2079.617313
4751.249165,1000,2082.009831
3989.45055,839,2082.885878
4713.890529,1000,2085.286479
4903.119138,1000,2086.332467
4924.381244,1000,2088.745458
3916.306446,812,2089.592605
4947.746171,1000,2090.63542
2740.836076,593,2092.60462
3478.757637,724,2093.360035
1902.8202,451,2093.84273
3963.466493,811,2096.039174
4907.69942,1000,2097.081776
4685.355558,952,2099.429533
4787.877426,1000,2100.472868
4971.659095,1000,2102.677094
2081.818967,480,2103.093796
4740.465007,1000,2103.942216
