# {"t_start": 1551815723.2308886, "env_id": "Hopper-v2"} 
r,l,t
4.137514,8,0.02463
10.16719,14,0.050034
19.307886,35,0.113139
21.349868,31,0.168244
12.536913,27,0.216624
9.170116,21,0.254159
16.041272,23,0.295464
13.035521,21,0.333118
7.606135,10,0.350807
5.597504,8,0.365462
13.790164,28,0.415753
7.139693,11,0.435934
28.258084,37,0.500913
6.090967,26,0.547374
11.667316,34,0.608167
6.379214,9,0.624684
11.663124,18,0.657018
11.137844,19,0.691178
5.702049,16,0.720061
5.805983,8,0.73475
7.011531,11,0.754376
6.23146,17,0.784719
11.277485,13,0.808265
6.462494,8,0.822922
7.304794,24,0.865898
4.976534,28,0.911631
4.459351,7,0.920477
10.686291,20,0.944923
8.510555,15,0.96331
10.277611,18,0.984661
10.515611,15,1.002631
19.525971,24,1.031369
5.223595,11,1.044968
9.061209,15,1.065066
7.877982,10,1.079299
1.294389,21,1.108575
2.603708,9,1.121717
5.920252,8,1.132966
13.608458,19,1.161155
5.552025,9,1.174025
8.486422,12,1.190924
9.325246,12,1.207534
9.709987,17,1.231472
9.742457,15,1.252557
8.549416,13,1.270739
13.945172,23,1.302493
5.94097,13,1.320896
7.365128,17,1.345106
12.526657,23,1.377213
3.919833,7,1.387177
11.876197,19,1.413284
15.621294,16,1.435621
4.525064,24,1.468791
7.078315,11,1.484659
6.382886,8,1.495531
8.693531,12,1.512751
9.961195,30,1.557029
8.210902,12,1.571493
7.136573,10,1.583875
9.94375,13,1.599839
9.700292,11,1.615695
16.527789,16,1.638071
9.216165,20,1.669587
8.193713,13,1.688783
6.795488,12,1.706258
7.144982,11,1.724045
7.380702,9,1.738285
7.109101,16,1.76285
10.06429,18,1.791095
14.548765,29,1.83446
4.10102,7,1.845347
7.158199,11,1.862136
9.024177,29,1.906212
5.670584,11,1.923724
9.516797,11,1.94117
7.822866,10,1.957719
10.465109,16,1.980239
9.954595,14,2.003279
9.087344,14,2.022249
10.345025,15,2.046262
6.820399,10,2.059071
8.441692,16,2.084166
14.741745,26,2.125535
6.425983,10,2.141341
6.771756,10,2.1565
5.79774,9,2.167874
12.316107,30,2.209689
8.015243,10,2.22571
5.055395,12,2.244254
8.389089,11,2.257893
7.459608,11,2.274235
11.965783,18,2.301651
8.476734,17,2.328321
6.179443,13,2.348729
7.491218,11,2.366654
12.267055,20,2.399003
6.041416,11,2.415724
6.28409,12,2.435212
7.46277,24,2.471685
6.716554,11,2.489119
7.809673,12,2.508691
8.235168,14,2.531549
9.468826,27,2.572654
7.74725,11,2.588952
9.813511,11,2.605904
8.660403,10,2.620733
7.357384,10,2.636677
6.042309,9,2.650203
8.060432,16,2.674198
9.722235,12,2.690665
3.343812,9,2.70534
5.587148,9,2.719418
7.636936,11,2.73337
9.763473,12,2.751959
10.681968,17,2.777851
9.111718,22,2.811488
11.880107,14,2.833217
5.751365,28,2.876816
21.43777,27,2.924623
9.965133,14,2.94942
9.649386,20,2.985102
11.081513,16,3.013655
9.043193,16,3.042832
4.804956,9,3.058923
6.524758,8,3.073316
11.327871,13,3.096407
4.954878,8,3.110675
8.843518,25,3.155563
12.287426,27,3.203278
9.140399,22,5.049315
6.543927,10,5.059629
7.976203,11,5.070998
10.290055,23,5.094308
7.110295,11,5.105555
17.853033,28,5.134592
26.670283,41,5.176602
13.42279,21,5.198401
9.525463,19,5.217925
13.083581,24,5.242593
7.473471,9,5.252228
9.930924,17,5.269228
9.530176,31,5.300395
11.097758,17,5.318234
14.352587,21,5.340067
8.42803,15,5.355585
13.228591,17,5.372946
12.154109,28,5.409697
9.057237,30,5.450712
14.535153,23,5.482242
28.256784,41,5.531034
9.712783,21,5.558963
8.816194,11,5.572857
13.230699,24,5.601083
14.713532,25,5.635194
11.31761,23,5.665635
8.14701,14,5.68469
23.849388,29,5.72098
6.08831,27,5.757246
4.673198,8,5.766067
11.425495,38,5.815582
34.59457,32,5.857991
9.854024,16,5.877431
6.745718,10,5.889803
13.032901,21,5.912747
9.749678,12,5.928291
7.437403,12,5.945997
10.171939,12,5.962286
11.166884,21,5.98958
12.565212,27,6.023138
6.15104,14,6.04291
25.57883,44,6.101815
7.60376,14,6.120564
8.038341,10,6.134385
15.328382,16,6.155229
8.859379,14,6.174816
10.958936,15,6.194316
7.00261,10,6.209252
11.556792,23,6.239785
14.561995,21,6.269577
7.882599,10,6.282099
7.159857,11,6.295582
10.013003,23,6.325164
8.271584,12,6.341586
6.100203,12,6.357995
11.343135,31,6.399488
7.847314,10,6.413322
11.320182,25,6.446467
7.615091,9,6.457582
4.592162,10,6.471762
11.077298,21,6.500514
7.472628,9,6.511997
11.296378,19,6.539593
5.355116,7,6.550246
9.792681,21,6.578687
8.53593,11,6.592981
8.455488,12,6.61027
9.462321,21,6.638233
18.511497,27,6.677283
11.718424,36,6.725203
8.875358,23,6.757963
11.618886,24,6.788545
9.781079,24,6.8224
5.402426,7,6.831797
7.077492,20,6.85842
13.029631,23,6.889611
30.393387,30,6.9298
8.101223,15,6.951456
12.351077,20,6.978335
12.240266,20,7.003781
12.816783,24,7.03603
3.54967,12,7.051784
7.857317,10,7.065024
10.2706,25,7.099988
13.512903,22,7.128795
20.16304,27,7.163475
8.785925,24,7.196481
9.736598,12,7.213094
6.074247,9,7.224952
11.249504,26,7.259588
4.63867,7,7.269275
7.750945,11,7.282101
7.779452,13,7.298782
14.169103,25,7.332637
4.573626,23,7.36208
9.586659,31,7.399802
6.774473,8,7.410434
13.736117,18,7.435017
17.797542,23,7.464461
5.96356,11,7.478267
6.187127,9,7.490315
9.391202,12,7.506614
6.679593,9,7.518883
7.180002,11,7.531783
10.139139,15,7.551398
12.973528,25,7.583255
7.416526,23,7.613994
7.568443,10,7.62713
8.599054,10,7.640487
43.521712,52,9.234453
9.646854,15,9.258116
12.178222,19,9.288394
10.926155,24,9.326461
54.847889,47,9.399619
8.377719,28,9.443958
20.428441,26,9.485436
9.580007,14,9.507321
20.009314,27,9.549856
12.77525,22,9.584922
16.133635,23,9.621395
10.048795,16,9.647009
18.42942,25,9.686807
10.74669,24,9.725075
24.938443,29,9.771039
31.412666,34,9.825121
5.855814,13,9.846136
10.719824,24,9.883723
13.325917,23,9.920369
27.608133,29,9.966225
11.199407,16,9.991599
9.467592,21,10.024669
47.478023,53,10.106946
11.609706,27,10.149242
10.306896,15,10.173159
10.656599,15,10.196839
8.900987,33,10.248529
6.798562,10,10.26427
13.357243,25,10.303474
9.852831,16,10.328934
14.816101,23,10.364323
9.606017,12,10.383232
10.023996,11,10.400536
11.251204,21,10.434032
8.851573,17,10.460933
13.118898,22,10.495673
9.134409,21,10.528995
4.481793,23,10.565943
12.315201,25,10.60532
10.063974,21,10.639195
12.119878,30,10.683275
15.646799,27,10.714425
11.44907,31,10.752001
26.463838,27,10.789009
7.62274,10,10.80313
7.149499,9,10.815315
10.910928,29,10.855267
8.250506,11,10.870391
18.654292,23,10.896013
9.511143,18,10.916359
12.540163,19,10.939548
11.521658,17,10.959602
12.722609,27,10.992182
5.910625,13,11.010531
6.716426,12,11.026831
13.814666,27,11.063264
9.869384,19,11.08781
13.842282,28,11.123676
11.180888,25,11.149816
12.992231,30,11.184159
14.761252,22,11.21017
19.637864,21,11.234948
13.398134,17,11.254917
8.665176,17,11.274312
16.657826,23,11.298473
17.535894,19,11.317995
11.833298,22,11.340861
8.404042,28,11.369737
15.359279,25,11.395201
10.365501,14,11.409658
14.986047,29,11.439676
10.371418,16,11.456047
9.05848,16,11.472769
10.477853,17,11.49022
15.645138,26,11.517051
23.390612,41,11.565189
10.515852,25,11.599134
18.327831,21,11.627985
6.998403,18,11.652981
12.836487,27,11.689841
10.857214,22,11.717189
6.868883,13,11.733516
15.241794,22,11.764301
11.821489,25,11.791367
11.049322,18,11.811096
10.625804,28,11.841148
8.521877,14,11.856891
16.434421,29,11.88892
11.164972,28,11.919364
7.463871,20,11.940957
12.757176,15,11.957366
9.519451,29,13.521641
9.885209,14,13.543644
8.655039,29,13.58919
13.142263,18,13.61754
12.00726,14,13.63928
15.320617,24,13.67686
8.476172,12,13.695704
17.828667,22,13.730364
17.699143,23,13.766644
10.186566,14,13.788862
9.49681,21,13.821824
9.290457,15,13.845785
17.829496,30,13.892406
12.828765,20,13.92415
8.791403,30,13.971608
14.838338,33,14.023682
52.114572,43,14.090608
81.301485,48,14.167001
19.873544,30,14.214008
13.992793,20,14.245874
107.881639,72,14.358558
16.623877,23,14.395363
10.975266,21,14.427819
40.286191,33,14.479839
23.361897,24,14.517779
5.422345,12,14.536956
35.761939,31,14.585746
27.04594,34,14.639263
22.102561,26,14.680323
16.246924,20,14.711993
12.094223,28,14.755959
15.272393,19,14.785867
14.652269,30,14.833148
13.682782,16,14.858335
14.183913,20,14.889524
21.117427,24,14.927332
12.49539,19,14.957567
12.185783,17,14.984382
18.457055,27,15.026607
18.204356,26,15.067363
70.704411,45,15.137197
15.043986,21,15.170765
13.963024,32,15.220409
13.120256,30,15.267934
13.609467,27,15.310724
16.820515,20,15.342705
18.256334,21,15.376412
10.63456,13,15.397351
5.313195,8,15.41019
10.929751,17,15.437229
87.0291,59,15.525262
14.437144,19,15.550496
15.905196,22,15.579211
14.834227,20,15.606519
12.069245,27,15.640353
5.712979,8,15.650896
9.330409,12,15.667231
11.819073,17,15.690985
27.98272,31,15.732991
9.756406,22,15.762826
10.725307,21,15.790498
29.543996,33,15.835497
59.005902,57,15.910106
13.508589,23,15.938306
8.842125,17,15.958714
18.434406,24,15.990432
11.011608,23,16.019484
16.396324,21,16.048544
82.489649,58,16.120182
14.175014,26,16.153902
10.832492,13,16.172331
58.153273,63,16.241874
15.594307,29,16.27113
22.239398,33,16.304129
10.813759,19,16.323574
7.154414,12,16.338786
37.641509,32,16.381208
16.263813,22,16.411528
13.462427,21,16.44086
6.516821,10,16.453289
11.051292,24,17.943046
9.021921,13,17.963599
9.129781,15,17.986818
24.255466,38,18.046775
82.035723,69,18.154566
9.566067,14,18.176825
10.336806,16,18.202006
14.777637,16,18.22719
10.790811,29,18.271783
13.825063,20,18.303536
19.274814,29,18.349072
44.271565,31,18.397826
15.635041,18,18.426252
9.015062,13,18.446651
40.076146,49,18.523736
57.102402,35,18.577758
20.552332,29,18.623302
88.979728,67,18.727593
85.208654,63,18.826029
10.8592,21,18.858938
11.722673,22,18.881743
11.725844,15,18.897223
12.00388,25,18.922697
14.864457,24,18.94722
9.000913,17,18.964908
11.399293,16,18.98108
64.089131,60,19.041734
28.530849,42,19.084248
132.135439,136,19.24337
14.630134,29,19.282607
10.005053,14,19.301743
15.438761,20,19.325673
41.668803,47,19.374519
64.414171,62,19.437464
10.136445,19,19.457223
14.85074,25,19.482799
13.899817,19,19.50237
28.442916,24,19.527311
15.201386,25,19.552837
21.274583,27,19.580644
60.635052,50,19.637814
97.192753,98,19.761712
18.370335,23,19.791167
17.468982,24,19.823504
11.195382,23,19.854749
13.148855,21,19.883246
18.136744,22,19.907197
19.206228,25,19.935905
19.630125,24,19.966176
7.976974,10,19.978609
37.111349,46,20.038416
46.437963,34,20.081926
23.597018,25,20.113025
12.76691,23,20.14423
20.68444,29,20.185041
90.101057,65,20.267493
6.772883,20,20.295431
56.469853,54,20.364285
15.563564,20,20.390506
9.996424,16,20.412786
52.935096,42,20.464869
16.51996,19,20.491521
80.070353,58,20.567517
7.597858,11,20.582452
12.550829,29,22.061407
15.998665,17,22.089337
41.623014,63,22.187317
91.025558,71,22.29714
115.08798,107,22.462357
38.040488,47,22.534303
88.052029,58,22.623875
34.293071,47,22.696897
12.109295,16,22.722142
27.363045,25,22.760819
18.530875,19,22.79097
22.708064,39,22.851515
16.869622,21,22.884335
94.835825,64,22.983885
100.873971,65,23.0848
60.910108,78,23.205132
106.287707,80,23.330141
111.032724,82,23.459121
8.58898,14,23.481324
104.11218,66,23.583893
100.305177,58,23.673888
185.537873,148,23.901874
81.420871,56,23.980577
16.769132,18,24.00226
19.731327,23,24.031071
122.920523,86,24.135592
80.705108,53,24.203714
101.077158,66,24.283048
85.163011,57,24.353366
33.101659,29,24.390627
74.313508,52,24.456014
68.073817,43,24.513682
87.645743,59,24.594261
38.42955,52,24.665723
14.932279,32,24.709285
9.538886,23,24.740654
28.940095,26,24.773682
123.681883,83,24.884063
20.711952,18,24.907632
8.892092,11,24.923339
75.157235,49,24.986506
110.306073,83,26.558877
102.972789,64,26.643286
105.093026,80,26.748489
84.252939,52,26.816985
101.714782,68,26.906626
22.66598,21,26.931139
9.501978,12,26.944818
57.737056,56,27.015514
30.623649,27,27.04831
89.17936,55,27.105699
63.904714,40,27.148059
75.73335,49,27.201001
11.677914,13,27.214539
11.916239,15,27.229715
133.742802,98,27.328563
134.901572,90,27.442119
87.653492,66,27.51003
25.839424,23,27.538429
75.944641,48,27.589795
14.828093,18,27.611665
77.723736,49,27.673694
15.455295,17,27.695397
17.96602,19,27.721018
104.590726,61,27.793271
14.26501,28,27.830972
152.341908,84,27.940055
75.735301,50,28.000321
8.833447,21,28.027328
67.810596,43,28.081608
86.306916,55,28.155457
92.502675,69,28.249612
13.62147,26,28.28377
24.037403,34,28.327009
85.419928,55,28.397535
92.607604,63,28.479108
97.355537,64,28.561556
104.438281,67,28.650917
110.643508,75,28.756536
82.794545,54,28.842268
120.813961,81,28.970886
91.597793,68,30.705531
16.124563,17,30.731877
74.160886,52,30.812515
134.32496,90,30.952131
73.327203,45,31.022288
118.628453,83,31.155304
14.470132,16,31.180377
97.752494,68,31.285625
123.357212,93,31.42877
83.547192,57,31.518159
14.518052,15,31.541674
80.407982,51,31.620512
92.092198,60,31.714803
91.725299,54,31.798501
100.745114,75,31.915907
106.981809,82,32.04413
130.572278,78,32.165594
14.004751,18,32.193978
88.109341,65,32.29481
112.61755,82,32.422372
11.130154,12,32.441519
86.144753,57,32.530502
19.901473,21,32.563601
93.810888,64,32.662684
82.346542,53,32.744641
123.279482,73,32.85772
118.728882,74,32.954936
72.001092,46,33.00099
69.114593,48,33.057057
72.704091,52,33.110603
96.834078,63,33.19197
80.407643,57,33.264325
142.483845,90,33.382149
80.317879,58,33.457886
75.751988,49,33.509924
11.552543,15,33.527251
85.570069,71,33.606512
98.817015,64,35.090878
117.280104,75,35.223336
80.203018,54,35.3189
95.930741,62,35.428958
87.739337,63,35.540626
93.187093,65,35.647945
77.4748,51,35.727863
99.509123,58,35.81861
71.755513,58,35.909286
102.874467,74,36.025802
127.020879,84,36.156997
11.553753,14,36.17897
84.678905,52,36.25966
24.114838,24,36.297346
117.054352,71,36.406028
91.462255,56,36.493384
112.316794,67,36.597946
78.923319,49,36.675275
181.49579,102,36.83623
80.773755,49,36.913259
110.71318,70,37.024836
77.345885,47,37.098098
80.60834,51,37.178128
111.215931,66,37.28254
74.844024,48,37.35821
144.352776,84,37.487783
149.562967,85,37.62013
62.3875,39,37.681347
80.29256,52,37.76398
74.231817,47,37.838064
133.549045,111,38.011414
92.928497,60,38.104707
128.318234,77,38.22242
81.260946,51,38.280199
78.952777,52,39.848653
106.605124,66,39.951103
141.031687,95,40.095339
116.902822,89,40.232258
75.001588,51,40.311152
117.438954,74,40.425651
119.415416,85,40.556567
81.253025,52,40.636718
115.83895,90,40.774593
132.339188,80,40.897733
121.087752,73,41.010128
76.219222,50,41.088427
73.968259,50,41.165765
172.73807,96,41.312838
107.171018,66,41.41495
92.210574,61,41.509703
122.983532,73,41.621803
101.026328,61,41.717089
96.426355,61,41.813331
19.544603,19,41.842947
76.124153,53,41.924676
71.147807,45,41.994594
100.852366,60,42.086795
134.158698,70,42.191763
78.218075,51,42.256546
126.030368,79,42.335972
73.611592,44,42.377523
77.64742,50,42.4284
111.985594,66,42.496681
101.357886,64,42.562298
72.154543,47,42.612103
119.151229,76,42.689636
88.053351,54,44.267106
109.401522,71,44.365034
96.090273,62,44.448423
79.896534,59,44.534292
86.566909,51,44.612168
128.451541,79,44.736006
90.881814,54,44.819915
101.858483,58,44.910165
87.032617,60,45.003394
198.064563,119,45.185776
82.798788,55,45.273052
111.430706,67,45.376737
87.363706,50,45.453438
73.112566,46,45.524575
132.828803,78,45.645132
168.144005,97,45.795817
113.473525,76,45.91396
69.157578,44,45.981746
133.071918,75,46.095255
140.685777,90,46.234665
88.24177,60,46.328872
73.646182,46,46.400203
70.114904,44,46.469089
108.568924,66,46.57079
109.653243,65,46.671892
75.037798,48,46.746009
106.94556,68,46.852113
82.772758,53,46.93471
80.43375,52,47.016416
82.982113,53,47.098533
79.842989,51,47.178412
132.84697,86,47.311795
132.544905,75,48.98249
143.659504,82,49.109741
15.576386,15,49.13343
79.699093,51,49.212669
74.312589,48,49.287163
197.729318,97,49.436859
64.980327,41,49.500834
168.150068,86,49.62405
71.65344,56,49.680253
137.582815,81,49.761937
96.862945,57,49.819661
153.645156,83,49.903368
126.383626,77,49.981576
103.617788,60,50.042412
78.907918,51,50.093825
75.579205,47,50.141883
78.054357,48,50.190089
126.067157,71,50.262238
106.541029,66,50.329835
72.335444,46,50.38005
65.92407,41,50.435082
83.501355,50,50.501835
156.49777,87,50.638783
103.445165,61,50.734985
72.617191,59,50.826923
76.556661,51,50.907849
74.434785,51,50.988775
64.307639,42,51.054761
106.443242,68,51.163197
75.474492,46,51.235981
126.641699,69,51.346395
82.357903,49,51.424519
84.362207,52,51.507093
86.043546,50,51.586326
83.463928,52,53.137676
178.009451,91,53.218996
161.097853,88,53.30444
167.963105,91,53.419237
73.859465,48,53.47997
11.585888,13,53.494193
180.190067,97,53.596451
206.546245,103,53.698733
89.247893,54,53.747183
203.541102,105,53.841194
178.784496,89,53.930406
147.41583,72,54.004922
124.012523,69,54.08128
156.673211,86,54.197716
174.10986,94,54.323764
219.777478,111,54.469738
216.207387,107,54.613573
129.435628,71,54.706014
71.662213,45,54.762974
85.855202,58,54.841321
133.146692,79,54.948553
182.479307,90,55.062234
78.741634,49,55.113553
186.47085,96,55.216295
81.909798,49,55.269193
93.187015,55,55.335215
169.998589,93,55.453116
178.497766,91,57.066702
76.517763,46,57.126076
143.160161,76,57.223025
143.234032,76,57.317642
215.584434,114,57.456831
112.563401,67,57.536106
71.36673,45,57.591436
197.626445,107,57.734026
244.430669,116,57.911286
168.31437,81,58.036095
158.435173,88,58.17309
71.172678,46,58.244696
191.827245,94,58.391637
210.891499,127,58.586109
138.754707,74,58.702137
78.80479,50,58.779656
167.64784,82,58.906137
120.000598,67,59.009904
109.686351,66,59.11218
96.047524,55,59.196905
184.850198,101,59.352731
168.529445,85,59.484355
221.331764,120,59.670035
158.174147,84,59.801373
70.055789,43,59.868383
218.344093,116,61.584745
232.703715,108,61.738312
227.5017,110,61.907551
218.775805,119,62.092224
72.886331,45,62.162926
250.398513,125,62.356619
234.410119,123,62.547041
240.309674,116,62.72955
225.095628,114,62.90434
241.574105,122,63.092691
219.677545,123,63.282712
234.340998,108,63.450787
86.388751,53,63.534373
205.981243,112,63.708419
176.506811,97,63.858967
103.410231,65,63.960801
199.3608,102,64.120158
189.160433,108,64.286479
229.378331,112,64.460288
88.463874,52,64.542952
218.315435,107,66.175202
235.713035,133,66.370545
216.241274,110,66.541812
235.00751,121,66.730144
237.828832,113,66.908711
227.140494,113,67.084251
152.317498,81,67.210958
232.108557,132,67.417262
220.387145,104,67.579639
73.007014,45,67.650267
203.148481,102,67.810069
244.762927,123,68.003114
250.135159,124,68.17342
241.698804,124,68.339683
232.191388,111,68.486825
242.945282,121,68.649523
96.462574,58,68.728395
83.098064,52,68.799067
78.693648,49,68.86625
225.17304,118,69.029154
198.47205,103,69.191479
230.504562,112,70.923462
229.454458,117,71.107305
77.946827,47,71.182215
246.248152,121,71.373386
95.664473,56,71.462464
237.611415,114,71.642097
70.989428,45,71.714007
235.806106,114,71.892865
236.671034,119,72.081162
86.896071,54,72.167393
79.198266,52,72.249904
229.928607,109,72.420554
238.213709,115,72.600558
75.06938,48,72.676735
110.730377,68,72.783939
78.612494,47,72.858368
230.457777,107,73.025601
109.284068,63,73.125573
243.243395,123,73.317969
248.423088,115,73.492124
248.296213,122,73.653567
76.005546,48,73.718132
224.526263,108,73.860417
231.842793,112,75.380995
257.791675,130,75.569459
251.941898,122,75.747779
69.262703,43,75.811003
227.31794,105,75.964608
220.731926,102,76.117056
236.321075,114,76.282967
244.800978,118,76.447106
87.744982,52,76.499626
234.195993,116,76.6241
251.151755,125,76.761242
239.907741,123,76.906585
231.483751,111,77.03632
267.703892,149,77.231118
238.453869,119,77.389544
258.429482,125,77.525931
240.027826,117,77.646665
228.552671,108,77.758395
226.695493,105,79.208688
260.612689,129,79.36689
111.564544,69,79.455704
262.821246,124,79.597627
229.239683,115,79.721511
243.252659,118,79.840806
252.375549,129,80.008247
73.577266,46,80.068823
250.537038,124,80.233401
233.137874,122,80.393777
249.523742,127,80.522381
254.096571,133,80.666798
253.204686,128,80.825045
243.549101,122,81.013335
227.3967,108,81.179366
244.598238,120,81.365285
246.597792,117,81.545344
241.39945,114,81.722811
79.616829,50,81.800755
257.013115,129,83.595385
270.839939,139,83.808948
248.563863,118,83.992403
263.994147,131,84.17505
228.259467,108,84.331269
244.197997,119,84.516153
239.147633,119,84.700097
252.160205,130,84.90268
128.132862,77,85.023588
259.2966,124,85.215821
248.574393,121,85.40382
249.323246,125,85.597246
263.10056,129,85.798218
259.830618,132,86.003898
247.82186,125,86.198825
241.20264,113,86.375578
235.524706,113,86.549704
87.023621,52,88.220653
251.868094,121,88.358991
250.855589,122,88.500129
270.692539,128,88.661705
240.865137,113,88.791355
230.458604,114,88.940001
248.306547,124,89.077147
260.914166,135,89.217858
232.46234,107,89.325596
253.164727,126,89.465818
210.237876,111,89.593812
266.077905,135,89.774058
265.422255,134,89.94509
256.623741,129,90.099678
77.330169,48,90.165645
261.513529,132,90.332228
86.231647,55,90.402045
83.446708,52,90.469113
247.210487,121,90.62648
256.46251,128,92.271948
78.591283,53,92.334936
283.374527,138,92.492857
251.910615,126,92.648377
268.082244,142,92.830628
236.076581,114,92.969714
252.365143,129,93.126323
257.34079,132,93.284478
253.509391,131,93.432843
79.000603,52,93.501048
247.399355,121,93.641475
237.645129,118,93.77434
243.858704,121,93.90341
234.306255,112,94.03677
235.467841,108,94.179091
82.466735,56,94.252554
233.310381,111,94.39921
252.829357,121,94.58
221.241491,103,96.220873
256.705795,128,96.420404
276.62433,139,96.637097
275.288027,134,96.84587
254.85621,131,97.050573
250.009985,126,97.247165
256.24676,131,97.451596
243.007929,119,97.638255
243.750142,122,97.828473
224.389227,106,97.994705
243.608632,115,98.174319
238.7801,111,98.347967
246.614333,123,98.539588
240.271346,116,98.700211
242.382582,121,98.83071
231.024381,101,98.95629
249.001095,122,99.119074
252.306562,129,100.770489
245.750399,128,100.973203
87.393128,60,101.069231
216.606253,117,101.254379
260.506736,126,101.45178
229.4871,113,101.631475
279.705994,138,101.849101
247.234072,122,102.041681
284.616359,146,102.26882
255.04655,123,102.461724
252.619335,125,102.656137
243.189594,126,102.855232
243.499529,122,103.046041
211.314944,112,103.22274
79.313643,50,103.301332
268.614228,140,103.52423
267.26041,136,103.70117
280.583493,132,105.484699
262.16385,132,105.677396
246.680917,119,105.852187
78.791217,48,105.923697
246.601238,121,106.106241
290.484091,143,106.320081
90.521309,60,106.414009
250.14214,124,106.60554
305.436256,152,106.840988
264.657654,137,107.049647
248.254317,123,107.238651
75.595564,47,107.311856
248.808187,119,107.493768
264.977664,127,107.686838
247.524541,126,107.873529
261.235254,127,108.068085
279.836954,136,108.262876
282.034903,134,108.448802
257.429862,131,110.268928
227.920351,108,110.460543
256.462736,133,110.698324
262.875792,130,110.929802
277.159676,137,111.173327
269.880299,128,111.401439
251.19914,124,111.62276
274.218759,142,111.876535
264.893428,135,112.116911
252.308787,118,112.325485
296.771401,143,112.579653
258.961533,133,112.816649
312.677597,138,113.060344
257.526474,127,113.286296
260.712508,126,113.508079
232.774722,116,113.67004
298.114155,149,115.454665
256.278366,131,115.639697
314.744199,137,115.85101
352.337256,165,116.10726
305.274722,139,116.321591
266.093748,137,116.535495
285.422905,144,116.759125
260.434502,121,116.949126
240.48284,120,117.134596
263.338615,127,117.331556
221.344118,111,117.503974
261.647959,141,117.723006
277.862309,131,117.926267
279.646241,135,118.134834
293.175392,147,118.362861
321.46493,154,120.070009
328.832718,156,120.298733
291.804076,142,120.479063
310.300266,151,120.671745
247.493189,125,120.83586
317.49432,159,121.058549
278.43172,142,121.25559
289.720568,142,121.46215
261.294794,135,121.663844
324.540226,168,121.905037
239.975902,125,122.08479
289.700316,142,122.274115
303.96352,137,122.488182
307.776793,142,122.740581
304.357195,136,124.690005
304.589705,137,124.869286
331.795763,154,125.071257
305.782136,132,125.235558
289.517779,128,125.397931
282.096328,117,125.545279
307.947034,130,125.719822
314.225694,149,125.898182
279.183817,135,126.0747
299.2229,124,126.239011
294.668512,132,126.402917
293.185389,127,126.561018
87.853288,53,126.623242
321.130283,143,126.771072
295.109938,126,126.922251
310.988728,136,127.10217
329.205592,132,128.62202
320.793879,138,128.76396
290.403421,125,128.892329
294.379777,140,129.059066
272.624383,125,129.217416
310.668557,138,129.390775
335.671967,147,129.564411
272.289191,117,129.708413
322.192907,152,129.903153
341.080671,141,130.082397
339.85971,145,130.261417
307.787849,139,130.421792
294.149807,125,130.563498
286.779206,128,130.727468
305.484121,126,130.894105
304.480554,137,132.614902
389.664119,177,132.92819
304.362413,126,133.149736
350.239684,149,133.412709
338.238748,141,133.662081
332.813399,131,133.893151
338.506444,158,134.172251
334.522125,145,134.428974
304.721106,131,134.661436
339.114537,151,134.92838
332.191889,142,135.180346
307.749352,124,135.399052
342.177303,146,135.657279
340.400376,142,135.897715
351.967033,164,137.747175
292.890704,130,137.911064
314.600279,133,138.093255
319.381004,138,138.306666
299.893093,125,138.50033
295.954346,117,138.679221
324.445811,140,138.896716
270.383706,122,139.087435
332.463113,144,139.309781
281.766569,118,139.491029
342.340386,139,139.704604
277.646081,113,139.877995
298.606036,127,140.073417
320.831016,135,140.281251
295.402049,127,140.47798
312.143199,122,140.665041
239.729248,118,142.30539
347.84437,151,142.502649
319.196886,134,142.675242
356.118581,141,142.883676
343.586497,127,143.079529
324.69744,135,143.286779
332.507437,150,143.518141
326.782839,137,143.678222
342.812313,148,143.826891
344.190774,140,143.967582
337.728961,146,144.119997
368.581392,143,144.309209
323.869455,131,144.481972
313.860972,127,144.648498
345.805684,143,144.857811
378.262657,136,146.659057
312.933978,120,146.839087
351.687108,130,147.030142
291.773596,122,147.211768
356.407543,129,147.393607
315.676348,124,147.607014
324.396074,127,147.830983
335.622737,130,148.060275
279.85315,122,148.274997
261.221587,112,148.473539
341.597853,135,148.710993
323.297403,127,148.933778
230.811017,105,149.118473
300.042067,115,149.318662
368.581202,138,149.5611
263.187267,103,149.743338
330.599217,123,149.958653
342.062582,128,151.731008
382.068386,134,151.891645
299.786183,126,152.055317
321.363359,132,152.209992
313.900773,123,152.359935
356.776642,130,152.526277
314.701659,119,152.709469
318.842227,116,152.887949
348.057141,135,153.098222
290.809253,113,153.271427
350.368644,127,153.465443
376.276075,137,153.67453
314.121806,128,153.870713
372.395021,135,154.078478
319.85592,128,154.274863
326.314157,124,154.465228
356.814389,133,156.128384
344.543961,126,156.285732
334.801782,134,156.480175
261.818108,106,156.643674
299.298705,114,156.819721
373.325982,133,157.023407
365.392115,129,157.223027
257.065648,103,157.38264
362.190884,130,157.581679
238.169073,99,157.734149
338.341901,135,157.94248
319.024175,129,158.141307
300.166432,115,158.31926
318.555449,126,158.509688
368.238722,139,158.720969
357.963242,127,158.917998
362.171766,131,160.630857
320.276992,128,160.789328
324.782311,118,160.925037
322.444676,120,161.044731
373.280427,134,161.177267
365.135491,137,161.312918
363.532184,134,161.445287
349.422898,126,161.570052
258.276474,105,161.674116
300.762758,113,161.786301
253.644224,103,161.912203
332.19373,125,162.076437
288.549183,110,162.220518
325.68482,119,162.376296
322.143098,126,162.539616
274.809751,107,162.657704
318.929917,118,162.809112
375.50593,134,164.287538
377.91474,133,164.45994
314.527687,118,164.610453
343.413544,124,164.761471
299.917136,125,164.916809
368.35946,130,165.068073
302.189869,141,165.257009
303.990965,115,165.434514
321.697308,128,165.630331
352.159173,133,165.835028
340.685152,126,166.027853
340.85674,134,166.234283
322.438025,127,166.428974
363.624752,131,166.629294
302.758541,115,166.805771
345.563545,125,166.997935
327.643932,129,168.636107
358.619352,132,168.797023
342.067657,127,168.949588
332.689986,129,169.107627
349.497578,128,169.243567
315.386554,117,169.349726
335.234975,123,169.458127
296.935338,121,169.56496
320.801878,120,169.670822
329.370609,120,169.783523
341.540606,130,169.918191
374.5708,134,170.058851
307.525754,115,170.180062
401.158069,142,170.325064
307.839389,116,170.4415
370.205901,131,170.589043
375.765923,133,172.129609
329.84957,120,172.276329
404.373778,141,172.453813
331.188204,119,172.607326
322.542669,120,172.75469
341.087362,132,172.921372
328.266,122,173.075437
356.182798,129,173.223615
334.99884,136,173.391241
358.731439,130,173.59079
330.649287,120,173.773489
345.615772,125,173.96423
346.775771,128,174.158087
319.30775,122,174.342961
327.232616,118,174.523279
352.627883,125,174.713765
324.744666,118,174.893589
341.438694,124,176.616639
329.44735,123,176.807605
389.522902,136,177.017824
365.682734,131,177.221281
333.335884,122,177.410542
356.465583,131,177.613985
329.715087,121,177.802047
371.483681,129,177.96254
362.870444,130,178.127834
377.187838,133,178.299146
370.969689,130,178.457041
376.590114,129,178.614005
331.023882,129,178.755123
385.591457,133,178.944055
340.06414,123,179.132657
353.856108,127,179.328585
390.575842,135,181.147647
413.644561,142,181.397945
358.286366,127,181.6208
388.430065,134,181.855845
264.269065,106,182.037125
401.7097,147,182.26875
362.548973,129,182.46261
391.690834,136,182.660747
378.63418,133,182.854693
363.000128,131,183.043858
312.436075,117,183.218472
357.698271,130,183.407288
344.423786,127,183.588355
309.96154,115,183.754714
379.553176,133,183.949551
348.148338,124,184.157023
353.220558,124,186.041292
385.51811,137,186.252103
351.4918,127,186.448375
392.681594,134,186.655232
376.512668,132,186.860506
351.805651,127,187.057133
364.835324,128,187.254488
400.382641,137,187.466552
342.146564,122,187.656233
361.699734,126,187.852653
371.127614,131,188.054924
387.650036,137,188.266379
386.024447,139,188.481061
357.715086,130,188.682297
339.937788,122,188.870844
329.204425,120,190.612707
279.926396,109,190.77934
386.011537,135,190.986525
361.192264,127,191.14184
367.521292,135,191.303734
370.135164,131,191.464687
386.381273,134,191.630604
365.761074,128,191.790119
274.739447,105,191.917461
342.885042,122,192.07311
362.093291,126,192.223804
398.967868,137,192.384164
327.739953,117,192.521736
393.871151,136,192.700087
369.619359,135,192.875439
384.273839,134,193.01251
368.456271,128,194.347484
370.893436,130,194.483698
349.289548,125,194.641891
396.488683,138,194.802526
356.525836,125,194.966583
382.062009,142,195.152893
368.28299,129,195.320467
379.05998,134,195.4944
376.347361,132,195.667441
369.638888,132,195.841805
405.490534,138,196.0071
349.264217,127,196.134258
407.702499,141,196.272247
357.474162,128,196.420082
374.293464,130,196.589534
374.55134,130,196.760473
374.112491,131,198.263334
361.907429,127,198.457396
386.648441,136,198.665798
382.425108,136,198.85726
372.092277,138,199.046239
367.827901,129,199.217477
395.270748,139,199.405598
336.123771,120,199.569955
405.926983,139,199.75088
392.945163,134,199.954816
373.413301,139,200.168756
395.036507,139,200.382418
388.322829,134,200.586754
375.516418,132,200.789672
382.219737,135,200.994181
392.336547,135,202.639847
365.749378,139,202.856823
424.385285,143,203.080002
352.549658,134,203.289209
349.563496,125,203.484712
420.675405,144,203.7099
402.52506,139,203.926591
390.220442,136,204.116109
390.768749,135,204.325292
374.403394,129,204.52584
408.20902,147,204.753107
390.948744,138,204.966694
391.910376,136,205.177315
363.877643,127,205.374024
415.762173,141,205.591821
399.309773,138,207.377832
397.827223,139,207.593933
341.762729,122,207.784806
365.618219,129,207.986062
451.030292,150,208.219158
380.217371,137,208.433159
398.204648,137,208.646221
389.945377,136,208.857662
415.328776,142,209.078994
392.757387,135,209.288828
408.686026,140,209.505964
375.016508,130,209.708156
368.901108,129,209.908837
393.297044,139,210.12492
415.296278,143,210.309514
345.036799,124,211.976055
412.439381,140,212.194532
405.172997,144,212.419814
439.256314,149,212.652087
402.088937,139,212.870398
392.754618,136,213.086397
411.645648,142,213.308131
409.340399,141,213.526933
408.179776,140,213.744082
402.608473,142,213.965215
413.209731,146,214.193267
412.88185,146,214.419257
456.174573,153,214.617254
422.31458,144,214.800271
395.240069,139,214.977175
409.20856,143,216.6759
487.687638,159,216.91918
417.791497,151,217.150736
405.890121,139,217.35177
406.130664,139,217.510458
456.118695,153,217.698938
424.745936,147,217.876806
411.015618,139,218.045106
348.868105,123,218.184472
436.033405,149,218.356107
343.125231,135,218.50723
436.487867,148,218.689359
390.94888,141,218.869067
392.271085,139,219.065108
389.318236,134,220.894138
446.293982,152,221.105158
424.375582,145,221.302167
420.232259,148,221.521386
364.854244,136,221.734276
441.770757,150,221.968419
452.53492,157,222.170286
393.579505,137,222.3487
429.863235,149,222.557493
376.860856,132,222.759126
421.027268,143,222.978133
446.367836,150,223.208171
415.146422,142,223.425291
360.475202,130,223.623732
390.673432,134,225.369996
461.123943,153,225.566532
462.166268,155,225.75506
439.247714,150,225.944406
409.326085,140,226.129571
409.996506,140,226.309261
407.321298,140,226.488978
476.135879,157,226.688568
371.777395,129,226.885466
419.067511,146,227.113816
442.29084,152,227.351564
414.145398,140,227.570295
399.085301,137,227.716514
513.168007,170,227.882255
413.827427,140,229.516415
412.592922,145,229.702969
484.99202,157,229.899782
455.15785,152,230.089344
549.156468,175,230.317746
451.473779,152,230.508674
479.456967,161,230.725888
390.374754,138,230.937287
449.965661,152,231.169734
424.716484,146,231.39237
398.423553,135,231.600292
462.298917,154,231.83576
425.646077,142,232.053372
390.207411,138,232.264642
449.129552,150,233.967494
451.544938,159,234.247789
486.686591,167,234.541529
474.887931,160,234.82011
502.565071,165,235.111306
506.262486,168,235.404939
403.454391,138,235.645437
451.938418,154,235.915685
516.157441,167,236.200549
447.670534,156,236.44701
376.32788,138,236.606372
526.648503,170,236.779071
534.75323,170,236.971729
607.047397,196,238.865527
547.881499,179,239.134205
411.402785,141,239.340319
489.703158,163,239.563867
439.865351,147,239.776936
371.149705,136,239.967661
569.231653,189,240.244467
444.100954,150,240.51074
475.522498,160,240.794039
424.855264,151,241.062931
426.335507,144,241.318883
460.824369,152,241.587906
491.863399,162,241.875289
426.579474,144,243.765008
500.437937,162,244.015636
521.328265,169,244.278482
619.159549,199,244.58989
487.419781,160,244.840265
501.142272,163,245.094869
616.774558,197,245.39981
606.149111,196,245.70238
519.757178,173,245.916498
562.636581,182,246.150222
433.272105,146,246.342887
480.275786,163,246.542049
535.727103,171,248.335803
504.312857,175,248.603786
546.48977,184,248.885391
542.96471,178,249.159769
504.852534,164,249.370837
567.960224,183,249.600523
494.902857,165,249.800112
494.353817,173,250.016093
656.031727,209,250.267648
495.97357,169,250.472245
473.567554,160,250.678885
424.429297,146,250.906221
498.439601,172,252.613853
606.822841,192,252.850118
494.902639,167,253.101892
610.500258,205,253.415732
534.745221,169,253.674289
529.08093,172,253.937543
644.392887,204,254.249804
379.243589,144,254.471994
590.242358,187,254.759179
577.393295,191,255.052312
606.754665,197,255.353336
545.569797,183,257.114153
640.591831,205,257.339475
585.507398,190,257.613802
636.384912,204,257.923598
603.998744,192,258.21514
510.388124,174,258.480323
529.516835,172,258.743291
586.010945,186,259.027063
520.100769,172,259.289361
549.403448,178,259.564818
666.436656,212,259.888858
567.545253,186,261.778352
577.72388,189,262.070733
600.185275,193,262.369409
636.638594,204,262.673579
597.619275,193,262.915234
564.710914,193,263.163456
620.040875,202,263.423257
622.485541,196,263.674935
626.559262,206,263.940366
588.197216,196,264.240725
587.823662,195,266.186193
540.602543,170,266.449772
626.956465,199,266.75762
642.426797,203,267.033855
542.365438,171,267.259274
576.987158,182,267.486721
647.523528,203,267.752793
615.430066,198,268.010664
644.278026,199,268.258857
572.819922,182,268.451843
631.477916,200,268.632152
662.254609,215,270.493598
633.10546,201,270.795863
644.816276,207,271.052754
623.850314,200,271.309804
689.700064,216,271.587265
550.179077,184,271.83111
606.852011,193,272.079344
588.490251,188,272.321441
639.836563,201,272.566237
569.196472,180,272.7717
627.236802,196,274.567718
676.670301,212,274.890458
663.90848,211,275.16465
633.76719,196,275.412915
631.330482,198,275.654024
653.807118,209,275.922756
604.375583,200,276.179945
626.987735,206,276.449555
664.389746,210,276.715668
666.971594,215,276.971692
646.453748,208,278.737264
651.682569,206,279.018106
538.801353,175,279.268145
718.218862,226,279.571216
591.764946,198,279.82075
601.702665,195,280.071169
640.26057,203,280.310479
618.158135,200,280.519707
716.87131,222,280.803211
636.551184,201,281.059269
615.525123,198,282.730141
702.97837,218,282.983124
662.567216,212,283.240422
645.145406,209,283.491234
587.019158,196,283.731247
676.810519,212,283.99858
671.024794,211,284.233535
645.110793,204,284.494282
678.065646,212,284.745849
678.842649,212,284.958038
650.088421,211,286.680393
693.675181,218,286.955007
618.893745,192,287.187649
700.894543,220,287.443128
655.653071,206,287.677161
687.781918,216,288.00192
679.886225,215,288.332631
678.374115,213,288.659597
651.620629,207,288.978925
663.831791,211,289.304255
671.308644,211,291.092989
668.797883,215,291.422453
665.120192,210,291.743638
656.731105,207,292.060418
679.416745,212,292.385253
225.428171,98,292.532554
650.259095,207,292.802746
688.85951,217,293.062634
686.102918,216,293.325201
639.196668,201,293.565981
670.109643,209,295.377373
623.417469,195,295.676262
654.221731,205,295.993035
665.655102,215,296.219197
671.300294,210,296.444154
634.759065,200,296.672196
700.331613,219,297.001036
765.134299,235,297.362457
668.706924,209,297.685091
669.989003,213,298.011844
687.120874,214,299.902604
789.331984,239,300.264218
647.627804,200,300.569326
629.17458,201,300.875128
700.430913,217,301.205078
676.681856,213,301.529305
663.922332,209,301.8459
701.624574,220,302.18148
738.973157,226,302.507606
704.000126,222,304.367239
689.641453,218,304.701955
686.844434,217,305.03597
649.521918,205,305.353107
690.243128,218,305.684353
742.477884,226,305.97508
641.822635,203,306.177214
687.34114,216,306.436294
634.82521,197,306.660158
693.509834,219,306.921651
673.743293,209,308.776711
608.742268,187,309.066435
704.534192,220,309.401553
686.305645,214,309.7359
733.523953,225,310.083308
658.299222,207,310.398755
666.850782,211,310.72025
664.410824,210,311.042472
728.197062,223,311.367949
675.759219,209,313.117146
652.761912,206,313.342973
601.971802,187,313.571423
676.607188,211,313.886872
654.629068,205,314.194804
607.684561,187,314.476799
566.052005,179,314.724721
708.004007,220,314.98655
698.756965,218,315.259263
683.003413,213,315.521425
708.030033,221,317.323194
678.600339,213,317.651847
700.027756,217,317.984309
629.984766,202,318.29386
674.690993,211,318.594569
680.456554,211,318.946491
621.837355,195,319.22546
697.72477,218,319.533395
689.162391,217,319.853863
677.477089,213,320.163038
716.749519,223,322.16838
808.56496,243,322.543547
815.309074,243,322.918586
750.473225,230,323.245544
692.229184,218,323.519593
654.628125,213,323.797013
714.042229,222,324.087522
619.243877,196,324.341169
711.249123,221,324.632201
662.695102,210,326.345376
635.0565,199,326.606114
722.111263,228,326.888337
720.319402,221,327.150721
645.322011,202,327.421614
686.781312,216,327.751443
698.580944,219,328.085665
670.643365,212,328.410737
680.733283,213,328.738286
664.17653,208,329.055996
695.057939,218,331.001715
768.946096,234,331.358262
760.027404,232,331.714385
678.880355,208,332.033135
709.958741,218,332.359536
765.35022,229,332.644129
852.756501,255,332.958519
661.339726,213,333.23202
673.304843,211,333.505755
643.021317,200,335.181992
795.762708,238,335.476888
652.408441,204,335.738836
708.021115,219,336.023586
753.281439,228,336.311612
713.05987,222,336.606856
703.048335,221,336.933347
609.756123,189,337.226323
657.402734,205,337.54419
724.347598,225,337.892947
665.595659,207,339.732244
708.678243,220,340.075803
708.099293,219,340.413328
683.02309,215,340.743267
826.25301,246,341.05316
687.745747,213,341.319763
685.762695,216,341.535484
688.003702,217,341.764947
680.904893,215,342.070028
845.547761,250,344.027629
761.572611,231,344.377609
759.145629,229,344.723938
703.058421,216,345.050259
794.131335,238,345.410086
676.264459,211,345.729877
683.214227,209,346.045697
865.785846,261,346.440464
798.228754,238,346.747517
733.798558,224,348.506127
833.124952,245,348.879801
868.861059,254,349.266519
782.479677,237,349.627633
838.481438,249,350.01189
696.769173,214,350.262967
771.983398,235,350.56521
819.075119,241,350.851502
815.880118,243,352.590393
673.949997,205,352.832242
842.820106,246,353.190105
892.986623,261,353.592574
852.97673,252,353.976189
865.457389,255,354.362784
690.042408,215,354.690044
793.939823,238,354.981332
749.26254,226,355.237066
792.4521,239,356.994483
809.911229,242,357.292333
872.447368,257,357.683299
840.742369,248,358.060841
735.562074,227,358.406952
775.034802,233,358.762441
799.164003,237,359.123782
721.898558,222,359.462501
894.917427,262,359.861977
705.838246,218,361.681412
750.999207,226,361.947781
798.553329,241,362.190852
866.522813,254,362.459352
797.299298,235,362.739858
817.546021,245,363.032048
825.280657,245,363.336594
697.790901,214,363.601563
813.202203,239,365.451099
846.433067,249,365.830867
746.316069,227,366.175334
872.709434,262,366.574189
900.912935,266,366.981273
885.609964,256,367.32278
682.302812,212,367.585094
752.92587,228,367.847907
730.894375,221,368.110361
685.388848,209,369.761271
735.581026,228,370.061026
865.17794,253,370.386162
833.657245,249,370.700607
796.123144,236,371.009453
781.856489,238,371.344001
821.612277,243,371.713272
850.673651,251,372.094225
813.165692,239,374.074056
820.281703,241,374.493828
891.133532,266,374.961803
783.280451,237,375.375122
833.222133,247,375.805104
797.040396,237,376.197209
818.454655,247,376.524898
833.968273,248,376.852777
805.915694,240,377.146573
889.428138,265,379.106078
689.518696,215,379.381813
789.707089,238,379.689969
857.132627,258,380.020159
863.007591,257,380.349894
735.210833,229,380.649107
800.017114,239,380.948526
695.288284,215,381.202337
813.17488,243,383.009756
873.584877,263,383.415361
899.67441,275,383.838116
869.78802,261,384.240044
847.24298,252,384.626733
841.1146,250,385.010217
843.624736,252,385.398788
913.522099,273,385.775521
794.279142,246,387.61417
836.437897,250,387.996763
869.593493,256,388.387161
625.30182,195,388.685201
879.601117,263,389.086319
974.649242,294,389.53429
866.574408,258,389.929372
770.295308,234,390.286222
897.168954,275,392.236279
887.60977,262,392.578481
857.979856,253,392.908914
859.433498,252,393.285053
789.487892,243,393.661069
903.967529,272,394.078162
816.272154,251,394.464729
927.546866,277,394.890563
860.993853,251,396.872014
909.908727,273,397.293943
894.85193,272,397.715365
875.182633,257,398.11346
903.999287,269,398.50163
901.922291,265,398.830924
924.18644,279,399.256608
895.917134,273,399.676179
902.770382,267,401.671509
868.245508,253,402.060081
896.337547,261,402.461098
915.464897,270,402.833949
980.670174,296,403.202157
826.139296,242,403.493804
912.078043,275,403.837126
918.202338,278,405.368528
817.789509,245,405.583977
875.588987,264,405.917017
876.144814,259,406.212843
903.448554,265,406.550599
858.220611,253,406.883739
816.057185,244,407.176164
897.817461,266,407.511596
877.287666,263,409.374353
945.126797,281,409.800802
928.341917,286,410.235555
937.452757,285,410.66715
799.382741,234,411.022378
911.765888,269,411.429184
765.604322,232,411.752481
882.846463,267,412.149246
883.119556,258,414.045414
822.624297,245,414.418553
920.141278,274,414.836169
738.701276,229,415.185509
824.470296,246,415.56088
831.813102,245,415.902155
757.894845,241,416.206419
940.998866,282,416.566363
908.780873,273,418.518761
885.146369,257,418.967976
845.890073,251,419.378724
941.70251,283,419.810125
920.121302,281,420.238755
878.314569,258,420.633012
953.622655,284,420.989967
946.966736,283,421.385914
891.807258,262,423.458627
841.962797,259,423.852531
842.43493,256,424.240111
909.453814,271,424.649794
829.661198,257,425.006034
940.215403,276,425.330715
930.198953,274,425.65656
1012.662572,299,427.589706
884.382743,256,427.978983
886.800485,257,428.369099
920.1121,269,428.777395
908.003803,279,429.199914
916.025545,273,429.61357
931.687665,272,430.02678
901.456537,268,430.421826
919.19409,269,432.294492
870.392698,257,432.69144
936.806024,278,433.094315
904.462602,261,433.323632
855.974378,247,433.562044
913.707245,265,433.850219
922.075159,274,434.189532
897.757675,257,434.508379
633.566917,195,436.180966
877.996928,257,436.499376
901.857379,262,436.820682
891.808996,255,437.080017
814.135832,241,437.318874
862.023258,260,437.630958
834.421444,254,437.938403
955.025984,284,438.297217
963.228457,286,439.995256
941.386575,271,440.408153
915.794912,264,440.812794
890.719361,257,441.206948
920.342375,265,441.613322
906.316915,271,442.029588
835.543165,245,442.404879
923.839592,274,442.825836
879.760188,254,444.766718
805.998194,240,445.135083
916.021864,272,445.55129
895.674507,261,445.951829
913.158811,271,446.368055
956.163818,289,446.810862
823.297408,244,447.151186
906.081631,261,447.485335
946.933061,275,449.369773
868.305276,254,449.762447
720.669587,220,450.102834
862.177055,246,450.482882
892.478308,266,450.894286
870.497784,264,451.302853
906.426489,265,451.697942
916.29657,268,453.58027
705.096243,214,453.908798
818.307703,238,454.270805
827.328385,240,454.571282
948.622551,280,454.872898
942.272557,279,455.21533
946.398307,278,455.579907
864.236482,250,455.898282
908.418146,277,457.94013
710.732181,216,458.309
880.276347,253,458.673467
938.788446,270,459.069216
885.533368,261,459.453129
917.359592,275,459.877446
913.594155,264,460.303679
724.359709,216,460.678709
891.345811,264,461.137318
918.585941,275,463.226801
917.609839,271,463.625546
933.363433,272,463.984472
952.626962,276,464.376003
1089.243939,318,464.867987
932.994214,271,465.221291
927.722102,274,465.572086
943.026689,271,467.454237
940.154368,283,467.813936
908.702831,274,468.168137
952.82887,280,468.474063
959.172319,282,468.830518
949.751825,284,469.198685
909.623031,266,469.611585
907.954773,277,471.498486
946.2792,273,471.840031
947.21023,279,472.182502
847.297396,255,472.491698
886.815182,256,472.814202
871.176665,253,473.068453
951.513842,278,473.342495
954.561148,281,473.632404
928.626303,275,475.357074
905.371403,264,475.672487
800.088509,234,475.958683
926.331478,274,476.368197
900.96828,263,476.771821
887.095428,258,477.167714
918.973944,273,477.586687
945.752513,279,478.0159
906.887049,261,479.874641
922.954242,278,480.235808
936.970257,276,480.596505
958.446972,284,480.922044
1010.959069,297,481.23782
908.289491,261,481.478575
904.759061,262,481.814807
899.117216,263,483.581317
920.547692,270,483.999962
941.464283,280,484.425722
915.430036,270,484.83792
930.811934,274,485.257416
850.307998,253,485.599206
916.828937,264,485.929238
934.381681,281,486.266806
892.442249,274,488.137356
835.852515,241,488.475608
913.676228,265,488.766715
850.672539,252,489.061344
966.094992,282,489.430689
948.267957,276,489.799795
929.666847,273,490.217818
885.720056,256,492.219825
698.247141,212,492.541908
942.761518,279,492.965255
1097.664202,319,493.450569
952.794251,276,493.8703
675.969432,205,494.14861
763.675493,227,494.461315
896.006145,255,494.846528
889.277075,268,496.919151
956.870812,281,497.353586
941.647596,268,497.767624
959.445639,286,498.173601
777.261014,232,498.473973
949.414345,275,498.840081
937.96952,275,499.25915
959.383476,279,499.685668
825.099487,242,501.666566
954.686459,290,502.108505
686.539159,210,502.42871
945.222168,272,502.843105
916.839862,264,503.245108
918.347173,274,503.661408
980.486699,291,504.094703
953.078157,283,504.421015
953.692013,288,506.273286
888.197059,269,506.589824
926.079279,269,506.911068
958.378473,277,507.264352
699.823201,213,507.529349
919.580469,277,507.883707
765.298204,238,508.23041
945.771931,273,508.6449
860.896266,262,510.589343
950.822783,286,511.017561
955.883469,276,511.431079
875.061564,251,511.80617
927.330703,264,512.201352
969.563685,288,512.631346
897.426724,260,512.996374
882.594212,256,514.83345
943.498719,273,515.245287
785.303303,233,515.597523
938.623085,280,516.019714
1213.79335,350,516.547602
951.975512,288,516.977159
975.522487,291,517.321133
892.578055,259,519.274079
936.803424,285,519.701982
1225.780007,354,520.233201
942.636129,277,520.651676
957.772672,275,521.012702
930.622525,284,521.352531
853.506042,246,521.626918
1104.181774,321,523.499899
882.325307,259,523.82425
838.65079,244,524.06823
934.71449,276,524.338471
977.884072,289,524.590889
920.500967,263,524.825432
904.304334,264,525.086279
829.598222,241,525.361539
934.373209,282,527.197894
992.602862,294,527.555697
930.276094,281,527.921035
920.269309,274,528.339109
882.956043,252,528.722327
909.215204,261,529.119751
946.379908,275,529.541678
1023.660937,303,530.001795
936.332748,282,531.989812
901.985171,274,532.397349
854.19766,244,532.763616
1114.883104,327,533.200023
979.781235,287,533.465343
889.71352,260,533.741954
959.258435,277,534.048656
849.380489,245,535.743082
987.129939,282,536.110482
1108.181963,319,536.521418
944.326585,289,536.882046
908.087795,261,537.213923
1143.033777,326,537.526932
936.961686,272,537.798455
799.023657,233,539.477559
956.380793,278,539.909978
999.451018,299,540.374552
1011.054496,301,540.811224
949.010198,273,541.145483
937.451394,283,541.463116
968.430896,283,541.875931
957.369052,282,542.306512
899.369956,267,544.271039
947.994035,268,544.684309
734.460174,221,545.025223
956.396146,277,545.379022
942.685201,271,545.733551
1014.738189,301,546.194254
878.447622,251,546.577754
963.437831,284,548.355866
960.554037,283,548.704196
952.542433,280,549.033158
971.205412,285,549.38862
1098.64128,317,549.860423
936.46664,270,550.275796
962.603521,278,550.702425
994.073254,292,552.719296
975.712137,289,553.164827
960.598979,277,553.592107
747.434096,222,553.933381
988.937583,290,554.379389
1023.734564,296,554.836052
750.01672,221,555.176082
895.691717,257,555.571614
705.214963,214,557.414542
810.290145,237,557.722277
963.551405,273,558.138123
703.869829,210,558.457838
989.321449,286,558.892611
889.267039,253,559.277712
979.578234,290,559.663317
1147.723604,330,560.083669
951.535976,275,561.995736
951.188509,274,562.402341
945.729296,271,562.808313
1010.197555,305,563.263634
1165.693556,334,563.752329
984.182856,289,564.131278
1248.613929,358,564.589484
985.025382,289,566.582332
959.320927,281,566.954384
986.136915,284,567.310445
1172.419248,337,567.741388
941.84508,270,568.0838
976.848661,283,568.435181
940.303743,271,568.807644
703.516812,214,570.733817
924.199442,267,571.071919
1085.983262,313,571.460495
992.989984,287,571.855433
929.106154,268,572.268945
992.223702,293,572.717741
991.885417,293,573.163463
976.145123,288,575.126961
969.790434,286,575.627997
835.70594,239,576.047447
1038.46635,303,576.523504
972.320871,283,576.902437
944.026522,270,577.255126
961.050874,276,577.617956
1034.367297,300,579.568767
852.269397,246,579.874067
975.523097,277,580.227607
957.426441,272,580.57653
825.214413,239,580.862516
1002.86697,294,581.220013
998.813395,292,581.634717
962.393064,274,581.982775
957.709881,278,583.889712
1078.686551,312,584.19672
965.150832,281,584.540326
945.139703,268,584.877484
693.272724,203,585.136964
935.297395,268,585.459602
1175.131039,335,585.878995
1067.955765,308,587.63131
931.775738,268,587.99856
1037.623855,301,588.45582
1005.625434,297,588.907385
1227.955443,352,589.443174
1168.633801,335,589.953057
996.116721,287,590.389682
1111.835254,322,592.356416
1040.092416,303,592.797475
1071.450839,311,593.337843
914.480429,259,593.783432
978.176473,289,594.286992
777.541946,227,594.675456
1187.163156,337,595.260976
725.067879,214,597.423455
730.191071,215,597.692066
966.757607,277,598.045259
954.06379,273,598.38379
1001.993496,288,598.748751
681.022126,201,599.010556
979.779388,280,599.358409
787.413282,229,599.584556
884.813524,252,601.028995
697.129534,207,601.334038
923.657645,265,601.677514
1031.650785,299,602.06138
1065.300624,308,602.44118
1202.932336,346,602.876003
970.991147,280,603.209056
965.25164,284,603.531777
1223.080488,349,605.58866
984.035041,286,605.954008
990.838363,290,606.327046
986.896873,294,606.695099
1343.197174,392,607.218908
1269.258938,371,607.659487
1207.405598,353,609.551018
756.050038,223,609.835821
1089.708911,316,610.240495
680.68543,208,610.55433
963.502832,276,610.980303
696.721785,208,611.287715
1003.48047,293,611.67182
656.295949,187,611.958753
980.395077,287,613.929531
994.764549,293,614.375248
630.734626,184,614.656631
696.585683,210,614.978724
1215.653843,352,615.513103
987.214986,283,615.942896
646.658519,192,616.236023
703.343165,209,616.541278
956.575048,275,618.371824
681.228632,197,618.614116
773.522321,227,618.900886
995.036217,299,619.246571
755.349522,221,619.4649
1091.981349,314,619.778301
982.897428,284,620.06213
943.418541,269,620.387426
1236.112036,357,622.47216
1066.899556,311,622.950641
1032.101485,309,623.430307
717.320666,213,623.757293
1206.156246,347,624.21937
965.256656,279,624.584141
1055.116638,308,624.984613
1194.053694,341,626.840919
988.047722,292,627.133561
653.173328,193,627.329664
983.734489,287,627.665749
1019.009127,299,628.056963
681.22278,201,628.315666
1182.591159,340,628.693411
1043.946378,305,630.490246
1270.20085,373,631.050484
1044.323992,308,631.513386
828.611432,241,631.875751
981.525164,288,632.307299
1037.978658,304,632.764342
1235.787592,356,634.807715
1174.043337,339,635.232651
1326.588481,387,635.694683
1083.37802,316,636.153889
1216.533215,355,636.693462
1068.018736,317,637.17709
1693.297892,489,639.568323
1218.379315,349,640.000328
1311.342626,380,640.480671
1194.029939,342,640.903268
973.188061,282,641.26075
1260.79503,372,641.697679
1240.128102,363,643.832895
1071.598075,312,644.303424
1491.100832,429,644.949754
1192.498059,342,645.442886
948.135101,271,645.823374
1300.768922,379,646.393516
954.031062,273,648.303653
903.447703,284,648.661407
930.594576,292,649.055334
1198.384325,344,649.577962
1606.057372,468,650.205293
1210.171959,354,650.62168
1266.352817,369,652.485632
1247.101175,360,653.04394
1126.998542,325,653.547324
1065.232726,309,653.99032
1431.243239,412,654.501146
1415.986074,406,656.438578
1514.510666,441,656.977761
1096.333603,318,657.373643
1092.707276,317,657.841292
1269.348691,369,658.416883
1039.783611,306,658.889465
1439.103583,412,661.084075
1068.759475,311,661.488749
1252.967803,364,661.953572
1300.654807,384,662.527273
1260.296782,372,663.092216
1081.738713,313,663.568673
1251.27739,361,665.676538
1526.858235,445,666.342848
1255.406405,364,666.889104
1401.578486,406,667.502499
988.108266,289,667.936647
1229.620882,362,668.463266
1165.171751,341,670.59486
1062.835381,308,671.044897
986.90371,294,671.430043
1254.714571,371,672.048052
924.446497,285,672.540078
1372.03589,393,673.218881
1164.815701,335,675.482288
1018.613452,294,675.930022
1271.125268,372,676.462137
1426.095035,413,676.972775
1319.354318,387,677.450268
1043.709086,304,677.803809
1241.745405,359,679.799526
1089.454172,317,680.278471
990.06318,284,680.70684
1244.77502,362,681.24249
1194.767153,342,681.654699
1126.07202,331,682.026781
1157.655065,336,683.998657
1281.413887,375,684.3966
1255.460185,371,684.825566
1125.409533,328,685.171512
1238.863836,357,685.70629
1284.501718,380,687.830265
1077.906057,313,688.169742
1434.602113,415,688.674072
1192.364476,341,689.108149
1301.454995,382,689.592772
1255.416745,367,690.14947
1307.142424,382,692.198049
993.494057,293,692.55499
1939.300291,562,693.250906
1053.478738,307,693.71164
1189.422046,340,694.22044
1362.751537,395,696.338563
1454.789352,425,696.991359
2527.51732,734,698.054541
937.731205,272,698.404461
2328.523001,686,700.740824
1539.786724,444,701.192463
1242.602192,360,701.627987
1791.661615,525,702.319679
1262.0023,367,702.867018
1277.814551,375,705.010386
1273.318705,377,705.654018
1009.42318,296,705.995963
972.644174,281,706.418521
1335.828468,390,706.94156
1165.145282,334,707.42247
1059.354804,309,709.471455
1826.068984,536,709.999978
1242.619419,356,710.423467
1283.558553,379,710.874297
1249.790182,365,711.314598
1539.194448,454,713.391022
1526.57262,452,714.073504
1980.029274,579,714.905231
1885.040867,552,715.551113
2262.944533,657,717.791065
1291.612458,377,718.19645
1505.082155,436,718.851516
1252.9021,364,719.399289
929.017608,294,719.842663
2881.973017,838,722.612318
1387.307292,404,723.204924
1440.545604,417,723.667228
1365.271186,399,724.1433
1275.851775,368,726.119493
1790.153552,519,726.888062
985.202408,283,727.321458
1308.461688,380,727.900647
1752.63556,507,728.678924
1295.114035,380,730.70444
1461.217385,427,731.341748
1557.194354,453,732.021075
1545.18196,444,732.687045
1496.891334,438,733.292781
1291.915742,377,735.228898
2236.993437,652,736.225145
1271.244762,374,736.797417
2708.604227,792,737.949447
1117.530319,337,739.988091
1078.001084,314,740.459234
1431.188055,416,741.082904
1266.048916,365,741.631734
1576.048389,466,742.295728
1511.595447,435,744.387471
1280.93695,382,744.875589
1297.876638,384,745.322022
2118.952456,618,746.077145
1740.905942,509,748.145233
1603.160872,472,748.805586
1242.744982,355,749.338878
1548.975266,451,750.12192
1563.789073,457,750.916136
921.765976,288,752.928373
3320.227701,970,754.087671
1767.835747,509,754.719165
985.316189,289,755.053277
1634.353847,478,757.29799
1299.709424,385,757.889223
1317.108255,389,758.485656
1597.799183,467,759.200289
1344.643351,395,759.767792
1544.138858,447,761.955135
1064.768483,319,762.431603
2082.67298,605,763.177095
1525.159397,441,763.719574
1446.57963,421,765.600615
1283.570768,372,766.166883
1095.53379,320,766.651307
1277.251755,370,767.210352
1142.975448,330,767.710312
1270.449741,367,768.231277
1339.102855,388,770.065837
1195.772643,344,770.470549
1329.463721,392,770.942035
1476.586316,424,771.463568
1278.961607,369,771.903377
2048.890852,597,774.230159
1686.041258,490,774.977135
1398.194014,407,775.593312
1621.271628,475,776.31377
1455.804977,419,776.909868
1713.298978,498,779.145409
1261.512777,369,779.711633
1304.919458,381,780.195322
2030.897557,591,780.942259
2275.853656,662,783.232535
1790.013259,516,783.996035
1014.65183,300,784.452935
1313.373386,385,785.038718
1962.764309,571,787.450588
999.70469,291,787.812541
1916.458597,562,788.606973
1006.976419,296,789.12476
1608.562691,472,789.949563
1025.210141,300,792.041101
1260.765319,366,792.425663
2177.045263,639,793.168427
1050.039596,306,793.5091
1100.912715,320,793.847351
1297.895784,379,795.606709
1246.853454,356,796.126645
2384.662758,697,797.18661
1924.599853,561,797.962112
1778.010403,512,800.215318
1539.6975,446,800.764934
1385.744287,402,801.27155
1730.243934,507,802.012697
2975.612969,883,804.894607
3075.871161,900,806.254444
1015.351452,298,806.707214
2906.552508,852,809.461093
1275.349781,370,810.030383
2677.327626,784,811.077058
1998.029403,582,811.85177
1587.530087,470,814.038717
2108.832485,611,814.961023
1410.25329,408,815.534703
1293.640642,375,816.016725
1514.779672,435,818.199325
1549.950154,450,818.837293
1295.672667,380,819.270042
1871.327306,548,819.95155
1261.130256,362,820.38612
1835.44637,533,822.55475
3294.916166,1000,823.811437
1935.487176,564,824.671065
1317.987273,387,826.763925
1351.843399,397,827.363489
1527.591851,453,828.049172
1621.791499,475,828.768368
1534.434171,438,830.975571
1261.561618,374,831.552671
1558.995462,459,832.196761
1966.137257,572,832.930916
3306.542698,1000,835.619817
2839.210432,830,836.895084
1176.424812,336,837.411891
2654.643814,787,840.009627
3285.346055,1000,841.249686
1579.239671,470,841.843051
1517.161718,440,843.873334
2870.690468,842,845.145768
2654.20764,780,846.212596
1853.636562,546,848.521515
2387.314177,710,849.612098
1446.336586,416,850.258152
1566.805594,464,850.97592
2399.287379,705,853.285925
2099.642541,615,854.043024
1358.399027,397,854.520818
1274.280852,379,854.951118
1885.836581,552,857.118465
1368.586426,401,857.729203
1496.067184,431,858.362719
629.183657,203,858.573115
1657.128967,481,859.214432
2322.862177,674,861.867459
3270.489386,1000,863.351022
1205.627013,355,863.890256
2236.681241,655,866.425364
1556.065631,458,867.124593
1366.964108,400,867.735279
1068.761151,312,868.213511
1735.730066,498,870.460536
1525.323955,440,870.972099
3289.420579,1000,872.180502
1366.39336,398,872.670746
1625.050066,481,874.803395
1664.179035,484,875.535512
1431.691508,419,876.146219
1218.694494,376,876.623093
2490.847937,740,879.133897
3325.078813,1000,880.548347
1916.549948,566,881.390553
3155.374154,933,884.176927
2294.701692,670,885.120406
3280.954367,1000,888.159968
1257.954904,372,888.799936
3050.000307,898,890.345064
1463.309921,425,892.676958
1866.554519,552,893.507915
1373.119192,402,894.03391
1252.808198,372,894.613571
1656.98124,483,895.363781
990.950384,308,897.282287
3263.178939,1000,898.412283
992.075643,307,898.767827
1425.638422,415,899.401249
1248.348209,365,901.453975
3260.586382,1000,902.932174
3260.115991,1000,905.94235
1574.430308,463,906.643741
2108.593962,622,907.582554
3262.342531,1000,910.342377
1329.889865,393,910.907375
2183.411497,644,911.792506
987.523337,285,912.227085
1738.491887,508,914.313493
2974.450748,890,915.693426
1291.066513,375,916.241931
1144.214133,336,916.67608
950.283875,301,917.0449
2101.876825,620,919.476234
1255.149068,386,920.049012
1724.656722,502,920.701759
2076.078626,605,921.539119
2633.309876,773,924.251765
1191.348094,374,924.775916
3233.388775,1000,927.541744
2558.564597,747,928.464536
3231.563763,1000,929.93324
1250.915692,373,931.957658
2121.048763,625,932.745404
1813.159417,528,933.561895
2659.412239,778,934.762377
3181.48025,945,937.476497
3370.570338,989,938.977679
3262.170092,1000,941.599279
1550.85311,461,942.115105
2753.750302,810,944.511711
2105.502665,612,945.438601
3283.031416,1000,946.752155
1193.402039,344,947.182098
2126.684913,616,949.58537
1235.817853,354,950.116836
2765.14119,813,951.337515
3245.894759,1000,954.269371
2208.169996,646,955.089587
2451.010251,722,957.484141
2663.622179,784,958.666104
990.395285,287,959.05906
2531.254467,745,959.998453
1149.474641,342,961.899534
1494.022704,428,962.441703
2033.601958,600,963.3381
3280.791523,1000,966.345342
1594.561065,465,966.953069
2140.243312,629,967.719405
1839.81221,530,968.368182
1299.58207,385,970.176562
1120.959363,326,970.644217
1464.219736,420,971.283421
1271.074757,364,971.838093
1140.470741,330,972.339927
2384.700773,691,974.871891
2000.403314,587,975.615631
1320.78752,390,976.099084
2061.512209,603,976.688444
1471.635901,426,978.725245
1758.053883,506,979.373189
2396.769077,695,980.220319
2412.820855,714,982.410519
1574.635394,462,982.992682
1557.301911,452,983.573592
1283.428234,377,984.045095
2298.042729,667,985.006211
1157.055982,332,987.141761
1301.978661,384,987.725948
2909.470056,848,988.892607
1488.193,432,989.382839
2125.052003,622,991.532472
1133.281739,328,991.935673
1297.169858,382,992.382712
1608.858837,473,992.867437
2299.394414,664,995.162305
1830.45811,531,995.873444
2993.415713,875,997.019334
1238.571326,353,997.556325
1596.803264,468,999.798421
2122.525622,621,1000.745971
1291.714669,377,1001.248196
1646.02587,482,1001.806996
1573.597468,452,1003.947827
1561.572636,455,1004.64513
1279.981585,374,1005.218885
2139.490733,631,1006.115638
1194.56246,345,1008.078115
1282.51781,381,1008.571817
1842.101251,536,1009.218644
1534.749032,445,1009.770715
1213.165182,361,1010.228413
2377.346096,694,1012.762208
1523.54555,442,1013.332709
2137.341788,632,1014.132793
2276.077098,668,1016.666642
1556.991652,457,1017.368822
1015.955074,303,1017.83572
2135.984634,634,1018.773785
1902.868032,562,1020.769068
3240.599407,1000,1021.982861
1448.237853,422,1022.49339
1456.72163,420,1023.014565
1261.438675,381,1024.980496
2627.706422,766,1025.950997
2669.20022,788,1026.874098
3195.118526,933,1029.53725
2168.44781,632,1030.318506
1192.572225,341,1030.741571
1105.969808,320,1031.141463
1296.409718,387,1033.078019
3321.337601,1000,1034.293777
2669.011808,787,1036.698945
2222.209068,654,1037.610468
1467.038794,423,1038.257996
3280.945688,1000,1041.226189
1155.986635,335,1041.633726
1552.877489,447,1042.196471
2970.580974,873,1043.466893
2145.958827,630,1045.770143
1922.590437,569,1046.654275
3264.715458,1000,1048.02645
1564.724774,453,1050.178373
3260.298677,967,1051.628362
2659.736338,771,1052.661615
2997.28061,881,1055.363498
1525.446284,442,1055.888333
3298.19915,1000,1058.878301
2499.347139,737,1060.032346
1674.730212,509,1060.910129
3372.455104,1000,1063.964179
3296.72432,1000,1065.158403
1585.805423,472,1065.751133
929.310446,264,1067.629174
3291.433954,1000,1069.150408
3229.646364,1000,1071.910379
2407.530949,704,1072.984786
2217.641887,645,1073.975598
2428.546771,711,1076.550015
1850.286329,546,1077.143733
3255.084404,1000,1078.192913
2379.206655,692,1080.585799
2907.476518,862,1081.907043
3122.528425,913,1084.883456
3265.787918,1000,1086.308002
2518.025879,733,1087.250716
2452.035582,732,1089.625216
3289.500367,1000,1091.082183
1934.711945,565,1091.942725
2977.064945,864,1094.844865
3300.235712,1000,1096.137268
3293.731547,1000,1099.060461
2773.633303,816,1100.104776
3278.182751,1000,1102.969282
1597.626515,471,1103.542627
3382.542974,1000,1104.759165
3237.755324,1000,1107.65526
3259.210763,1000,1108.766704
1950.040239,568,1111.145011
3259.699255,1000,1112.64643
2204.826246,649,1114.720838
3261.049735,967,1115.893936
3269.272213,961,1117.021117
1267.49007,375,1118.825044
2417.469467,703,1119.701149
1334.674935,387,1120.187649
1931.228494,564,1120.814229
1299.970764,378,1122.927627
1765.12524,509,1123.672666
3281.595536,1000,1125.034114
3263.005496,1000,1128.108731
3333.656091,1000,1129.265414
3313.670475,1000,1132.317836
3273.997308,1000,1133.581449
2666.189408,784,1136.400413
2388.078062,711,1137.261613
3264.970077,1000,1139.967347
3262.605182,1000,1141.290782
3283.700069,1000,1143.949141
3262.085965,1000,1145.453848
2061.762527,599,1146.372332
1348.410071,398,1148.556135
3265.526891,1000,1149.779274
3281.047643,1000,1152.45663
3242.517619,1000,1154.046586
3247.486449,1000,1155.303999
3248.68933,1000,1158.430228
3253.643087,1000,1160.11519
3215.555433,1000,1163.38073
3208.147454,1000,1164.929689
3237.914961,1000,1167.718942
3233.850887,1000,1168.944381
3195.118708,1000,1171.678765
3273.001672,1000,1173.056586
1286.506348,390,1175.199604
2363.186913,736,1176.234017
3196.774508,1000,1177.529277
899.907439,295,1179.426606
3153.409011,1000,1180.521874
3256.616575,1000,1183.190829
3200.732198,1000,1184.501181
3192.98042,1000,1187.10398
3173.326413,1000,1188.60488
3179.524743,982,1190.030878
3203.387248,1000,1192.523338
3180.544903,1000,1193.696026
3229.336985,1000,1196.47264
3206.879461,1000,1197.664527
3229.578525,1000,1200.577736
2387.700309,716,1201.672331
3205.919762,1000,1204.567761
3213.113636,1000,1205.788452
3208.806696,1000,1208.664251
2157.515773,644,1209.620629
785.861605,269,1210.035942
2893.093466,860,1212.971142
3188.209376,1000,1214.190638
3202.124184,1000,1216.940138
3205.824231,1000,1218.156266
3197.895663,1000,1221.263228
2675.796423,799,1222.421444
2511.020328,763,1223.343965
2811.839823,836,1225.908788
1437.956273,424,1226.555442
2263.982065,672,1227.434102
3206.108269,1000,1230.39778
3336.483024,1000,1231.639276
2412.484656,715,1234.240179
3215.02662,1000,1235.486391
3213.627338,1000,1238.518929
1832.476991,557,1239.246815
1780.6912,528,1239.787003
3228.644192,1000,1242.54523
2580.266314,752,1243.698236
3392.971144,997,1245.100231
3259.140056,1000,1248.021559
1812.76282,533,1248.750011
3250.237289,1000,1251.355834
3303.91171,1000,1252.449887
3252.870785,954,1255.020437
1610.215169,471,1255.674973
2190.442882,649,1256.652313
1837.790239,545,1257.473513
3285.343568,1000,1260.575887
3272.615456,1000,1262.04853
2299.3212,672,1264.419343
2047.600854,597,1265.315449
2330.2965,689,1266.348879
2338.151435,681,1268.787476
3297.752325,1000,1270.117548
1204.066962,358,1270.656264
1017.6068,300,1272.707025
1000.384722,297,1273.161303
1193.093309,341,1273.680747
3284.902852,1000,1275.123115
1834.419671,546,1277.315471
1940.310331,569,1278.060861
1819.904037,532,1278.731464
1172.653352,336,1279.145544
2101.197217,626,1281.249213
2107.367494,629,1282.249315
3185.428727,938,1283.868649
1390.113123,402,1286.148368
1799.670749,522,1286.77862
2731.866964,805,1287.970643
2747.288001,813,1290.552583
2910.969436,853,1291.841589
2377.12566,697,1292.776833
2384.021034,695,1295.416655
966.815564,279,1295.838813
1233.826016,356,1296.363259
3310.148636,1000,1297.882502
3303.88463,1000,1300.664925
1106.349303,322,1301.08153
2179.87498,640,1301.982875
2952.768779,870,1304.622576
983.333925,287,1304.970524
2217.96478,652,1305.781732
3107.787923,909,1308.449742
1022.639563,303,1308.801186
1294.670477,384,1309.230539
856.659192,244,1309.605219
1215.577506,346,1310.136343
1149.588114,330,1312.269941
3227.649857,958,1313.451572
1282.423585,372,1313.907354
1531.51438,450,1314.43042
1244.410723,355,1316.46876
1223.888557,350,1316.986808
1939.889751,566,1317.706286
1662.754275,481,1318.312282
973.73608,286,1318.670058
2434.161781,718,1321.300214
1850.151587,543,1322.07474
1956.396537,569,1322.776073
1749.900376,509,1324.815315
1531.47033,447,1325.494892
3313.68531,1000,1326.755404
3412.700317,1000,1329.658862
1043.396305,307,1330.131273
3378.766605,1000,1331.449244
3293.24821,1000,1334.430235
3242.67533,1000,1335.955502
3296.968293,1000,1338.647741
1213.333117,345,1338.950494
1326.311408,391,1339.449574
1615.43922,484,1340.198008
3225.835053,1000,1343.287822
3308.274759,1000,1344.638268
1220.590605,367,1346.662533
1125.916434,336,1347.245354
804.614895,235,1347.652101
2636.995938,783,1348.862095
1963.215544,574,1351.558978
3348.581233,1000,1352.961785
3324.217714,1000,1356.007912
2363.284602,694,1357.208846
3227.122287,1000,1358.701424
3253.521278,1000,1361.548238
2095.464617,615,1362.343362
994.685387,296,1362.790591
1522.528123,436,1364.788796
1614.920799,482,1365.240863
2387.468886,711,1366.152823
2093.521596,613,1366.878036
3180.315577,940,1369.687226
1774.317119,538,1370.47863
3191.559966,954,1373.357626
1788.39498,514,1374.135335
2651.41427,790,1375.15946
3291.773604,1000,1378.150394
1792.108881,527,1378.933355
1478.12419,425,1379.54951
1479.664127,441,1380.109416
2298.772212,670,1381.839205
2669.810072,801,1383.002576
61.579545,36,1383.05934
2114.669319,626,1384.001342
3286.74115,1000,1386.888847
2653.548749,794,1388.039332
3292.677601,1000,1390.980958
2704.640752,802,1392.184246
2411.063949,706,1394.723241
3260.77448,1000,1396.148992
3258.385158,1000,1399.240471
3233.555859,1000,1400.612823
3333.329419,1000,1402.143046
3279.27528,1000,1405.083886
3264.175487,1000,1406.728483
3323.105984,977,1409.691595
3174.41325,944,1410.575777
3284.181293,1000,1413.549784
3253.533974,1000,1414.771283
3279.337277,1000,1417.316779
3249.482162,1000,1418.577762
3338.988819,1000,1421.605506
1194.946451,350,1422.137577
1291.437008,382,1422.556391
2895.889796,846,1424.908002
1530.406443,463,1425.454321
1292.960117,385,1425.923903
1544.194357,445,1426.390146
2022.948405,597,1428.594018
2107.989707,616,1429.363906
3279.343643,1000,1430.597862
3308.203225,1000,1433.257066
2208.99496,654,1434.271672
1322.659508,389,1434.876482
1268.042269,367,1435.446851
3275.613181,1000,1438.059844
3284.438431,1000,1439.525676
3268.562647,1000,1442.587522
3261.668997,1000,1444.09606
3293.928771,1000,1446.99445
3326.053513,1000,1448.144681
3229.55973,942,1450.875757
1306.335552,391,1451.334822
2107.584017,612,1452.093893
3281.386428,1000,1454.725265
2899.28811,839,1455.912882
1800.748434,525,1458.161011
3248.14788,1000,1459.491705
3270.901016,1000,1462.585106
3267.581415,1000,1464.019332
2598.152449,760,1464.718426
1302.419287,385,1466.552108
2283.833147,677,1467.585217
1635.482209,477,1468.254567
61.103109,37,1468.31187
3262.951773,1000,1471.380848
3242.961956,1000,1473.129454
2951.874484,866,1476.153978
3199.005214,952,1477.816947
3298.041401,1000,1479.145489
2133.753002,636,1481.746561
2117.908286,615,1482.629144
2091.535981,620,1483.390313
1699.874226,493,1485.612655
2509.391888,733,1486.546952
2124.35894,636,1487.400356
3269.257656,1000,1490.326324
3053.988238,900,1491.441992
3287.417582,1000,1494.307643
1427.998977,412,1494.933051
2245.350296,653,1495.920979
1350.54068,396,1496.522846
2713.378827,812,1499.234496
1503.643596,432,1499.8902
2096.930513,604,1500.744084
1660.078807,483,1502.848505
1041.049451,308,1503.187155
1524.811168,438,1503.639219
2718.223527,791,1504.588293
1306.713824,384,1506.41883
1227.818993,350,1506.855516
1055.020163,311,1507.240343
1228.596446,350,1507.670643
1469.485666,431,1508.282869
2134.562792,630,1510.75087
1494.431341,427,1511.40598
2118.725128,626,1512.358717
2422.186242,708,1513.436454
1598.191633,473,1515.538778
1566.974519,458,1516.085445
1384.849252,404,1516.590659
1851.340631,540,1517.267794
2105.47349,613,1519.334803
1288.543442,382,1519.752388
1273.932225,370,1520.190931
1198.995537,341,1520.627996
2178.573308,642,1521.450434
1289.348128,381,1523.377401
1262.374776,366,1523.828782
2231.00083,649,1524.627446
1888.189624,553,1525.461813
2889.832299,838,1528.28735
1498.363955,444,1528.967805
1106.703059,339,1529.435641
3327.136407,1000,1532.324176
2926.759831,853,1533.612472
1659.620326,481,1534.217691
2610.943485,752,1536.946512
1495.299474,429,1537.576348
1983.05413,577,1538.405461
3313.433426,1000,1541.577005
1538.709274,439,1542.255631
3308.641491,1000,1543.490117
1232.079956,352,1545.476405
1799.624884,522,1546.272669
1228.243552,351,1546.696974
2118.474832,622,1547.603773
3386.600495,1000,1550.673829
2840.61115,824,1551.755289
1383.523995,402,1552.172709
1923.53187,559,1554.506638
1540.176302,448,1555.066183
1835.839947,528,1555.712187
1565.82947,460,1556.26627
3301.017872,1000,1559.255706
1538.779239,443,1559.795208
1271.757551,377,1560.262305
2815.419836,819,1563.005959
1296.778511,383,1563.544015
2049.236042,609,1564.255392
1669.776629,488,1564.829419
2414.747457,703,1566.84447
3277.511398,956,1568.315253
1562.634596,457,1568.880896
2624.980851,760,1570.975211
2763.462327,810,1571.840344
3239.707651,945,1574.40384
2436.086396,718,1575.245533
1588.017447,468,1575.79906
3315.138178,1000,1578.58391
1994.548229,582,1579.392661
948.907409,270,1579.715035
1790.490427,517,1580.430862
2140.41027,625,1582.898886
2194.691007,637,1583.817172
1250.77889,357,1584.374295
1726.724331,499,1585.150997
2344.841803,680,1587.614167
1830.909199,538,1588.347003
1266.018559,367,1588.907466
3341.181811,1000,1591.9522
1379.96393,400,1592.564624
1515.451407,436,1593.230345
1868.20788,544,1594.012779
1843.530042,539,1596.135153
3332.25459,1000,1597.627493
2642.107272,764,1598.57942
3368.48332,1000,1601.45605
3330.659148,1000,1602.715815
906.09492,251,1604.479524
1792.561558,515,1605.358979
1849.351976,540,1606.290924
1786.103929,520,1607.191022
3328.785904,1000,1610.162766
3322.240356,1000,1611.285321
2200.124886,641,1613.371683
2199.6911,637,1614.259931
3362.346808,1000,1615.363964
1979.415386,575,1617.650153
2155.267489,636,1618.568156
3191.599633,922,1620.086802
3300.336757,1000,1623.009995
1557.802846,458,1623.593084
2366.425818,686,1624.458218
1250.73099,356,1626.55885
3320.703919,1000,1627.977586
2438.761925,710,1630.576084
2250.537388,653,1631.377303
3302.723441,1000,1632.609166
2687.697754,784,1635.060139
3324.573787,1000,1636.282399
3343.137065,1000,1639.313454
2101.673531,611,1640.151819
3262.508783,1000,1641.332613
3288.969336,1000,1644.204779
3292.874178,1000,1645.424869
3263.7784,1000,1648.451643
3293.608293,1000,1649.728748
2719.922594,802,1652.322067
2967.913257,877,1653.645242
3304.432777,1000,1656.661405
2329.51437,674,1657.696549
3322.403904,1000,1660.637745
1454.072904,423,1661.266764
3281.954848,1000,1662.726117
3322.300732,1000,1665.78832
1281.696397,376,1666.303195
1934.553162,560,1666.943769
1780.610213,516,1667.579462
2065.484729,598,1669.903322
1862.563062,543,1670.604739
1839.059913,535,1671.431056
2100.550722,604,1673.891238
1515.979967,434,1674.560905
2417.15666,723,1675.469115
3244.091098,946,1678.205081
3337.091959,1000,1679.586614
3323.05986,1000,1682.251399
1701.395949,494,1682.83237
1859.829077,550,1683.379207
1249.862795,360,1683.809053
1186.590214,336,1684.274704
3338.511019,1000,1687.564823
3078.495515,895,1689.130022
3438.678412,1000,1692.204295
985.258203,290,1692.605062
1411.684437,406,1693.218035
2336.928227,674,1694.070252
2100.657508,603,1696.336463
2701.504062,789,1697.393162
3289.358662,1000,1700.560827
1172.929366,334,1701.145214
892.619818,252,1701.586346
2143.443844,631,1702.687838
3241.75286,937,1705.728745
2019.459546,581,1706.616931
1511.582833,435,1707.276056
3353.669176,1000,1710.421569
1558.905329,455,1711.105856
1241.838579,356,1711.558318
2221.392126,644,1712.340713
1550.858026,453,1714.553148
1258.126353,364,1715.095599
1576.208639,460,1715.683995
1525.683087,442,1716.270612
2929.99062,847,1719.118935
71.634626,42,1719.173563
1416.333884,407,1719.694183
1788.167761,518,1720.340543
1483.985877,423,1720.92275
3249.746499,1000,1724.013021
1015.85669,297,1724.462213
1826.324431,527,1725.24678
3358.617905,1000,1728.072521
3434.807567,1000,1729.335475
2347.122556,677,1731.57628
3261.238618,952,1732.765304
2272.163022,658,1733.585178
2689.47641,797,1735.995095
2727.17703,792,1737.195379
1656.924879,481,1737.927829
3415.510715,1000,1740.593187
1691.642873,487,1741.174898
2697.79386,781,1742.160735
2112.494881,619,1744.513394
1715.95725,491,1745.232605
1958.344153,568,1746.135649
2014.151828,578,1748.783967
1907.161659,554,1749.621408
1331.146507,387,1750.212977
1530.201301,444,1750.882578
1269.941941,368,1751.380362
1770.663771,517,1753.531549
3249.791684,941,1754.690233
1172.575856,334,1755.119086
2136.37771,624,1757.655373
1079.051657,312,1758.079233
1595.186263,464,1758.679954
3331.407018,1000,1760.019941
2485.485948,728,1762.562222
3322.415312,1000,1763.897181
2970.482477,866,1766.256715
1282.454168,378,1766.809746
3232.238275,937,1767.97697
3288.179589,1000,1770.660203
1841.090436,553,1771.375093
70.951049,41,1771.429951
3329.678276,1000,1774.211744
1657.767384,479,1774.789171
1283.097962,372,1775.219474
3327.61597,1000,1777.966859
3318.81074,1000,1779.26613
3316.018694,1000,1780.609007
2091.365885,598,1782.84074
3261.410005,1000,1784.100925
3313.058585,1000,1786.934034
2629.970845,777,1787.885142
3309.220301,1000,1790.542639
2310.818016,665,1791.385923
3308.361837,978,1792.565671
3267.945672,1000,1795.472226
3289.921046,1000,1796.795132
3283.293725,1000,1799.573716
3281.977185,1000,1800.925808
1565.936515,472,1803.1754
3303.326062,1000,1804.490721
2047.646601,590,1805.215287
3273.190954,1000,1807.944664
3276.985338,1000,1809.163926
1260.561911,369,1811.201836
3290.245789,1000,1812.890788
999.020449,289,1813.32107
1221.971635,346,1813.815395
3293.207289,1000,1816.553645
999.149822,294,1816.841032
1844.480069,539,1817.485156
3306.426025,1000,1820.266765
2395.943294,692,1820.889033
3275.071855,1000,1823.411799
3273.739061,1000,1824.802031
3296.199117,1000,1827.690671
2192.245732,648,1828.501415
3284.375786,1000,1830.020236
3300.086207,1000,1832.888403
3283.718468,1000,1833.941903
3262.015451,1000,1836.765016
3253.481744,1000,1837.960414
3253.632784,1000,1841.065212
3239.804713,1000,1842.683589
3263.460101,1000,1845.581063
3226.600185,1000,1847.096597
3250.321507,1000,1849.920644
3226.510979,1000,1851.231897
3144.923786,924,1854.118186
3273.434054,1000,1855.435388
3291.545848,1000,1858.026268
3251.44845,1000,1859.119759
3277.743781,1000,1861.528415
3243.049268,1000,1863.054201
3257.904401,1000,1866.118549
3232.065637,1000,1867.669224
3258.296221,1000,1870.425279
1285.426859,378,1870.972126
3243.777805,1000,1872.221109
1551.816486,461,1872.768398
3238.630278,1000,1875.650682
920.310303,261,1876.051642
3252.733794,1000,1879.132817
3268.51757,1000,1880.651928
1834.061075,539,1881.468759
2373.657397,699,1883.993228
2528.935348,739,1884.937084
874.771442,247,1885.313291
3267.212278,1000,1887.838659
3130.165521,914,1889.064473
1832.179901,550,1889.91051
3269.484206,1000,1892.942176
3281.597294,1000,1894.131554
2349.382273,677,1896.526623
1578.523424,469,1897.12033
3249.99179,1000,1898.548397
3287.781026,1000,1901.650868
3295.686988,1000,1902.996623
3296.582107,1000,1905.894187
3296.781598,1000,1906.968227
64.630749,38,1907.006688
3321.221244,1000,1909.525316
3253.616396,956,1910.701117
1215.465922,342,1911.147815
2137.424811,633,1913.471751
1953.49376,568,1914.095687
3286.349843,1000,1916.663964
2807.43472,828,1917.396565
952.691076,270,1917.744138
3238.9073,1000,1920.510149
3279.75056,1000,1921.65278
3261.73154,1000,1924.125637
923.005971,262,1924.472252
936.597269,265,1924.79552
995.007056,293,1925.05112
3284.236178,1000,1926.0465
1100.355424,317,1927.606963
968.267599,275,1927.875757
3359.305237,1000,1928.794777
2540.383467,744,1930.754683
3295.424006,1000,1931.646606
3289.159333,1000,1933.972306
1619.604718,471,1934.422643
2132.61906,632,1934.998767
3328.734607,975,1937.155885
768.724406,223,1937.350414
1837.238167,530,1937.892008
3275.340978,1000,1938.951167
3279.451073,1000,1940.960141
703.319701,207,1941.141233
2814.401,817,1941.854181
3297.083037,1000,1943.862189
3242.520812,1000,1944.734638
3300.999961,1000,1946.600415
849.493223,240,1946.824063
3299.334242,1000,1947.698756
3296.622072,1000,1949.417558
2769.543542,805,1950.116959
2634.164866,768,1951.642075
2684.036482,784,1952.323162
3302.428607,1000,1954.042357
2414.16679,711,1954.660859
2708.318445,790,1955.348481
2968.423895,879,1956.962125
1047.046133,302,1957.225579
3299.98807,1000,1958.097721
3270.374288,1000,1959.816627
1585.383801,467,1960.223164
3294.517809,1000,1961.942429
2891.846027,843,1962.675214
3233.03665,1000,1964.39448
3281.975617,1000,1965.273104
995.182556,288,1965.523045
3288.435164,1000,1967.440995
1722.479676,495,1967.872697
3405.328776,1000,1968.741753
3353.21783,1000,1970.951387
3261.454035,1000,1971.84146
2240.273166,651,1973.695858
3292.905369,1000,1974.579534
1577.71454,470,1974.988461
1202.835358,363,1976.38341
2347.701526,682,1977.018905
3309.908267,1000,1978.061937
3277.718518,1000,1980.249739
2093.94627,614,1980.89331
3299.107101,1000,1982.789531
3281.371978,1000,1983.660275
3321.92643,1000,1985.402747
3273.185611,1000,1986.278838
1511.516598,435,1986.657493
3295.845715,1000,1988.381903
1456.621953,423,1988.750207
3335.65481,1000,1990.468145
1380.446599,412,1990.826783
3236.59248,953,1991.655581
3363.562909,1000,1993.372401
1287.723818,380,1993.704503
1295.631775,379,1994.033477
3290.630663,1000,1995.750421
2560.846457,742,1996.394834
1545.379603,452,1996.786966
2046.136257,601,1997.308451
2114.93902,620,1998.693825
3223.559142,936,1999.673562
1054.979524,306,1999.941084
3318.85693,1000,2001.659145
2032.219284,588,2002.170034
3316.143336,965,2003.85654
2396.921456,708,2004.471092
3289.802697,1000,2005.339433
3286.708724,1000,2007.057528
2168.095809,635,2007.611527
1036.43574,301,2007.873678
2639.878609,770,2009.38748
792.132429,228,2009.586146
3305.910419,1000,2010.45692
2154.968704,633,2011.855457
2827.485012,820,2012.567496
2152.338964,635,2013.121943
2074.561232,605,2014.569238
1526.120249,444,2014.949404
2675.663841,785,2015.621944
3310.643962,1000,2017.624725
1819.308746,533,2018.08807
1447.809807,415,2018.448764
3370.877176,980,2020.390622
1999.310975,574,2020.882885
2342.764913,681,2021.466754
876.997362,250,2021.68236
2384.194435,688,2023.281862
2492.279515,728,2023.905913
902.989451,259,2024.12847
807.169591,233,2024.328637
1043.661565,305,2024.591089
1749.614489,503,2025.860824
790.516375,226,2026.055526
1214.547363,350,2026.355662
2042.416446,592,2026.863034
1493.534802,430,2027.231803
3315.433415,1000,2028.927422
1189.377535,341,2029.220461
1488.778541,429,2029.588083
2356.047944,686,2031.011977
1738.667325,504,2031.44418
1249.075279,365,2031.757168
3051.217428,890,2033.35899
1255.267725,361,2033.668787
2129.539866,631,2034.208807
1076.582442,310,2034.474908
3314.93432,1000,2036.168031
1595.823339,463,2036.56491
69.014922,40,2036.599917
1449.721088,415,2036.95512
3325.459518,1000,2038.691484
1232.374517,351,2038.99373
1279.603053,374,2039.31528
1276.956872,370,2039.633564
3299.83477,1000,2041.574294
851.550002,239,2041.793923
3305.527784,1000,2042.694399
