# {"t_start": 1551811845.9059472, "env_id": "Hopper-v2"} 
r,l,t
11.853137,17,0.033313
4.448372,8,0.044337
16.238565,23,0.076271
9.240935,11,0.091544
18.759864,23,0.122941
17.096636,22,0.153343
20.502453,25,0.187177
20.470512,27,0.224134
8.504828,10,0.238293
21.978728,24,0.271313
22.42423,24,0.30388
16.066201,19,0.329824
14.811023,20,0.357534
22.415229,25,0.391716
23.623978,27,0.426826
25.41118,28,0.468298
19.436237,21,0.493433
14.257676,18,0.515157
21.951806,27,0.547125
68.232667,61,0.635712
12.827038,14,0.658801
8.471524,11,0.675812
15.45916,19,0.705976
23.918788,30,0.753261
8.03348,10,0.769337
33.691882,32,0.819943
9.904825,13,0.840724
72.244397,63,0.940597
15.290015,18,0.969127
19.461515,23,1.005473
27.481629,30,1.053831
4.924054,7,1.065092
24.88459,26,1.106575
5.594154,7,1.118054
21.387674,27,1.160745
19.05173,22,1.194918
6.472168,9,1.209153
20.445686,24,1.24667
16.008416,23,1.283099
15.180256,19,1.31299
12.294864,14,1.335372
19.074951,21,1.368975
43.4003,39,1.431426
14.235931,15,1.455432
12.717453,22,1.491013
6.280114,10,1.507015
15.245158,21,1.540513
6.896971,9,1.554996
15.706156,21,1.588941
6.434433,8,1.601935
14.064554,15,1.624983
7.031449,9,1.638907
15.834911,18,1.66754
21.865672,24,1.705371
11.602045,14,1.728092
32.431306,30,1.774725
7.295236,10,1.790397
5.674753,8,1.803307
26.912373,29,1.848978
6.010198,8,1.861944
5.892541,8,1.874484
15.531264,17,1.901314
13.479069,18,1.930026
17.212594,23,1.967099
5.92342,8,1.979847
19.557321,24,2.017812
5.389064,8,2.030656
17.786985,24,2.068904
8.915063,11,2.086273
17.307157,23,2.122181
75.678301,59,2.214946
25.736434,25,2.254817
6.025254,8,2.26783
7.594827,10,2.283953
14.041198,22,2.318967
11.040941,14,2.341065
14.171451,17,2.368447
5.871866,8,2.381465
5.986247,8,2.393847
6.108324,9,2.408201
20.715811,22,2.443238
20.649957,31,2.492806
13.042849,20,2.524753
6.552123,8,2.537592
26.432932,25,2.577346
19.981076,21,2.611005
13.485423,17,2.638466
13.168846,15,2.662622
25.443658,29,2.70987
16.334535,19,2.740227
8.993544,11,2.757854
30.389602,30,2.805401
26.862565,26,2.846616
23.703243,26,2.887923
12.878684,16,2.912927
4.747824,7,2.924347
21.38734,22,2.958701
6.266,8,2.971628
24.020055,24,3.009932
5.769684,8,3.022846
23.226797,26,3.06427
12.800941,19,3.0948
20.714411,30,3.142548
84.559912,67,4.921632
26.358217,26,4.964027
10.308482,12,4.982697
12.78864,17,5.009694
21.387325,23,5.046438
25.691454,25,5.085737
19.678207,22,5.120733
11.348266,14,5.142878
55.055491,52,5.22438
9.221168,11,5.242002
29.03088,32,5.292128
17.099475,22,5.327
35.00093,31,5.375489
21.758106,21,5.408557
6.729316,9,5.422691
30.81979,32,5.473528
30.366946,32,5.524977
16.491418,17,5.552355
18.88249,21,5.586906
15.738681,22,5.62249
7.457221,9,5.636867
24.238221,23,5.673311
15.957178,21,5.706984
29.824404,31,5.756431
8.945894,10,5.772499
6.109101,8,5.785363
16.400356,18,5.813784
7.795085,10,5.829443
8.397051,10,5.845393
25.037255,28,5.889952
27.715662,27,5.932852
15.422186,21,5.966566
16.706917,23,6.003423
23.229663,28,6.047451
23.88212,26,6.088703
29.773742,29,6.134646
8.421879,10,6.150353
13.759303,16,6.175441
9.803753,12,6.194695
30.623577,28,6.238493
7.992411,10,6.254416
17.705637,21,6.287881
24.464081,24,6.325964
18.365159,22,6.361741
7.16351,10,6.377254
12.895295,13,6.397956
21.239835,23,6.434229
84.314412,67,6.53974
11.301662,14,6.562117
18.857173,21,6.600174
22.8902,29,6.647866
19.732072,20,6.679574
20.95923,23,6.716315
13.004918,17,6.74353
13.431048,19,6.773913
29.193826,28,6.818272
21.71136,25,6.857857
5.380085,7,6.869278
14.186063,18,6.898004
28.23458,26,6.939111
101.477845,64,7.039388
19.532595,20,7.071033
30.264626,30,7.118175
22.767991,24,7.156284
17.366143,22,7.191205
29.604333,30,7.239102
19.666232,22,7.274181
70.593559,61,7.370866
24.88106,24,7.408231
7.961497,10,7.4239
17.771963,19,7.454726
29.688565,28,7.498964
29.608359,30,7.546264
28.465915,25,7.584903
23.633471,27,7.62772
18.595129,19,7.657598
28.994488,28,7.701994
15.7702,17,7.722776
59.733198,50,7.790056
18.961999,19,7.814547
18.751817,19,7.842102
7.094874,9,7.854033
6.561507,9,7.866208
28.821048,27,7.903607
23.377309,24,7.931652
42.280897,37,7.978322
29.601399,29,8.016993
29.149264,27,9.561013
31.208765,30,9.608621
63.437299,54,9.694517
27.363273,28,9.739169
7.894971,10,9.755019
54.604555,49,9.8326
11.853309,14,9.854954
9.313149,11,9.872327
33.217175,28,9.915752
25.576652,27,9.959146
9.866632,12,9.977861
24.371765,25,10.017963
18.371363,19,10.048136
19.59986,21,10.081887
25.80778,26,10.123219
14.591828,17,10.150435
31.201577,27,10.192521
14.418912,20,10.22454
7.910861,10,10.240529
22.866104,25,10.280601
21.951423,26,10.322188
29.772595,28,10.366212
16.819382,22,10.401325
34.290822,32,10.452284
21.585193,24,10.490644
25.753053,25,10.530555
64.819266,49,10.604958
31.79362,28,10.638755
21.976467,25,10.670041
60.101874,49,10.730496
20.212226,22,10.75543
9.446055,11,10.768634
80.173578,60,10.838396
6.885491,9,10.848917
25.371479,27,10.878099
63.807466,46,10.945412
17.43373,25,10.986056
38.068841,31,11.034526
9.818679,12,11.053741
22.200799,24,11.091178
10.53037,12,11.110264
24.353185,26,11.150223
9.111922,11,11.168152
20.726078,22,11.202261
7.561954,9,11.216979
32.898776,28,11.260333
13.063144,15,11.284059
7.42421,10,11.299698
28.826874,30,11.346653
9.122514,11,11.364339
23.565537,25,11.403596
8.191038,10,11.419525
20.452861,22,11.454232
15.478228,17,11.480689
30.895445,28,11.524574
45.379897,38,11.58463
107.798574,82,11.712136
30.275175,27,11.753699
82.287428,61,11.849801
86.330411,66,11.954063
9.322384,11,11.971437
8.324065,10,11.987379
81.810263,61,12.081546
27.84146,27,12.124377
42.684682,38,12.184366
9.911685,11,12.201692
9.696483,12,12.220624
13.684035,15,12.244687
20.199978,21,12.277932
17.680801,19,12.308264
83.705673,55,12.394436
19.750585,25,12.43282
71.652909,55,12.518832
8.781653,11,12.536342
23.449094,22,12.571028
3.277862,6,12.580778
20.569146,21,12.612604
23.494499,25,12.652321
29.110402,29,14.290559
80.981966,52,14.371247
85.963399,62,14.467311
32.888618,29,14.512238
24.602016,24,14.549816
37.306897,36,14.606663
66.487937,46,14.678842
84.831774,63,14.777713
99.511933,81,14.905992
28.755582,29,14.95209
93.789077,59,15.044054
24.13234,28,15.088451
8.044437,10,15.103895
49.456981,38,15.16309
22.456939,25,15.202859
25.154276,26,15.243969
35.044297,34,15.302033
25.086209,24,15.34146
96.050888,63,15.439838
46.969698,39,15.500836
34.971483,30,15.54801
67.397099,53,15.630947
19.580864,19,15.661186
72.651617,60,15.755829
31.955947,32,15.806095
69.215178,44,15.873412
112.748966,73,15.988226
25.656368,27,16.031013
69.871723,45,16.101055
87.770936,60,16.19469
101.852076,72,16.307961
32.621124,33,16.348863
31.286547,33,16.392771
80.852889,55,16.460356
68.725834,53,16.5261
81.083581,57,16.59771
31.846493,32,16.642159
93.814036,74,16.755515
44.946977,38,16.814443
37.563599,32,16.863131
21.925225,23,16.899348
144.358115,84,17.026539
27.356995,24,17.064018
19.597496,24,17.101225
31.239359,30,17.14769
21.247215,21,17.180804
35.295158,31,17.228483
38.284485,32,17.278364
37.412013,31,17.326081
24.824826,24,17.362731
155.088205,95,19.074637
105.342495,71,19.184127
102.353912,69,19.291521
37.053466,32,19.340964
29.024626,26,19.381627
159.055781,103,19.538963
81.063577,49,19.615739
94.070192,63,19.713041
102.539814,67,19.815901
77.102329,55,19.900412
126.053103,95,20.035332
46.144551,43,20.102081
99.366738,63,20.199372
8.49868,10,20.215267
111.981822,74,20.328727
29.143708,29,20.373968
110.020535,73,20.487285
41.683958,34,20.540305
104.922475,74,20.656937
30.588334,33,20.708766
59.737936,39,20.768549
142.172554,93,20.911607
124.944907,77,21.030747
103.431445,70,21.139948
35.966432,34,21.193453
40.105573,32,21.243291
42.051778,33,21.294561
10.706401,12,21.313636
26.941124,24,21.350964
29.546214,26,21.391209
82.198803,54,21.47481
41.870884,34,21.527303
91.585619,68,21.633919
136.216966,92,21.776508
41.595418,33,21.827478
86.944316,53,21.909699
24.29811,28,21.954142
17.108341,18,21.982664
20.928455,20,22.014122
36.30082,30,22.060549
18.820758,21,22.094534
104.005434,65,23.765586
253.225006,148,23.965863
126.919081,76,24.062733
30.380238,26,24.097471
75.340133,51,24.165193
31.902191,27,24.203056
68.864138,43,24.271324
77.171833,49,24.349678
103.018129,62,24.447492
50.148471,36,24.503784
72.414933,44,24.573926
206.098528,123,24.768729
162.30053,106,24.936551
80.939106,51,25.017878
86.69742,52,25.100105
68.289784,44,25.1696
229.172707,135,25.381958
23.414553,22,25.417201
105.033491,67,25.523039
31.814665,27,25.565454
76.931313,46,25.638743
109.071085,71,25.711028
98.453033,57,25.76234
105.895804,60,25.815916
94.520928,55,25.864982
58.814676,37,25.898679
161.806972,93,25.981722
81.003081,50,26.026299
189.764121,102,26.117321
74.637813,45,26.16569
102.385734,58,26.227502
22.214633,21,26.250466
96.496494,55,26.308697
27.430548,24,26.33478
248.328508,149,27.95266
76.879667,47,28.025369
98.843409,56,28.111475
101.505796,58,28.200356
126.37724,81,28.315665
37.500862,30,28.356865
61.629044,38,28.408555
181.848624,129,28.608799
98.756532,58,28.69973
168.594385,109,28.869331
85.21698,51,28.949282
77.696393,47,29.021293
29.574282,26,29.061149
167.139473,116,29.241071
153.238347,83,29.369432
73.750993,45,29.438429
197.358622,104,29.60002
83.646543,49,29.674998
112.526289,67,29.778121
73.394752,45,29.847547
164.472051,105,30.010584
83.599714,49,30.086934
37.794616,30,30.13398
222.424649,124,30.327031
247.072359,136,30.53741
170.683598,94,30.682015
38.663057,31,30.730334
87.203846,53,30.812682
294.061593,198,32.614946
238.540391,129,32.790737
74.909603,47,32.85178
89.909958,52,32.91957
299.576103,201,33.188801
124.380975,76,33.306621
241.935124,136,33.517363
205.733849,126,33.71473
255.828517,150,33.947377
119.381142,67,34.051295
89.147174,52,34.13252
161.128038,83,34.26063
114.358421,65,34.363044
16.065783,16,34.38855
191.834171,97,34.538438
108.585486,66,34.640447
249.782024,153,34.879639
58.157164,36,34.936293
233.652118,130,35.13899
82.225531,49,35.21594
249.033909,162,35.469844
239.45965,134,37.107953
68.331761,42,37.162108
159.552268,88,37.275956
218.198334,115,37.428137
188.246647,104,37.570563
33.806217,27,37.598598
176.862495,96,37.694185
258.806249,138,37.832588
84.2455,50,37.878519
237.28802,133,37.996708
219.796126,117,38.099074
249.298099,135,38.218377
259.735169,154,38.354499
77.533504,47,38.39558
241.500544,131,38.512216
206.206888,113,38.621264
160.18436,104,38.733128
184.109145,98,38.835727
125.259341,71,38.926615
166.638222,86,39.039343
242.534235,134,40.605554
237.098809,122,40.750231
241.842343,133,40.917156
236.964422,118,41.050207
83.16651,50,41.114429
240.229183,131,41.285486
117.77849,66,41.368458
222.596294,132,41.501473
150.76007,89,41.589521
245.237948,134,41.724936
214.076645,127,41.861013
176.186735,95,41.981048
240.527084,125,42.138733
237.356401,129,42.281387
233.638181,123,42.450603
237.612469,131,42.654418
246.699678,140,42.873229
149.866057,85,43.003474
228.017081,119,44.739827
230.742371,130,44.945305
189.234303,98,45.098375
224.073471,121,45.289318
92.352002,53,45.373947
99.288248,56,45.466086
108.384814,61,45.575346
196.522486,99,45.752084
237.40548,126,45.975884
222.76552,112,46.171825
225.754398,115,46.36686
202.041056,110,46.551768
83.437395,49,46.638484
243.095588,131,46.871396
114.556717,63,46.982464
252.936551,137,47.225027
231.977659,123,47.442725
238.80804,133,47.679474
259.104071,151,47.880868
216.049029,121,48.049251
210.012169,106,49.671405
67.861908,41,49.735782
191.490096,102,49.893988
239.279724,129,50.095482
248.996296,140,50.314323
250.852488,142,50.536207
259.163598,153,50.774959
219.738635,120,50.932217
249.974041,132,51.073609
224.600639,122,51.231494
239.572975,121,51.374452
246.300733,140,51.552438
261.346731,167,51.763553
225.792271,116,51.91036
222.82648,106,52.047123
86.213712,51,52.110658
233.009418,136,52.281222
238.324592,133,53.931685
224.862787,118,54.086444
252.814839,144,54.240317
252.813763,137,54.390748
238.565851,123,54.543331
243.078641,128,54.707038
251.367279,136,54.881529
240.336121,134,55.057131
258.280519,152,55.254982
241.794312,123,55.416385
258.013349,142,55.604205
260.693524,140,55.770701
196.627575,98,55.888372
207.912463,103,56.003114
229.585923,131,56.166565
251.710008,138,56.385512
247.464123,133,58.232512
270.473211,151,58.466867
254.426886,135,58.674847
228.868138,120,58.860471
290.089885,187,59.153569
256.757127,135,59.360306
248.939154,126,59.554384
265.021856,138,59.767664
254.475685,125,59.960985
238.024812,122,60.149857
272.66368,159,60.348343
264.184397,141,60.51181
257.81207,127,60.676753
238.521265,125,60.841736
245.428951,122,61.001649
256.993427,143,62.585081
194.433471,102,62.69363
220.547569,105,62.839011
269.263807,152,63.03803
252.864096,131,63.207006
280.437108,173,63.429561
260.345483,152,63.620357
240.28579,134,63.788067
276.046506,158,63.987606
102.752984,58,64.064481
242.545606,128,64.227983
253.599414,132,64.390975
257.029514,145,64.570235
253.278017,134,64.741824
263.891924,148,64.926317
249.562215,129,66.492228
241.502899,131,66.694812
269.568852,150,66.92711
268.837787,144,67.126338
242.275824,123,67.280782
255.006464,137,67.459021
252.705057,130,67.619183
255.102587,136,67.793883
274.752994,150,67.981628
235.990174,122,68.131606
277.739871,160,68.321858
244.058878,130,68.489524
236.126502,118,68.632875
255.608066,140,68.794979
267.250588,142,68.975352
261.606889,135,70.761382
266.724145,140,70.982301
257.999864,140,71.202172
257.220443,129,71.404042
262.825105,132,71.610636
271.290314,137,71.826132
279.471342,147,72.056847
285.714771,162,72.31111
285.360026,164,72.551561
252.123659,136,72.726517
270.093506,146,72.911335
262.492166,139,73.085459
274.666038,147,73.265861
270.976853,133,73.454636
273.851929,151,75.215372
273.211953,139,75.400165
273.208175,159,75.601307
265.802289,138,75.781464
271.327973,137,75.958555
259.440964,132,76.12949
281.717436,144,76.314461
268.733816,130,76.485951
268.705591,145,76.665442
268.0983,138,76.825411
286.740474,150,77.024827
268.637247,132,77.197357
245.319537,122,77.331484
257.470534,136,77.5136
264.762453,142,77.703963
299.826527,165,79.417017
298.472151,171,79.684429
277.72544,149,79.915195
270.148351,138,80.132005
278.594176,142,80.313433
273.221338,144,80.484845
294.797454,165,80.691381
273.129019,145,80.877966
272.926686,143,81.048037
275.378805,140,81.222863
267.820474,136,81.393683
265.489453,134,81.561321
289.144722,175,81.776238
283.303108,162,81.980543
290.190327,160,83.626846
293.395059,165,83.88603
286.835009,151,84.123066
297.842946,161,84.375128
280.933546,150,84.610457
314.098416,183,84.841507
277.828336,136,85.004644
300.696433,170,85.226748
262.70356,142,85.415839
280.061679,147,85.616901
285.838879,151,85.813851
296.920251,163,86.022713
287.598793,162,86.237457
299.923132,175,87.926146
312.186891,176,88.104101
299.696391,172,88.270936
293.059037,159,88.453796
311.708708,175,88.678549
304.999096,178,88.913234
313.478833,168,89.128443
311.189494,176,89.365218
292.543794,152,89.560389
298.698677,160,89.761304
290.329237,156,89.949779
314.936134,182,90.185465
312.967289,179,92.046432
336.397717,198,92.358053
315.851592,186,92.62913
310.477255,170,92.84692
334.679607,199,93.074789
313.853938,178,93.301817
287.95912,150,93.499825
301.800206,163,93.714909
286.15556,140,93.873639
330.254991,186,94.161122
290.372303,146,94.387315
394.129692,255,96.350764
300.732205,160,96.5999
285.250922,156,96.84479
296.48214,146,97.073738
320.367225,172,97.343737
298.738283,153,97.581892
307.115385,170,97.813908
286.985173,149,98.00692
273.345166,133,98.169182
337.539779,196,98.427714
304.296666,159,98.672553
367.546812,221,99.016366
333.92611,188,100.822558
352.892115,210,101.147752
306.422256,156,101.390474
290.152734,155,101.630068
305.942211,157,101.873005
329.174792,174,102.066251
310.736479,161,102.274857
306.527124,171,102.538872
330.972597,191,102.835777
318.417701,177,103.110041
307.251463,165,103.366548
293.038604,148,103.595616
315.426732,176,105.435076
332.172078,173,105.618288
318.789677,166,105.816524
336.646088,185,106.041383
304.283856,156,106.269374
355.534618,203,106.585305
309.332639,158,106.827045
299.578487,153,107.063788
333.292622,180,107.343182
311.563891,164,107.593754
309.836885,166,107.849684
344.637106,201,108.158344
354.935348,206,110.086174
306.77877,156,110.287956
335.043771,193,110.577263
341.262176,172,110.807788
312.269571,164,111.007596
294.516147,140,111.175109
340.272879,187,111.416753
287.445335,134,111.587265
297.395709,139,111.758703
325.371245,169,111.977147
329.597927,172,112.194063
335.437353,188,112.416086
302.055543,145,112.581184
327.875527,175,114.132852
298.846009,144,114.2896
304.808721,146,114.469508
293.882498,135,114.650179
332.841693,173,114.884478
300.579892,146,115.045607
286.249817,138,115.217801
293.51306,139,115.396835
300.876144,152,115.595489
307.840656,152,115.787175
319.1654,165,116.003085
313.712402,150,116.196325
285.469812,130,116.364771
299.663137,149,118.072171
335.465648,190,118.364178
297.042138,140,118.578347
311.659076,166,118.833687
322.058125,156,119.071329
313.974632,155,119.308605
288.954263,138,119.51983
276.026515,128,119.715191
313.241228,162,119.967121
303.23422,150,120.170767
308.051741,148,120.349078
349.371548,195,120.589809
320.166417,159,120.78089
261.218684,123,120.931947
318.615273,159,122.595579
316.60683,153,122.785025
281.685233,130,122.981617
283.893056,137,123.192222
298.425471,141,123.408402
314.143001,157,123.649345
301.582035,147,123.87623
308.504849,141,124.092805
311.413766,157,124.324642
252.375948,121,124.512591
323.735353,164,124.767223
297.210298,142,124.989038
310.302416,147,125.218033
266.117353,130,125.421403
296.256908,140,127.251109
318.603202,157,127.499012
306.707412,148,127.734028
307.885636,153,127.977039
321.29699,162,128.232839
295.418095,139,128.453045
286.98641,137,128.668131
297.002303,140,128.890451
304.909462,141,129.113416
280.843368,135,129.326962
289.127493,134,129.537575
285.549504,132,129.745928
119.77999,65,129.849264
305.891024,146,130.066468
309.29906,152,131.665476
287.31881,133,131.807915
303.918525,137,131.955501
283.347166,128,132.100734
298.449755,143,132.293829
297.821217,139,132.47865
297.364215,139,132.673584
303.954961,146,132.901793
316.367376,154,133.143805
318.524299,153,133.38431
305.686316,144,133.611023
306.572107,147,133.843207
296.902117,141,134.063657
314.467706,156,134.308646
317.557721,152,134.54785
321.89557,148,136.319916
294.619892,134,136.528188
295.404203,138,136.743229
294.928876,133,136.929558
310.573526,149,137.122257
284.51242,131,137.293417
293.842095,138,137.466622
296.620678,139,137.653727
292.395051,148,137.833364
306.969642,149,138.028331
291.544328,138,138.207314
299.205672,139,138.38564
306.354354,140,138.604248
297.415874,142,138.827545
306.636884,147,140.664923
305.906467,143,140.866723
337.767713,177,141.098815
315.725502,147,141.280597
296.714198,137,141.418682
301.728065,139,141.584228
305.806927,139,141.743486
337.701204,174,141.948453
312.493461,151,142.131717
305.003283,143,142.307753
322.160078,156,142.503176
329.601886,168,142.759342
294.713319,136,142.966819
303.851053,143,143.189914
294.607555,137,144.98701
317.560756,161,145.229589
300.94928,139,145.442381
294.139018,132,145.629874
298.364884,139,145.798451
312.079286,149,145.980773
309.748982,150,146.167648
318.78695,151,146.358449
303.110209,141,146.571352
312.033723,145,146.795305
334.641588,167,147.053811
285.375735,132,147.258321
294.73629,135,147.466949
304.082643,142,147.686965
300.009993,139,149.54192
307.862917,143,149.766566
296.169502,136,149.971456
294.357745,134,150.1494
345.009774,192,150.392541
312.85811,147,150.584887
301.717892,144,150.788014
314.118619,147,151.014871
313.5431,155,151.256849
297.306834,134,151.46461
302.572718,136,151.675471
286.357751,135,151.885668
311.075272,151,152.121617
283.976705,131,152.325081
318.512112,153,154.096056
310.318625,145,154.280671
317.669652,151,154.467922
320.837999,155,154.664223
282.405051,131,154.836707
296.249278,135,155.013615
309.713958,149,155.201278
314.585222,151,155.387886
308.363797,142,155.559243
299.060664,133,155.727139
301.849118,142,155.899794
309.273564,144,156.064752
315.714543,149,156.263248
296.319523,137,156.444375
307.067525,149,158.180034
310.994545,151,158.412349
309.521215,145,158.635354
296.672453,136,158.844429
306.21928,149,159.072458
294.151859,133,159.276028
314.041986,145,159.4973
306.857245,143,159.715951
297.030615,144,159.936913
302.487265,141,160.153219
343.429087,179,160.428544
310.070255,150,160.658587
316.044329,151,160.891542
305.726231,141,161.108356
298.177371,137,161.319973
305.896035,146,163.033384
308.57115,142,163.253277
296.26386,138,163.467503
315.594111,141,163.686089
308.671318,141,163.904973
304.907445,143,164.127067
302.008194,139,164.313238
304.361273,141,164.489033
289.789512,133,164.652576
306.094143,144,164.824628
322.122358,150,165.002733
297.719846,141,165.169918
310.473125,143,165.345473
302.520233,138,165.527917
299.200061,139,167.291498
296.780114,146,167.516166
312.043903,148,167.743246
333.731814,169,168.004058
316.315687,144,168.225307
304.243763,137,168.436111
308.994406,142,168.654931
326.252815,147,168.879974
301.227278,140,169.096048
318.820525,148,169.32343
301.26646,140,169.539526
294.442036,137,169.752578
300.038074,142,169.972408
306.95789,140,170.188504
319.334946,150,171.948132
310.667689,142,172.127468
313.053448,139,172.286082
308.810348,148,172.464759
305.33753,137,172.63026
306.09614,144,172.817027
304.744228,139,173.001091
299.658758,138,173.183416
209.076284,105,173.300189
313.630992,145,173.454525
318.490382,140,173.592992
306.638506,141,173.763078
337.326866,152,173.936885
310.918356,140,174.101712
299.517483,142,174.276872
199.064025,105,175.806328
306.977416,141,175.994287
326.135777,150,176.156986
306.380947,138,176.294106
329.196117,153,176.444772
308.709507,138,176.581218
197.274735,100,176.700981
300.052368,136,176.878231
192.2028,100,177.004822
342.534783,149,177.182289
198.425287,102,177.315303
313.366945,139,177.498011
287.587606,130,177.646446
312.473255,137,177.802931
193.716947,100,177.920408
218.492388,110,178.063671
316.657152,142,179.474787
302.496034,135,179.643411
311.103089,139,179.827307
168.045122,94,179.938124
205.870799,103,180.072107
331.490448,147,180.249559
321.610954,151,180.443388
298.388834,134,180.625621
302.6349,137,180.787511
211.99834,105,180.912859
342.987023,156,181.08917
307.822454,136,181.252557
299.562529,137,181.426262
297.835271,135,181.600329
304.569202,138,181.779542
307.375585,135,183.482031
328.281893,145,183.703878
302.495907,135,183.911772
305.100706,141,184.128926
197.701582,102,184.285131
301.336744,135,184.492632
306.08667,137,184.704054
303.777787,137,184.917037
324.320633,153,185.150752
302.446313,143,185.374071
301.817372,145,185.600621
305.072411,136,185.811693
303.603495,136,186.024265
331.215203,148,186.253198
302.140254,140,186.46465
204.19476,105,188.151484
300.367499,135,188.356216
211.827584,103,188.493572
304.74342,139,188.671523
294.38617,132,188.842933
210.56469,100,188.975083
308.639062,142,189.158624
304.804905,140,189.344175
297.284395,133,189.519799
312.957003,147,189.710287
311.791119,142,189.869675
311.041093,139,190.042535
325.315421,157,190.249769
305.037791,141,190.432254
304.815118,144,190.609027
320.492213,143,190.786912
295.511004,135,192.476383
317.370457,142,192.694942
312.046666,150,192.924793
293.914046,132,193.126427
314.632414,142,193.344935
299.350082,138,193.554462
288.360925,129,193.755445
306.390261,139,193.96937
330.102022,142,194.187367
302.597404,142,194.403852
307.354407,142,194.622211
300.425239,135,194.816258
277.085134,125,194.972909
302.071142,136,195.148458
296.194226,132,196.750902
305.137046,138,196.960542
310.349483,138,197.174501
307.259528,137,197.385785
301.021509,136,197.597857
295.169687,133,197.804808
315.120116,142,198.023074
304.872304,136,198.234123
293.516417,136,198.445885
299.83587,134,198.652423
312.615455,139,198.868101
338.944098,145,199.090134
305.406001,135,199.292267
319.810529,143,199.480721
307.57492,138,199.644303
307.636087,137,201.267693
308.01611,136,201.435396
301.149457,134,201.586402
308.73593,134,201.759744
326.987994,146,201.940318
303.849907,136,202.114835
302.442711,139,202.302605
311.373652,139,202.484942
322.10692,144,202.67266
369.784198,150,202.867271
292.183318,131,203.043792
302.78262,135,203.221165
313.014121,137,203.392286
318.294698,136,203.572132
295.569532,133,203.736481
306.628745,139,205.383867
309.047474,139,205.553884
295.782033,132,205.710949
332.964961,146,205.870156
319.131663,144,206.036545
305.411935,137,206.247794
289.139127,132,206.453314
320.818151,139,206.669667
314.494883,145,206.893703
303.191528,136,207.105982
307.238315,135,207.316164
320.450809,139,207.532678
339.219336,144,207.756874
308.80611,139,207.972909
308.665275,142,208.193805
137.091144,72,209.832857
302.968968,133,210.038366
302.639777,140,210.255976
311.815998,138,210.469046
320.836904,146,210.686074
379.631111,157,210.8808
125.88193,67,210.968853
333.011627,143,211.133935
334.159064,146,211.301392
305.534822,135,211.47714
315.487306,135,211.649668
336.000926,147,211.829878
302.275853,136,212.010216
287.344044,129,212.176016
297.690988,132,212.35016
320.328541,141,212.536468
225.44618,110,214.201856
249.903281,121,214.386098
344.637678,147,214.610299
293.527692,134,214.816123
316.288011,135,215.023941
320.84422,141,215.239977
314.558027,142,215.457885
329.495123,145,215.679738
322.877222,143,215.898278
360.831698,156,216.137545
326.732777,142,216.354431
307.253013,141,216.572751
241.987683,115,216.74421
322.971682,147,216.935442
311.156536,141,218.675187
344.808233,151,218.907854
363.82383,156,219.112459
357.317086,156,219.307374
296.942548,138,219.485805
348.849346,155,219.70744
369.121082,156,219.946609
340.475951,154,220.18257
310.821523,140,220.398837
307.643968,141,220.616979
318.953863,143,220.838212
327.860233,147,221.059988
356.248282,154,221.243353
368.026564,157,221.408984
334.528932,148,223.04296
222.116715,113,223.193256
302.734685,137,223.36797
322.863196,145,223.546983
232.267374,113,223.708972
335.166778,147,223.940334
351.41257,153,224.178639
304.08124,135,224.390996
372.196072,160,224.639481
327.839496,147,224.868203
385.162952,160,225.049993
323.400501,148,225.19853
307.413355,140,225.34031
362.71769,153,225.517674
327.456976,147,227.070162
284.444062,129,227.234027
337.567914,145,227.39708
296.536246,135,227.542471
246.308026,121,227.715512
258.984863,124,227.904551
329.566387,142,228.122931
318.812099,145,228.31045
352.997407,159,228.518358
333.518219,146,228.710199
430.519631,173,228.895317
381.615387,154,229.060074
330.552215,149,229.23313
308.870291,144,229.401208
339.908198,152,229.587161
337.467435,146,231.204811
309.073477,145,231.43359
411.589384,171,231.699931
321.966488,150,231.933131
408.680394,169,232.196522
347.555529,148,232.411941
391.702706,170,232.672976
346.428687,155,232.911467
363.699185,153,233.147676
372.734846,164,233.402215
417.237149,166,233.657614
232.245419,117,233.838644
332.281787,144,234.06142
374.990735,164,235.88111
328.130191,144,236.069354
337.237116,154,236.258091
377.530223,167,236.464908
438.301576,178,236.683356
330.980081,147,236.856718
391.548353,160,237.032792
318.448103,139,237.206282
368.387073,151,237.398562
437.0967,177,237.623083
323.349487,146,237.79809
355.546948,162,238.000459
246.927254,120,238.143176
289.457095,130,239.771631
345.771979,150,240.00552
346.887844,148,240.231543
516.451541,222,240.574146
322.727006,138,240.782863
387.089222,158,241.029447
392.367753,158,241.275513
416.270723,172,241.540872
287.513927,131,241.74431
277.475236,131,241.949498
375.030454,160,242.198924
402.769508,162,242.450911
349.414743,148,242.682222
386.12862,155,242.92432
336.792277,144,244.759037
434.879309,185,245.041042
365.776432,151,245.27272
355.690771,150,245.503757
343.1858,152,245.735712
415.175792,165,245.987045
594.737292,238,246.348839
414.739301,169,246.606825
385.298433,160,246.85005
399.936409,164,247.100821
437.485554,180,247.369869
401.043437,164,247.582195
134.918295,71,249.144562
451.993673,184,249.425125
598.624163,236,249.78618
422.314202,167,250.042108
330.572673,142,250.260811
129.846006,69,250.368353
496.963122,201,250.67639
392.106275,157,250.916163
473.417868,191,251.20817
130.286987,69,251.316416
537.36257,205,251.628034
352.274687,148,251.854845
449.053557,182,252.135457
383.155545,166,253.819071
447.448202,185,254.10292
353.966223,156,254.343718
479.436451,200,254.651155
361.124047,157,254.892493
302.751941,138,255.10668
327.218308,147,255.333306
233.122311,116,255.459363
562.844017,207,255.6386
393.317233,162,255.796039
534.218428,211,256.029382
365.496903,158,256.205253
403.324868,175,257.816054
554.972402,217,258.151507
132.091026,70,258.2622
561.413901,219,258.599742
489.1832,196,258.90316
601.517668,221,259.245789
415.812447,174,259.514225
585.44967,223,259.860083
278.286091,131,260.063438
212.859516,110,260.195293
435.305993,180,260.422098
463.130408,186,260.662546
554.091348,213,262.36275
281.388461,134,262.569031
535.091781,201,262.880749
616.212148,229,263.233386
659.292851,242,263.603646
570.156061,209,263.857414
653.854749,241,264.172207
470.07918,182,264.398419
366.640985,154,264.586691
210.878107,111,264.724624
593.373297,237,266.577514
610.153906,239,266.940567
442.612301,178,267.211045
646.335463,244,267.526968
561.943,207,267.78702
393.324239,169,268.002215
248.409742,123,268.151656
404.266655,174,268.376289
398.388114,161,268.589087
604.224661,230,268.877693
509.885773,196,269.102809
824.46361,309,270.982304
838.836029,309,271.452876
601.324191,236,271.811341
474.534405,187,272.078918
673.812464,256,272.438648
528.700022,201,272.666567
619.776336,239,272.949365
757.655667,288,273.319228
768.856706,279,275.142967
478.781129,193,275.36159
529.849487,202,275.611523
725.718554,270,275.946958
596.389857,240,276.222648
655.205191,243,276.517193
872.224028,329,276.920409
801.802452,279,277.266639
649.91782,247,279.033422
602.164445,217,279.362457
609.21792,236,279.720639
641.627676,231,280.071414
832.959224,300,280.526868
648.467521,242,280.894508
630.80043,224,281.234601
651.386763,242,281.601539
739.049836,279,283.571143
608.32668,228,283.86453
779.717596,280,284.223349
621.513117,228,284.487502
681.389275,245,284.798669
524.669443,199,285.049742
596.472964,218,285.317907
636.909122,230,285.604917
651.846562,229,285.923141
658.102279,233,287.736891
842.55367,307,288.176924
651.670082,234,288.543056
728.83994,263,288.954565
704.937096,255,289.353353
837.941554,292,289.809062
706.429707,250,290.20201
605.748783,221,290.547794
532.96592,200,292.482836
734.863737,259,292.884884
633.617191,223,293.231349
695.790771,255,293.6269
741.238887,261,294.030758
585.913825,227,294.381556
693.994111,247,294.764152
620.871208,225,295.111869
134.158238,71,295.222837
629.57068,220,297.017819
680.026044,240,297.392879
677.656255,234,297.739434
767.474654,270,298.081614
833.069493,290,298.442433
675.713396,237,298.756511
846.091223,306,299.18693
650.540241,233,299.54721
844.793705,302,301.606731
656.518502,233,301.963284
656.24549,233,302.296872
562.386291,201,302.535657
686.490994,234,302.773068
629.558721,224,302.995866
552.905822,205,303.212321
642.378883,226,303.470529
549.32883,202,303.682339
371.597961,157,303.869082
736.571083,265,305.581988
676.865118,241,305.886692
679.409105,241,306.187295
523.091763,196,306.422809
717.881522,258,306.739404
616.516598,223,307.078852
697.370948,251,307.463901
698.744827,248,307.842779
635.610543,223,309.727892
603.835695,215,310.058299
834.157233,299,310.515735
687.455965,234,310.875004
632.108196,221,311.215134
629.44248,221,311.553816
327.358355,157,311.795814
684.590426,242,312.167461
631.603775,229,312.517735
570.634577,204,314.292783
696.723184,242,314.667349
758.806835,272,315.075228
634.91892,226,315.373431
768.929997,274,315.711866
752.56039,255,316.01639
692.44095,242,316.321997
679.574377,234,316.626186
353.389318,157,316.786771
648.175232,235,318.545823
703.606416,252,318.937173
664.033333,231,319.238897
599.0267,213,319.510489
698.815325,244,319.825538
587.817002,213,320.158189
811.959041,292,320.614233
682.075555,244,320.995875
718.920166,254,322.923723
635.635071,221,323.181296
713.386669,254,323.506458
665.158483,228,323.802561
674.327995,235,324.100721
669.684011,232,324.394265
882.310268,317,324.799936
693.359155,244,325.106667
668.623315,233,325.37018
876.227128,294,327.149142
671.77266,236,327.419137
783.29566,271,327.742703
700.522156,255,328.046597
291.50197,146,328.238278
720.879517,246,328.605465
739.222798,259,329.000066
717.363345,256,329.392256
830.845353,291,331.440205
719.795141,254,331.830906
683.757959,246,332.20957
679.544627,246,332.589731
799.853679,277,333.015383
758.408719,262,333.424037
692.317412,250,333.808875
900.267265,316,334.261523
788.036511,268,336.072694
705.241325,253,336.464117
847.460823,300,336.92728
784.59531,273,337.287196
739.864786,262,337.618858
687.921147,243,337.930735
841.643513,296,338.241549
734.349267,258,339.958709
737.474293,256,340.269651
679.388418,237,340.576046
669.877164,238,340.879666
731.471252,259,341.200321
684.850754,244,341.521435
680.028106,252,341.906141
829.071821,282,342.338165
789.072848,270,344.332704
886.082,298,344.747246
775.179183,262,345.143189
776.429011,265,345.545171
780.330502,270,345.953677
689.54455,239,346.316474
742.52016,255,346.702264
721.944544,257,347.089638
777.207202,261,349.057316
671.873479,242,349.431632
533.580409,204,349.749072
770.596735,267,350.116353
709.578391,252,350.366344
842.180275,287,350.662895
758.882879,262,351.00356
702.463795,245,351.319016
694.925313,237,353.072476
761.208291,263,353.47684
705.670311,251,353.859957
812.054288,276,354.250399
726.703915,245,354.56902
555.55736,212,354.886712
718.164509,254,355.273114
868.474982,294,355.718684
793.949182,273,357.740295
753.33523,256,358.070051
722.428171,256,358.418673
514.373164,201,358.680253
509.885222,201,358.944242
811.706913,270,359.297554
745.421809,260,359.641695
750.767006,269,360.026647
720.032125,258,360.422566
780.801589,272,362.334575
726.467311,254,362.653508
690.56536,246,362.950322
854.859107,299,363.260148
919.010246,308,363.57116
950.830207,319,364.021309
894.680228,304,364.485166
935.599945,315,366.553075
954.169893,331,366.970524
670.863589,239,367.279006
867.320461,297,367.657594
760.317111,264,367.9889
735.660991,261,368.313585
804.750455,276,368.656416
934.519812,310,370.364997
857.839815,291,370.730392
878.610762,292,371.101158
869.95346,291,371.488654
958.210317,325,371.954487
711.403588,254,372.348475
964.225036,324,372.854293
950.242345,329,374.972463
876.047538,293,375.42464
884.498073,295,375.884633
982.815555,335,376.406572
931.370399,319,376.900997
802.184413,281,377.327168
980.361539,329,379.353457
740.06483,267,379.641491
792.551045,280,380.056443
956.731891,331,380.56
901.13227,311,381.032595
802.030216,274,381.455175
969.139543,327,381.955816
1195.698578,391,384.073438
924.625627,312,384.558845
78.308826,48,384.634371
819.284114,284,385.075941
866.501918,293,385.530997
882.046048,297,385.991674
958.392684,333,386.477486
987.004092,337,388.431528
1233.07438,410,388.944037
919.287491,314,389.288129
1112.659964,364,389.627856
976.652178,330,389.955162
713.29534,258,390.21088
1302.241314,422,392.225624
1074.927998,356,392.772508
945.441514,326,393.273684
927.220916,325,393.772768
688.055385,255,394.164663
342.702398,157,394.409051
1184.890959,397,394.973154
1071.560633,362,396.92861
1233.380851,409,397.442178
783.20609,286,397.759037
1015.734682,348,398.175566
1430.035632,455,398.721633
971.750011,333,399.139393
936.409967,334,401.045013
1291.689528,414,401.685035
1522.227834,488,402.368008
67.295006,41,402.416744
1161.40532,390,402.899879
1108.0565,386,403.448762
1516.969169,483,405.778763
1280.312597,425,406.363326
1495.51527,486,406.970728
1120.469123,369,407.447797
1624.945477,524,409.554405
1324.26459,441,410.11075
1063.914919,360,410.569267
1802.363909,575,411.317317
987.544479,338,411.837441
1312.512471,437,413.492433
1720.192488,555,414.216593
1926.457857,638,415.18468
1319.893426,435,415.851426
2899.42676,1000,418.79261
2954.133907,953,420.247942
1014.903542,348,422.229926
1118.351944,402,422.681679
1898.973466,670,423.466895
2538.055,814,425.997549
1939.485477,659,427.011201
1219.076803,409,427.643385
1187.40487,394,428.153572
2175.906757,744,430.53319
2196.03163,756,431.474735
2068.522459,692,432.530619
2142.439698,721,435.104302
1204.876755,425,435.517736
1856.194028,650,436.450991
1376.265108,471,437.171763
1140.804524,385,439.29096
85.924262,52,439.342557
1092.410799,384,439.825714
2019.023238,686,440.84549
1130.572723,396,441.435679
1678.465073,547,443.772622
1056.540581,375,444.253567
1100.939324,392,444.851936
1093.859339,372,445.425759
939.793439,355,445.971812
1441.56331,497,448.330053
1780.454852,595,449.243636
1527.041959,484,449.985258
2817.92433,1000,452.986226
1298.627054,502,453.661034
1101.132304,425,454.317714
2760.122081,952,455.640235
1152.234518,421,457.743627
1004.855748,381,458.245812
1724.726411,603,459.024929
1834.575277,612,459.752076
1454.709064,497,461.83884
1535.996152,585,462.735515
1499.228095,513,463.504763
1712.891771,613,465.458923
1489.854931,501,466.065377
1754.880769,619,466.891049
1629.704817,597,467.804049
1728.611317,561,470.129304
2844.620773,1000,471.415186
1197.957722,445,472.032697
2305.634941,756,474.811441
880.399762,351,475.353129
1175.654657,441,476.024217
1578.767815,521,476.824912
1453.691515,479,479.025731
3029.014225,1000,480.257015
956.249438,365,480.707155
984.171144,370,481.17763
931.346873,320,483.260019
1795.375515,627,484.143588
2783.660234,953,485.323291
3161.711692,1000,488.325591
1883.053223,625,489.141967
1573.546,561,489.996357
1708.038786,621,492.46941
3032.281064,1000,493.971194
2729.969468,877,496.830523
2259.104412,761,497.995291
1411.367464,481,498.714061
1909.670669,647,501.099215
3027.686463,1000,502.37458
3025.534825,1000,504.963074
1414.731075,461,505.666124
1294.750709,453,506.352421
3061.253972,1000,509.237093
2975.990016,1000,510.735091
3053.900885,1000,512.177123
3217.872063,1000,514.996238
3136.469769,1000,516.241682
3229.170663,1000,519.255779
3103.025845,1000,520.711368
3017.244814,1000,523.636437
2496.092084,766,524.718285
3375.309314,1000,527.727084
2384.299937,722,528.603924
2392.350084,725,530.690454
2227.385758,667,531.467761
1843.641395,559,532.18152
1143.826475,366,532.652676
1161.69652,367,533.115258
2188.338673,665,535.499847
1382.10876,435,536.068245
1043.277265,338,536.572935
131.494782,70,536.680453
1485.66715,459,537.306859
1714.127673,541,539.512585
1459.122594,464,540.092076
1398.239573,436,540.589085
3182.81463,946,543.192039
1394.956234,434,543.856778
1415.964056,441,544.501133
1518.592008,492,544.987854
1638.779926,508,546.872991
1475.410108,461,547.431525
3346.795173,1000,548.66885
2103.067128,636,550.826635
1949.5632,603,551.725632
1361.245582,437,552.357581
2231.611708,687,553.206173
1003.183084,338,555.15381
1948.574967,608,556.063807
1805.957943,550,556.89682
2336.083054,705,557.958673
1029.724841,331,560.053751
1349.870768,423,560.61842
3295.65488,1000,562.098847
1652.044733,509,564.380459
1184.601484,376,564.83656
1010.256319,334,565.201316
1385.084362,423,565.716975
1357.76457,419,566.360061
3235.375884,1000,569.369408
3380.769629,1000,570.773647
2056.099103,636,573.33446
3320.081072,1000,574.820422
3324.90228,1000,577.788484
3255.033955,1000,579.21761
3337.125191,1000,581.825784
2357.238838,710,582.913397
1321.281351,414,583.546719
2889.910789,860,586.144316
2624.788037,788,587.263483
3319.683317,1000,588.786674
1828.990119,562,591.107093
3404.919604,1000,592.606409
3318.819323,1000,595.639754
1677.246228,505,596.404859
2318.545763,706,597.328435
1673.241073,511,597.978957
3238.517509,1000,600.880672
3256.305935,1000,602.33237
2403.717799,732,604.936336
64.657928,40,604.999364
296.963134,129,605.197874
3372.575319,1000,606.548611
3368.356154,1000,608.952928
2225.557602,667,609.870081
2629.79021,766,612.542857
3328.443866,1000,613.894622
971.674653,308,614.360475
3382.044028,1000,617.252877
1645.101948,501,617.910725
3325.956871,1000,619.267081
3371.282048,1000,622.279461
3468.170443,1000,623.651073
3321.948298,1000,626.579868
3325.85561,998,628.071175
325.018081,136,628.206888
3435.606736,1000,630.791832
3379.511515,1000,632.013152
3368.792845,1000,634.813671
3408.301834,1000,636.099738
64.316462,40,636.162384
96.448304,55,636.248496
3289.149108,1000,639.34124
3370.409713,1000,640.793257
1611.108066,500,643.093502
1967.671806,608,643.841099
2942.352713,882,644.928535
3340.476325,1000,648.048389
3325.755907,1000,649.544611
3481.449243,1000,652.161792
2128.965172,612,652.786338
3402.085593,1000,655.488473
3345.216541,1000,656.722224
3455.852836,1000,659.461008
3435.036205,1000,660.95678
2367.806847,707,662.00059
144.948448,75,662.0989
3440.564076,1000,665.142106
3401.42921,1000,666.62782
3419.130436,1000,669.555821
585.665093,226,669.809569
3493.505247,1000,672.529962
2860.394963,827,673.79062
3426.176235,1000,675.208628
3236.34031,945,677.804856
3176.330723,917,679.009546
3404.723368,1000,682.016204
2322.873623,691,683.016512
616.467053,227,683.283869
3496.896832,1000,685.959291
3350.353181,1000,687.165681
1487.076717,460,689.46285
108.4586,60,689.557804
3461.417694,1000,691.094436
2531.55667,740,692.125693
3295.554979,968,694.900586
3516.081462,1000,696.139976
3394.062404,1000,699.075912
3177.203784,910,700.345606
3512.750161,1000,703.211736
3433.467794,992,704.479661
3353.992393,1000,707.302148
2198.245772,636,708.266421
3461.03867,1000,711.185063
3478.238581,1000,712.639979
3387.777716,1000,715.406095
3474.694735,1000,716.497219
3449.252049,1000,717.56566
2936.011261,836,720.259565
1490.25842,459,720.961652
2177.969922,620,721.826342
1886.044894,551,723.992284
3527.045493,1000,725.504562
3407.583687,1000,728.477628
3447.356566,1000,729.917205
3499.986717,1000,732.82208
345.216333,143,732.969163
3545.999982,1000,734.184567
3545.490432,1000,737.018975
3425.905744,1000,738.357473
3527.352029,1000,741.463286
333.47031,143,741.686581
3547.622258,1000,743.209236
3396.396479,1000,746.044469
3404.530421,1000,747.377581
2599.810045,737,749.974834
3409.812449,1000,751.169055
3424.453664,1000,753.997988
3369.06832,1000,755.21661
2687.144235,799,756.204235
3552.306861,1000,758.967557
3473.825286,1000,760.203721
3507.025603,1000,763.159722
3526.88787,1000,764.505761
963.505233,313,766.399481
3337.141419,1000,767.649837
3404.087557,1000,768.748631
3543.063542,1000,771.460085
2673.442758,776,772.272478
1930.080033,576,774.452281
3555.351832,1000,775.837205
2373.464701,683,776.867303
3533.111776,1000,779.874678
3441.615712,1000,781.274439
2315.493353,693,783.884212
3439.131631,1000,785.349986
3467.642559,1000,788.070972
342.207022,145,788.24691
3476.177442,1000,789.366875
3474.813925,1000,792.353657
3501.763717,1000,793.674069
3502.355145,1000,796.410412
3568.875073,1000,797.616005
3403.637463,1000,800.469799
3407.843824,1000,801.796488
3187.295596,903,804.524926
1861.47108,545,805.350919
3344.660094,1000,806.857227
3446.696534,1000,809.626924
3438.59579,1000,811.042758
3153.099445,919,814.017812
3487.489182,1000,815.375321
1772.285134,537,817.657234
3428.05461,1000,818.919472
3387.987284,1000,821.326867
3488.982943,1000,822.604737
3303.526388,1000,825.680807
3363.15445,1000,826.937032
3349.571368,1000,829.966172
3480.274485,1000,831.410163
3373.95439,1000,834.3237
3339.338653,1000,835.55821
2983.641493,870,836.748844
3434.337569,1000,839.848062
1535.147589,447,840.523679
2886.454275,814,843.15663
3337.648593,1000,844.411252
3653.67581,1000,847.345445
3518.738445,1000,848.567735
3416.363516,1000,849.920839
3354.628951,1000,852.964155
3442.560273,1000,854.224249
3571.630337,1000,857.209775
3483.714115,1000,858.556773
3432.065081,1000,861.755123
3425.426184,1000,863.022938
3362.219419,1000,865.540231
1568.902324,472,866.115786
3374.086935,1000,868.95797
3473.531078,1000,870.181451
3358.207017,1000,872.902615
3541.748216,1000,874.129138
3353.620758,1000,877.176913
3393.524374,1000,878.529656
3386.509424,1000,881.19684
3425.80999,1000,882.43606
3550.233584,1000,885.267807
3372.492047,1000,886.557048
3541.358104,1000,889.557096
1453.752803,437,890.087795
2980.325045,876,891.150213
3458.462349,1000,894.111617
3347.752754,1000,895.415637
1491.341023,448,895.991245
1163.913384,358,897.804802
2449.916791,735,898.917133
2910.767187,816,900.144188
2885.92841,855,902.897816
1850.300993,552,903.668256
3359.694327,1000,904.909353
3443.381522,1000,907.50239
3374.645858,1000,908.75993
3385.59135,1000,911.430178
1441.814475,443,911.893807
3427.933805,1000,914.696966
3414.783929,1000,915.903749
3473.853784,1000,918.582612
3471.814374,1000,919.911509
2437.948585,707,921.00232
3520.158438,1000,923.818418
3402.341087,1000,925.340806
3371.35089,1000,928.384945
3406.538408,1000,929.794948
3580.48175,1000,932.380072
3561.97406,1000,933.55766
3510.213231,1000,936.376764
3542.598211,1000,937.906802
3474.044719,1000,940.879021
3408.519922,1000,942.384838
2488.489608,731,944.693445
3395.030866,1000,946.124989
651.408875,228,946.471888
1295.756527,388,947.060443
3461.718403,1000,950.195069
2038.619973,609,951.114323
3397.712276,1000,954.135463
133.523803,72,954.225038
1200.353169,370,954.665618
3031.26513,889,955.654625
948.613445,308,957.652662
3396.99574,1000,958.920653
127.193146,69,958.992947
3398.178206,1000,961.835368
3492.914935,1000,963.126078
3402.3976,1000,965.932621
3463.787862,1000,967.365895
1293.826713,390,967.956271
3453.072705,1000,970.900714
3531.875839,1000,972.118111
3523.783359,1000,975.001348
3510.671947,1000,976.165712
2663.079909,737,978.507932
3427.421726,1000,979.980689
3579.570922,1000,981.307656
3536.447328,1000,984.278257
3447.352014,1000,985.476708
3555.592139,1000,988.34031
3381.616531,1000,989.869906
3392.845627,1000,992.656527
3412.609799,1000,994.050483
3395.822086,1000,997.060881
3457.623803,1000,998.212058
3375.795274,1000,1001.089362
1698.528205,500,1001.708013
3411.731172,951,1004.496948
3420.006489,1000,1005.923488
1924.593243,551,1006.776441
3475.786313,1000,1009.82106
1882.719598,564,1010.675997
3564.586728,1000,1013.742383
3303.804028,927,1015.082563
3527.500038,1000,1018.094664
2102.795442,604,1018.801594
3551.529658,1000,1019.920036
1198.378792,363,1021.819727
3487.682896,1000,1023.337423
3422.019267,1000,1024.853643
3564.27044,1000,1027.767659
3454.072838,1000,1029.292732
3455.234852,1000,1032.135253
3392.109996,1000,1033.520148
3442.9572,1000,1036.493376
3542.600182,1000,1037.630819
3509.09855,1000,1040.293061
3517.479384,1000,1041.659932
3425.357562,1000,1044.189988
3582.966431,1000,1045.2542
3520.39833,1000,1047.874637
3462.662686,1000,1049.2962
3471.893858,1000,1052.373089
3429.037524,1000,1053.749163
1977.535422,565,1056.088901
3450.548362,1000,1057.285113
3437.754236,1000,1060.116646
2623.477489,754,1061.065591
3378.728974,1000,1062.406548
3421.759087,1000,1065.541047
81.429415,49,1065.604165
3418.361847,1000,1066.947215
3434.909454,1000,1069.85461
1215.114104,366,1070.328149
1482.641844,434,1070.855629
1909.178221,552,1072.83329
82.398103,50,1072.898141
3467.566301,1000,1074.286439
80.511203,49,1074.363878
76.921677,46,1074.435423
3471.02323,1000,1077.298588
3446.601557,1000,1078.238529
3539.952156,1000,1080.897498
3556.657279,1000,1082.433353
124.058768,67,1082.522721
86.099653,52,1082.591979
3529.687017,1000,1085.354458
3458.610428,1000,1086.888151
3533.24836,1000,1089.953904
3439.447048,1000,1091.069115
3389.136435,1000,1093.832193
2838.050532,820,1094.840452
3400.499551,1000,1096.086884
1613.48009,479,1098.008846
3412.178879,961,1099.091186
3428.59989,1000,1102.099566
3593.981646,1000,1103.561209
1506.910429,446,1104.112775
3555.477035,1000,1106.76305
3556.99709,1000,1107.962943
79.018769,48,1108.027537
3445.925314,1000,1110.984452
3460.053456,1000,1112.418121
3579.404475,1000,1115.09891
3475.160964,1000,1116.55892
3644.644218,1000,1119.470436
673.813259,222,1119.732067
3486.070708,1000,1121.084284
3539.249709,1000,1123.703566
3384.106987,1000,1124.900095
3552.079198,1000,1127.730835
3485.361344,1000,1129.242522
2811.527882,814,1131.781525
79.947408,48,1131.856085
3502.912594,1000,1133.372947
3445.192459,1000,1136.511862
3624.565989,1000,1137.74292
3515.603655,1000,1140.908829
3629.604326,1000,1142.207039
3448.159508,1000,1144.941596
3467.824129,1000,1146.306533
3605.345921,1000,1149.386883
3558.363953,1000,1150.860862
3567.17293,1000,1153.506593
3617.230715,1000,1154.649516
3634.806442,1000,1157.341455
3599.398186,1000,1158.803537
3626.310526,1000,1161.342153
3640.95962,1000,1162.794366
3567.286867,1000,1165.664891
3554.27982,1000,1166.877788
3585.509584,1000,1169.367327
2192.304296,622,1170.131824
2752.483964,787,1171.147936
3544.948934,1000,1174.020356
3576.529553,1000,1175.478564
3601.716798,1000,1178.175736
3560.064084,1000,1179.695443
3470.022633,1000,1182.451936
3550.724889,1000,1183.874756
2690.973828,775,1186.352276
3679.400413,1000,1187.599
2179.312824,628,1188.312963
3564.961085,1000,1190.961341
3456.673366,1000,1192.036834
3490.423509,1000,1194.884702
3511.487549,1000,1196.316091
3558.843322,1000,1199.236766
3534.443881,1000,1200.359514
3629.205077,1000,1203.021861
3488.54344,1000,1204.437505
2250.238253,633,1206.868322
3467.229569,1000,1208.370055
3442.910243,1000,1211.03788
3504.359351,1000,1212.545086
3588.872038,1000,1215.417292
3474.188484,1000,1216.563864
3578.936381,1000,1219.383309
3485.8282,1000,1220.797625
3480.069782,1000,1222.121977
3547.506625,1000,1225.022484
3449.492442,1000,1226.55289
3508.003603,1000,1229.293084
3162.322835,889,1230.467713
3588.692664,1000,1233.306676
3515.848084,1000,1234.540913
3523.490221,1000,1237.567109
3425.414253,1000,1238.953169
3514.987072,1000,1242.142441
3484.576071,1000,1243.450073
3449.927291,1000,1245.808832
3472.941228,927,1246.958285
3673.562887,1000,1249.968768
3612.662287,1000,1251.290303
1620.426381,470,1252.004864
3451.774573,1000,1254.889179
665.182635,235,1255.247883
3686.697656,1000,1258.215574
2202.15045,610,1259.111387
2657.826472,728,1260.220499
3545.461655,1000,1263.131624
3495.969537,1000,1264.655487
3450.877644,1000,1267.711883
3482.12872,1000,1269.205732
3441.697715,1000,1272.031839
1960.188243,566,1272.897616
3547.490425,1000,1274.343546
3554.812984,1000,1277.181847
3520.920992,1000,1278.278709
2289.208822,636,1280.585015
3528.494552,1000,1281.945105
3614.278824,1000,1284.479958
3581.543564,1000,1285.670772
3618.284102,1000,1288.558155
3521.66505,1000,1289.945592
3572.678713,1000,1293.024699
3584.761944,1000,1294.53823
3641.987206,1000,1297.370142
3481.879728,1000,1298.908024
3560.659774,1000,1302.049327
3507.863367,1000,1303.346875
3644.402781,1000,1306.176688
2898.633747,802,1307.403595
3594.664313,1000,1308.844451
3697.363633,1000,1311.494439
3620.214973,1000,1313.034412
3516.456614,1000,1316.013466
3593.000752,1000,1317.519762
3463.331836,1000,1320.506967
3509.323436,1000,1321.87269
1640.04444,494,1323.839089
3446.953691,1000,1325.314905
3580.099534,1000,1328.370543
3472.172501,1000,1329.738492
3468.667112,1000,1332.534003
2057.177702,596,1333.221916
3584.768906,1000,1334.6675
2034.285279,570,1336.868042
3482.271103,1000,1338.098936
3426.26573,1000,1341.029605
3487.84506,1000,1342.484952
3344.4408,931,1345.292654
3416.785261,1000,1346.773857
3379.165885,1000,1349.696535
3088.001334,859,1350.9996
1995.20462,566,1351.839517
3462.870391,1000,1354.394853
3483.221557,1000,1355.637602
3635.02912,1000,1358.288379
2023.507932,567,1359.163164
2263.484093,630,1360.133529
3618.884751,1000,1363.24332
3605.308282,1000,1364.637378
3510.278078,1000,1367.55941
3492.627054,1000,1369.080791
3465.402168,1000,1371.931101
3281.696323,909,1373.035052
1011.200303,317,1373.348872
3471.970484,1000,1376.145211
1578.318578,459,1376.722029
3551.422192,1000,1379.847735
3644.000116,1000,1381.223227
3669.529985,1000,1382.449144
3588.246591,1000,1385.136594
3642.295921,1000,1386.376656
3708.359554,1000,1389.102261
904.165422,305,1389.565038
3566.491695,1000,1392.479118
3640.765393,1000,1394.023869
3605.380578,1000,1396.901782
3518.204412,1000,1398.316153
3449.74223,1000,1401.054141
3511.64352,1000,1402.372573
1616.778843,460,1403.07451
2675.801129,769,1405.710994
3472.281988,1000,1407.160458
3560.569159,1000,1410.164765
3594.508884,1000,1411.606274
3553.182018,1000,1414.62984
3537.966446,1000,1416.079993
3457.075387,1000,1418.999558
3551.969607,1000,1420.267838
3549.201725,1000,1422.949115
2473.656901,706,1423.992639
3484.841701,1000,1425.288644
2310.54264,647,1427.768201
2318.558925,652,1428.745237
3469.252226,1000,1430.272537
3451.429509,1000,1433.405879
3471.875726,1000,1434.729612
3473.243292,1000,1437.470142
3503.421312,1000,1438.710643
3494.35194,1000,1441.229612
3528.708272,1000,1442.437996
3531.758417,1000,1445.207805
1565.836338,459,1445.898672
3573.113892,1000,1448.893044
3451.532874,1000,1450.024298
3500.564551,1000,1452.848426
3545.954161,1000,1454.323109
2951.399308,815,1455.329932
3547.391992,1000,1458.276125
3593.675683,1000,1459.548474
3586.89713,1000,1462.463055
2266.731057,639,1463.449382
1556.15737,439,1464.116934
3576.957819,1000,1466.672342
1669.663374,478,1467.139522
3582.357374,1000,1469.951849
3576.792503,1000,1471.437363
3567.40458,1000,1474.385964
3254.997905,907,1475.622317
3572.561982,1000,1478.606749
3613.668226,1000,1480.129366
3491.903743,1000,1483.095188
699.30754,246,1483.412887
1667.545981,475,1483.999132
3621.772796,1000,1485.215718
3639.293445,1000,1488.095191
3648.528965,1000,1489.339429
3573.313563,1000,1492.29531
3607.706343,1000,1493.476532
3543.868393,1000,1496.483311
3620.474079,1000,1497.892194
3574.830844,1000,1500.586086
3592.643288,1000,1501.84112
3624.643208,1000,1504.834155
1035.168847,328,1505.241546
3530.094635,1000,1506.476355
3152.440613,879,1509.234249
3565.022355,1000,1510.629732
3552.19493,1000,1513.596988
3611.746571,1000,1514.883511
3620.150296,1000,1517.926315
1620.705859,463,1518.609616
3590.969518,1000,1521.694475
3566.953982,1000,1522.917489
3612.639097,1000,1525.704968
3392.317385,1000,1526.970156
3599.808586,1000,1529.608365
3589.941754,1000,1531.119617
3530.068372,1000,1532.657759
3508.593975,1000,1535.714316
3656.113791,1000,1537.031929
2328.929272,646,1539.433916
3557.651832,1000,1540.878618
3436.950778,1000,1543.814635
66.55164,41,1543.879083
3519.695577,1000,1545.411114
3603.636387,1000,1548.220104
66.499573,41,1548.270558
3572.621524,1000,1549.551961
2084.329702,583,1552.029221
3447.363552,1000,1553.27699
2550.865156,720,1554.29584
3614.701981,1000,1557.136003
3598.658453,1000,1558.405514
3562.949762,1000,1561.215829
3690.498814,1000,1562.647292
3527.258436,1000,1565.643016
3487.772181,1000,1567.0879
2147.409846,586,1569.173264
1651.82925,472,1569.760424
3624.791189,1000,1571.15231
3503.491559,1000,1574.198792
3552.223263,1000,1575.700382
3222.684192,902,1578.398873
64.900074,40,1578.452837
3638.375493,1000,1579.941793
3553.548533,1000,1583.093522
3613.90406,1000,1584.52173
3570.11459,1000,1587.273883
3594.621347,1000,1588.528681
3653.806911,1000,1591.334923
2118.201767,588,1592.228201
3533.580048,1000,1593.548564
2128.175674,580,1595.698129
3624.631145,1000,1597.189214
3634.721645,1000,1600.261394
3586.045782,1000,1601.798847
3641.381631,1000,1604.598052
1703.423573,486,1605.197149
3655.927052,1000,1606.705019
3562.406802,1000,1609.434024
2322.269854,654,1610.097813
3600.417341,1000,1612.7642
3684.078015,1000,1613.849342
3559.064176,1000,1616.910773
3608.126502,980,1618.408882
1662.437753,478,1619.14368
3696.612437,1000,1621.87531
2032.796012,567,1622.549759
66.606444,41,1622.595088
3660.093985,1000,1625.702087
1836.191519,508,1626.387815
3593.082028,1000,1627.568262
2356.741778,659,1630.013717
3660.423817,1000,1631.546043
3700.397462,1000,1634.622674
3664.081094,1000,1635.914681
3638.707275,1000,1638.670543
3710.474527,1000,1640.202308
3595.935321,1000,1643.195659
3663.556171,1000,1644.728116
3641.396673,1000,1647.531803
3597.311944,1000,1648.852971
881.605725,303,1649.224104
3684.311625,1000,1652.273826
3581.027177,1000,1653.789376
3656.351694,1000,1656.724942
3668.195657,1000,1658.069828
3727.053424,1000,1661.002206
3685.095545,1000,1662.376803
3621.274428,1000,1665.42348
3656.897805,1000,1666.789807
3687.243929,1000,1669.576346
3524.795315,1000,1670.88672
3668.740782,1000,1673.757898
3707.447187,1000,1675.074111
3679.838892,1000,1677.967449
2744.628819,741,1678.929103
3595.791437,1000,1680.206989
3635.363587,1000,1682.810044
3672.051571,1000,1684.246603
3645.779014,1000,1687.211902
3679.419748,1000,1688.526057
3558.68692,1000,1691.204508
3606.93183,1000,1692.709882
3691.052367,1000,1695.595485
3672.417082,1000,1696.833641
3645.261964,1000,1699.477483
3696.942358,1000,1700.607997
3623.033304,1000,1703.35283
3581.981379,1000,1704.884768
3707.151678,1000,1707.836077
3620.35998,1000,1709.351315
3533.397555,1000,1712.462872
3588.58903,1000,1713.991519
1999.386216,563,1716.248047
3653.549707,1000,1717.517437
3527.263892,1000,1720.421458
3622.402219,1000,1721.806266
3645.289072,1000,1724.538387
3338.849548,914,1725.942061
3615.660545,1000,1727.203155
3567.022842,1000,1730.149859
3646.83214,1000,1731.490574
870.98456,285,1733.503581
3630.147748,1000,1734.734101
3666.526303,1000,1737.552085
3565.528613,1000,1738.827475
3667.311891,1000,1741.818855
2093.116427,584,1742.682288
3610.86609,1000,1744.149405
3652.740146,1000,1747.22271
3733.302862,1000,1748.746694
3532.90963,1000,1751.78988
3659.352638,1000,1753.320392
2587.840834,712,1756.020422
3715.788582,993,1757.318722
3593.927515,1000,1760.137331
3673.576553,1000,1761.213145
3531.506935,1000,1764.085973
3604.911793,1000,1765.619606
3636.499225,1000,1768.401508
3701.797865,1000,1769.873278
3692.898908,1000,1771.398563
3690.650777,1000,1774.507901
3689.948417,1000,1775.857281
3625.816286,1000,1778.907583
3707.345397,1000,1780.341054
3608.382547,1000,1783.34865
3650.7225,1000,1784.783678
3671.620447,1000,1787.530272
3597.975085,1000,1788.868578
3669.130469,1000,1791.775468
3609.248072,1000,1793.301136
3628.187235,1000,1796.268676
3571.069514,1000,1797.745996
2026.701713,567,1800.092642
3632.119028,1000,1801.435056
3668.698458,1000,1804.29429
3606.291434,1000,1805.751308
2044.573617,573,1806.483384
3704.188896,1000,1809.319484
3692.087569,1000,1810.757473
1931.249122,557,1813.047038
3694.029983,1000,1814.335714
3702.969989,1000,1817.198353
3720.903651,1000,1818.706768
3645.030892,1000,1821.598686
3667.712423,1000,1822.847062
3664.121541,1000,1825.53633
3580.456097,1000,1826.778274
3503.84298,1000,1829.794901
3679.146792,1000,1831.319276
3639.764917,1000,1834.385782
3651.066922,1000,1835.554455
3541.20989,1000,1836.81351
2648.018996,717,1839.414223
3649.825155,1000,1840.787591
3724.699768,1000,1843.647213
3685.541447,1000,1845.191772
3681.338682,1000,1847.841779
3650.072227,1000,1849.259687
3712.232858,1000,1852.258775
3667.239678,1000,1853.750604
3631.640982,1000,1856.552524
3701.665779,1000,1858.017036
3654.489521,1000,1860.803088
3667.114463,1000,1862.032372
3582.933474,1000,1864.389717
3666.559328,1000,1865.615614
3641.599008,1000,1868.42008
3672.339323,1000,1869.703051
64.224918,40,1869.743513
3680.039895,1000,1872.456628
3707.645826,1000,1873.989181
3679.228708,1000,1876.921239
3687.484448,1000,1878.172307
3680.840628,1000,1880.832541
3665.857238,1000,1882.135095
1991.327782,560,1882.726925
3708.925281,1000,1885.545951
2512.914563,701,1886.316764
3515.740374,1000,1889.061711
3716.581174,1000,1890.585522
3666.876552,1000,1893.335811
2367.399403,653,1894.169644
3687.503155,1000,1895.340547
1057.456234,331,1897.349458
3655.224318,1000,1898.633389
3734.628904,1000,1901.438573
3685.675725,1000,1902.986365
3665.604552,1000,1905.868031
1459.175451,431,1906.533583
3703.267595,1000,1908.071702
3684.356061,1000,1911.029761
1435.112677,421,1911.562196
3578.122585,1000,1912.655348
1808.459642,516,1914.857925
3623.419684,1000,1916.154967
3673.625298,1000,1918.74323
3648.111296,1000,1919.696064
3500.951432,1000,1922.36793
3691.398952,1000,1923.781839
3694.00117,1000,1926.342271
3673.982453,1000,1927.390706
3601.560333,1000,1930.2511
2719.23678,745,1930.954841
3692.512234,1000,1931.970305
3672.246762,1000,1934.20712
3711.046925,1000,1935.067912
3703.475012,1000,1937.171049
3694.977364,1000,1938.063825
3665.854704,1000,1940.438501
1635.775962,468,1940.843784
3588.396406,1000,1942.740767
3651.1423,1000,1943.611297
2923.420907,802,1945.40128
3699.088265,1000,1946.266944
1674.672339,475,1946.678503
3641.071401,1000,1948.398517
3600.845297,1000,1949.260994
3615.933492,1000,1950.97889
3684.777184,1000,1951.845217
1428.6516,424,1952.213444
3624.7353,1000,1953.931336
3651.453395,1000,1954.794688
1674.397754,477,1956.059794
3698.665761,1000,1956.923898
3682.649502,1000,1958.642153
3685.85234,1000,1959.506727
3688.59162,1000,1961.222642
3671.058179,1000,1962.086731
3711.88909,1000,1963.803479
3691.388117,1000,1964.667771
3593.201821,1000,1966.386907
3616.964859,1000,1967.250222
3711.214291,1000,1968.114115
3746.521689,1000,1969.834338
3683.350835,1000,1970.699157
1429.226194,426,1971.921272
3681.369026,1000,1972.785301
3642.41551,1000,1974.506016
3698.452961,1000,1975.369499
1790.844821,515,1975.815713
3709.192545,1000,1977.53393
3619.963136,1000,1978.39937
3624.413634,1000,1980.116137
3697.243425,1000,1980.98076
3644.961667,1000,1982.697322
3566.215105,1000,1983.560279
3168.81864,852,1985.14991
3717.866207,1000,1986.015789
3717.166599,1000,1987.734444
3658.839698,1000,1988.598929
3717.919817,1000,1990.316308
3634.331296,1000,1991.180138
3697.374703,1000,1993.00874
3714.479383,1000,1993.873331
3692.002724,1000,1995.821554
1051.62193,332,1996.109864
3678.481936,1000,1996.973569
3685.478309,1000,1998.820457
3720.215577,1000,1999.687256
3685.693528,1000,2001.661211
3668.808096,1000,2002.528687
3696.147735,1000,2004.480603
3691.536961,1000,2005.346208
3685.806927,1000,2007.324194
3639.416933,1000,2008.189023
3668.089082,1000,2010.297326
3738.869898,1000,2011.173594
2051.980156,569,2011.671717
3705.198391,1000,2013.547719
3569.005714,1000,2014.422033
3701.549746,1000,2016.29651
3673.457119,1000,2017.247758
3719.583788,1000,2019.138788
3675.042511,1000,2020.014612
3705.673482,1000,2021.913435
3708.15085,1000,2022.791088
3676.075761,1000,2024.705349
3683.734906,1000,2025.581399
3686.747393,1000,2027.579839
3678.362416,1000,2028.453404
3646.649188,1000,2030.54955
3730.640206,1000,2031.434539
3740.549256,1000,2033.565985
3693.935266,1000,2034.460024
3693.109983,1000,2036.618792
3686.057297,1000,2037.494045
