# {"t_start": 1551811846.8493912, "env_id": "Hopper-v2"} 
r,l,t
11.716582,40,0.072326
6.721606,13,0.093192
4.969689,11,0.110575
7.094078,12,0.12952
12.251676,14,0.151352
16.524083,19,0.181319
15.067644,21,0.214149
6.855672,12,0.233018
6.071831,11,0.250073
5.911271,14,0.271904
65.864302,40,0.334006
14.213371,16,0.359158
12.356021,14,0.381238
22.924307,24,0.419038
115.95127,75,0.533901
10.853259,15,0.558724
4.657605,12,0.573284
14.20416,18,0.591669
7.864109,21,0.612718
10.982499,13,0.625905
31.340478,27,0.652808
9.814331,34,0.686332
7.587616,13,0.699397
17.967135,18,0.7175
35.285582,27,0.744606
11.187317,14,0.75877
12.863845,15,0.774013
14.007532,18,0.791891
11.304102,16,0.808213
10.595361,15,0.82321
22.112207,29,0.852227
8.697674,12,0.864406
17.929685,38,0.902142
9.527421,13,0.915504
9.836986,12,0.92765
12.997446,16,0.943849
8.158276,12,0.956212
8.958441,12,0.967778
14.961396,16,0.984293
9.328131,14,0.99841
12.411182,15,1.013483
10.145839,21,1.03456
8.876733,21,1.055619
55.681718,67,1.121588
9.724415,13,1.13482
7.444313,12,1.147108
5.154423,12,1.159137
27.267836,36,1.194737
22.164175,20,1.214674
6.944585,12,1.227044
8.060347,11,1.238164
13.085272,15,1.253317
8.79544,12,1.265059
14.830908,15,1.279938
7.341067,11,1.294778
11.313799,14,1.314329
10.794243,16,1.335599
9.448677,14,1.353869
8.505652,12,1.369226
7.917154,13,1.38654
10.043116,15,1.405912
10.375522,13,1.422746
14.425224,17,1.445291
8.360907,13,1.462032
7.81363,27,1.497777
17.083336,24,1.529598
5.19775,11,1.544469
8.225493,11,1.558665
15.770474,16,1.58002
5.631864,10,1.592764
9.512019,12,1.608601
21.207088,20,1.634704
19.35808,19,1.659547
17.828461,23,1.690448
14.159619,16,1.70739
7.41851,11,1.718778
5.583076,10,1.729688
11.474068,14,1.744241
31.579631,28,1.77368
10.555068,17,1.78892
8.426553,13,1.800521
21.913133,20,1.818302
8.468729,12,1.829183
8.576191,17,1.8442
7.973497,13,1.855758
5.870268,11,1.865721
11.645279,15,1.879286
10.386463,13,1.892372
7.099236,13,1.906021
9.369992,12,1.918833
10.019777,16,1.935053
16.583274,24,1.960089
11.078208,14,1.975981
10.910233,14,1.994403
11.509488,15,2.014003
11.977029,17,2.034041
38.128934,30,2.070127
8.559867,13,2.087084
14.392014,27,2.123663
9.288558,13,2.141189
14.608599,16,2.16338
6.146899,11,2.176594
11.208839,14,2.19489
17.513817,18,2.21889
6.813181,11,2.233922
10.247984,13,2.250591
37.580168,39,2.303464
16.799377,18,2.328007
6.583569,10,2.341132
11.703093,20,2.36754
6.27185,10,2.382081
33.867839,27,2.416608
10.105813,13,2.433194
11.06285,13,2.449335
11.267556,13,2.46703
11.76083,19,4.042416
7.571633,12,4.061677
17.687633,17,4.088804
17.880177,20,4.121204
8.765084,12,4.140393
8.107741,13,4.161032
11.646071,14,4.183551
12.138065,17,4.210836
16.73164,18,4.239737
11.987013,33,4.292313
9.378951,16,4.317869
8.359286,12,4.336987
21.2677,22,4.372059
65.662252,40,4.435706
13.068389,16,4.461787
11.244517,13,4.48287
10.257235,13,4.50423
14.897889,16,4.529935
14.011791,15,4.553996
52.920186,32,4.605108
10.970713,42,4.672398
6.097759,11,4.690386
8.974739,12,4.709478
12.14905,14,4.731975
7.622492,11,4.749321
10.255493,32,4.800046
8.337993,11,4.817588
9.234317,17,4.844766
12.633889,15,4.868877
11.203401,14,4.890992
10.168137,16,4.917345
8.604066,13,4.937887
12.774275,19,4.968042
8.323259,11,4.985611
8.644511,11,5.002789
14.07109,17,5.030171
10.652494,14,5.052688
16.760618,18,5.08171
12.832472,14,5.103904
11.037006,14,5.126518
6.353173,10,5.142492
4.684383,11,5.160436
9.201391,13,5.18124
10.494245,14,5.203801
14.781041,16,5.22948
18.482347,17,5.256801
8.494755,12,5.275665
14.200157,16,5.301285
11.331587,16,5.326861
11.045951,14,5.346066
7.611763,12,5.361996
8.579315,11,5.376587
8.833643,36,5.425678
9.712377,17,5.449087
12.606656,14,5.468414
15.295648,19,5.494699
26.789678,25,5.526211
13.097295,17,5.549293
21.847916,26,5.582641
7.416515,11,5.596708
77.487385,52,5.662581
88.614864,84,5.76973
17.896865,18,5.791149
13.784413,16,5.810157
10.690454,14,5.826964
12.080235,16,5.845927
15.247025,17,5.866266
14.964237,17,5.886789
8.485417,12,5.901129
13.476225,17,5.920757
9.81803,13,5.935938
26.658383,25,5.967036
6.770801,10,5.978955
12.098364,16,5.997811
16.519899,31,6.03422
13.04885,16,6.053143
11.077688,14,6.069615
16.048777,17,6.08961
38.584463,53,6.150966
19.948483,19,6.173424
74.972973,48,6.233187
102.608867,66,6.315531
15.710603,17,6.336479
63.000876,37,6.386564
9.901987,14,6.406565
10.304912,15,6.424136
106.272589,59,6.502009
16.252901,22,6.530406
15.881446,19,6.556008
20.872272,20,6.584693
40.21568,58,6.661736
10.456211,14,6.679532
8.352532,14,6.699291
17.272149,18,6.722653
14.031706,16,6.744748
8.032297,12,6.760021
18.392443,17,6.784361
14.98366,19,6.810047
15.38721,18,6.835218
6.919782,22,6.863734
10.5822,14,6.883214
8.342181,15,8.447082
32.769767,28,8.491366
17.737429,17,8.517866
76.346523,47,8.590361
22.990474,21,8.623235
15.798485,17,8.650245
15.002143,18,8.67805
7.115453,13,8.696607
8.613866,13,8.713197
75.302645,43,8.771604
9.061248,12,8.786615
10.697247,16,8.806312
15.173613,25,8.83889
11.122501,14,8.858465
15.132917,24,8.891207
64.317764,58,8.95832
118.122852,64,9.040593
12.403261,14,9.059887
8.86045,12,9.07445
13.623519,20,9.100626
12.965859,15,9.120489
27.078711,34,9.16364
95.334006,58,9.237683
53.609654,48,9.302198
14.517739,17,9.325463
85.113452,51,9.391757
10.348163,18,9.413895
95.565025,56,9.482234
13.273873,14,9.500234
13.41948,22,9.52814
18.119253,20,9.554965
15.373318,16,9.576077
8.634411,13,9.59305
10.636125,12,9.609206
9.529246,15,9.629399
13.418617,19,9.659095
19.790502,19,9.689269
7.992243,15,9.713208
15.062035,18,9.741272
125.090493,68,9.845834
79.57434,48,9.919879
11.309704,16,9.945138
13.469971,15,9.968794
48.917006,35,10.023308
20.668056,19,10.053359
12.677494,16,10.078539
17.498759,19,10.108634
89.253588,76,10.225634
68.647918,68,10.330298
13.83933,16,10.355432
19.034724,19,10.385472
14.151791,16,10.410783
49.800407,65,10.511883
38.640456,30,10.558688
8.865585,13,10.579148
95.239696,57,10.666256
134.030823,71,10.775564
54.343518,38,10.834588
86.296198,53,10.911345
14.565287,20,10.932251
13.404393,16,10.948416
47.052805,36,10.985206
69.851591,46,11.030967
70.754968,47,11.077823
26.037238,22,11.100286
11.996123,17,11.117422
43.615653,34,11.147591
5.164865,29,11.17363
21.641983,38,11.208074
20.004336,26,11.234417
114.538147,62,12.893603
9.616139,13,12.914194
14.592044,16,12.939556
97.578335,66,13.041856
10.97136,17,13.069375
14.364694,19,13.098627
62.305724,61,13.181122
98.6479,60,13.262049
6.970789,12,13.279576
18.004108,28,13.320244
11.831659,17,13.343549
11.931488,16,13.36888
12.476426,16,13.394384
15.324133,23,13.430844
94.939722,67,13.533705
111.257264,62,13.629881
19.207315,20,13.661767
111.070383,61,13.755929
80.9301,61,13.850662
17.258239,18,13.879734
69.952882,62,13.975632
86.015691,54,14.058877
133.805196,71,14.169365
29.586301,25,14.209342
181.723573,94,14.356854
42.69719,32,14.407796
12.214705,15,14.431741
10.264367,17,14.458565
63.696067,42,14.52351
88.381244,61,14.618049
103.054873,61,14.712205
19.57823,21,14.745238
120.99135,66,14.846132
11.002578,16,14.871186
83.54096,51,14.949495
15.958061,18,14.978376
12.044939,29,15.0236
10.979818,16,15.049143
121.499983,64,15.147919
11.279556,16,15.17311
97.71339,57,15.260954
90.163185,55,15.346785
15.846126,17,15.373891
96.465421,58,15.463399
15.295331,23,15.499838
14.793338,16,15.525069
72.421719,75,15.641761
9.232075,12,15.66093
17.115034,18,15.68968
160.57915,98,15.839203
63.659128,40,15.902169
14.055008,16,15.927708
13.120974,15,15.951899
122.393668,67,17.623663
57.891816,63,17.708677
13.641796,24,17.740896
16.159808,24,17.773955
80.900072,52,17.840084
13.957125,26,17.873459
134.323975,72,17.962062
193.892683,115,18.105787
196.078455,102,18.243974
130.628027,70,18.347332
13.710267,33,18.388448
129.676592,81,18.502556
71.089415,46,18.57288
109.145927,74,18.686033
124.282758,68,18.791395
56.237153,74,18.905738
58.372295,64,19.004608
80.889647,51,19.083364
251.065545,168,19.342596
96.095585,57,19.429604
193.700791,94,19.575717
104.683342,83,19.705962
97.869384,60,19.798949
53.730743,32,19.849184
31.217927,41,19.914143
104.812504,82,20.041039
166.532414,103,20.20087
87.985753,62,20.295857
174.432623,87,20.428989
284.988373,180,22.233532
26.459078,51,22.305951
99.961246,59,22.377625
170.824202,85,22.461433
147.600619,75,22.539628
213.869917,110,22.66448
154.029232,81,22.772874
196.024865,107,22.904898
148.495452,75,23.000386
194.898454,92,23.138455
177.760855,86,23.270623
153.946423,81,23.393548
207.228035,102,23.549979
232.025092,124,23.739986
197.092954,90,23.877738
260.790333,170,24.140497
182.658268,89,24.276204
178.40458,107,24.437891
196.700152,93,24.578383
209.742154,100,24.73055
197.68398,90,24.868614
195.136973,94,26.536994
168.950126,82,26.638208
187.288447,87,26.739368
197.043961,91,26.846368
180.434547,88,26.959437
208.574228,99,27.089679
252.923454,142,27.272546
205.591717,105,27.414951
223.832903,118,27.569346
232.094774,123,27.732262
285.915933,175,27.965783
195.903083,90,28.085128
205.262118,100,28.236888
182.510993,86,28.370463
203.722549,100,28.524545
33.117792,27,28.5671
190.548497,93,28.711322
211.256437,94,28.85844
9.124438,20,28.890312
206.210642,94,29.036688
9.390899,39,29.097933
190.322002,90,29.237127
233.89267,133,31.069669
82.479225,46,31.142654
199.344312,96,31.290328
203.780411,93,31.40366
202.172562,95,31.49886
207.352846,103,31.602052
236.583681,120,31.724571
202.866286,104,31.825191
209.766862,103,31.927747
197.655312,95,32.024175
209.85535,110,32.141074
141.996988,73,32.238661
213.879377,110,32.384127
206.598131,93,32.497208
208.321716,105,32.626722
185.619867,86,32.738321
196.483703,99,32.865718
210.53684,104,32.998224
188.103567,85,33.100995
195.455646,96,33.220076
188.751045,91,33.332948
201.322417,97,33.45609
201.534064,99,35.004144
223.012976,111,35.149158
202.618456,92,35.262023
88.22033,50,35.324673
199.247166,100,35.448776
181.652939,84,35.574055
214.135906,100,35.725877
198.24481,88,35.860275
189.201572,90,35.99751
189.838644,95,36.143675
191.660199,88,36.27986
201.650819,89,36.415855
209.18662,102,36.572965
188.814514,90,36.710666
199.380518,88,36.848089
202.419528,90,36.986636
116.493739,61,37.081127
182.334853,90,37.217626
195.43848,88,37.353199
202.095139,94,37.498266
205.101172,91,37.640272
203.045818,90,37.779915
200.087306,89,39.474036
202.281196,91,39.576774
187.626789,92,39.691351
202.669089,91,39.796822
208.025083,92,39.908647
196.868066,98,40.059712
195.242681,88,40.197229
188.929484,84,40.328708
238.260474,110,40.505249
195.836414,87,40.642179
203.155403,95,40.792332
209.774933,93,40.938775
218.002338,97,41.094069
198.950986,94,41.242929
207.486508,91,41.388539
181.645843,96,41.538609
191.373481,87,41.674118
203.583598,92,41.820596
185.051353,89,41.960656
191.937393,87,42.095634
188.465806,86,42.230036
203.077194,92,42.373317
204.313045,90,42.516221
181.985336,86,44.151753
176.323772,86,44.260177
197.190682,90,44.367257
160.805239,75,44.464037
195.178235,92,44.578749
199.975246,90,44.689609
213.84783,107,44.82448
215.473804,96,44.953624
200.354393,90,45.071781
209.734384,92,45.193593
191.201186,90,45.304468
202.917835,91,45.423102
197.418705,88,45.53869
214.762303,105,45.666044
187.74782,86,45.757085
204.526629,93,45.851354
203.954075,92,45.944404
191.91812,88,46.031192
206.673499,92,46.113761
196.286002,89,46.194467
202.911314,91,46.28683
185.71726,89,46.376194
227.27049,116,48.108843
208.957708,97,48.282096
213.788812,94,48.449109
191.824866,86,48.602876
153.657286,78,48.741631
211.306503,95,48.910965
217.709112,98,49.085793
179.457204,81,49.224001
211.00083,94,49.385238
191.985681,87,49.519494
204.767031,93,49.654584
202.069065,91,49.791496
160.571492,78,49.907408
206.190533,92,50.042732
213.247908,93,50.186787
215.505456,95,50.328566
194.750031,91,50.467469
214.352083,95,50.621607
197.429057,89,50.779505
185.187325,85,50.929621
204.687882,94,51.095914
205.842438,92,51.260489
203.843398,91,51.422782
211.41189,92,53.18832
212.23711,96,53.313617
152.730501,73,53.409604
212.695629,93,53.531186
209.369547,96,53.636283
211.11414,93,53.742728
208.840108,93,53.858413
196.468327,92,53.969652
214.637383,94,54.109224
203.547576,90,54.250341
217.824489,94,54.397817
190.061378,87,54.532922
191.315514,87,54.667715
199.901257,89,54.806465
206.682792,91,54.94816
183.777946,86,55.081425
206.99135,92,55.225034
197.833852,89,55.357622
190.782176,86,55.471976
214.057578,94,55.617646
201.428809,89,55.755401
207.638675,91,55.896481
214.177708,93,57.49697
205.003708,90,57.640104
203.887286,90,57.78705
209.706432,93,57.935135
214.166527,94,58.085053
206.551701,91,58.2289
212.444967,93,58.376814
209.323361,92,58.523468
188.103528,85,58.659173
206.629281,91,58.80229
215.458714,93,58.94803
211.751992,93,59.093557
219.896848,97,59.24723
208.057904,92,59.391109
194.486367,88,59.52851
204.464915,90,59.671046
204.128647,89,59.811692
213.675354,93,59.941494
208.811475,92,60.064556
217.401024,94,60.192268
200.768088,91,60.328718
205.643098,91,60.449186
211.311659,92,60.568114
208.16086,92,62.214378
211.141717,93,62.35917
215.717111,94,62.5061
209.602226,93,62.65096
216.029612,94,62.798213
209.406657,92,62.941457
209.863625,93,63.084729
209.153406,92,63.227198
213.700465,95,63.35641
205.985975,91,63.456216
207.221292,91,63.575006
213.516397,92,63.677984
214.084943,94,63.788021
214.489632,95,63.913724
212.132172,93,64.034402
207.499527,91,64.15009
218.581526,95,64.265126
212.908433,93,64.390167
211.250298,94,64.508358
212.43942,93,64.632884
228.00828,109,64.779274
217.821018,96,66.382584
216.505925,94,66.482394
213.629793,92,66.580422
205.056072,90,66.675815
202.666586,90,66.764543
223.661889,100,66.863671
217.054139,94,66.956289
213.965839,93,67.050167
202.256087,89,67.188217
207.064703,91,67.329538
217.357595,94,67.476115
216.265099,93,67.621834
220.412036,99,67.776974
204.247816,90,67.917274
209.464335,92,68.061828
227.387404,98,68.213583
208.198131,91,68.354858
202.852554,90,68.495839
220.628206,96,68.646385
219.666166,99,68.801017
201.612016,89,68.940548
214.58603,95,69.089149
217.056452,96,70.860223
222.102868,99,71.013932
217.997835,97,71.164679
221.63286,95,71.313409
211.58276,92,71.456459
213.586923,94,71.605525
208.777653,92,71.726495
212.089354,93,71.840154
219.941669,98,71.968896
206.790822,94,72.08675
218.972296,95,72.211233
220.734837,99,72.346887
216.352332,97,72.480917
216.104768,96,72.605638
218.395588,95,72.732236
218.156607,96,72.857122
220.581478,96,72.985451
214.832463,93,73.103963
229.03458,112,73.23109
210.37402,92,73.346034
214.097013,94,73.465529
212.700362,94,73.57808
209.066423,91,75.286052
213.630772,93,75.419046
220.25277,101,75.551082
222.220615,97,75.671502
222.252051,99,75.80224
220.270264,97,75.925856
213.342066,93,76.051639
220.93104,96,76.189751
215.535552,94,76.337071
214.426242,93,76.482645
220.212915,96,76.63247
216.261822,94,76.779408
219.914303,97,76.930901
214.874747,94,77.077723
225.587754,103,77.239569
217.191969,97,77.392117
201.759269,90,77.533839
209.746182,92,77.677907
215.404347,93,77.823042
214.111385,92,77.966627
225.800662,98,78.119607
214.817533,94,79.778847
225.88837,101,79.913945
228.100535,99,80.036965
222.894557,100,80.16492
215.861167,94,80.293657
214.361064,95,80.419827
224.518021,100,80.547989
222.808305,101,80.679436
215.69687,95,80.800371
217.699424,96,80.92202
213.207229,92,81.042084
219.106831,96,81.159149
214.602032,95,81.278558
218.730445,96,81.400208
217.590668,95,81.52759
217.253459,95,81.656436
221.922845,97,81.784454
212.051044,93,81.903354
218.775856,98,82.048201
227.580587,102,82.209443
214.868483,93,82.356952
225.637387,100,84.035719
232.977857,103,84.221103
215.995796,94,84.38938
226.549524,103,84.572923
214.838585,96,84.744196
224.783672,99,84.922064
218.969827,96,85.094608
220.399416,97,85.268395
214.267413,93,85.43531
221.689577,98,85.611549
227.890921,97,85.784842
218.904872,95,85.955064
219.22157,96,86.126842
215.062046,94,86.295812
215.011747,93,86.458985
217.287879,94,86.621484
221.821881,99,86.779175
219.985639,95,86.920653
321.727742,134,87.082928
224.62402,100,87.202324
217.93399,95,87.332481
217.891024,94,88.977863
217.703023,95,89.1004
226.205933,99,89.234009
216.423655,95,89.359174
222.753345,97,89.484656
218.716718,97,89.612846
215.208961,94,89.736322
222.226738,98,89.848678
220.154484,99,89.948414
244.855655,117,90.09249
221.159746,97,90.226604
234.34787,112,90.37892
220.440445,97,90.507302
226.541397,100,90.639884
206.887104,90,90.777647
236.477374,103,90.935961
214.90596,94,91.082011
222.166681,98,91.233318
217.205566,96,91.381968
227.485929,102,91.539478
221.82511,96,91.688217
220.708498,99,93.356162
214.248765,101,93.511452
238.12613,105,93.672183
214.789061,95,93.819373
219.062289,105,93.984724
271.696641,128,94.180467
252.033649,123,94.372454
241.792102,106,94.502741
237.519999,102,94.603433
227.663356,101,94.693652
242.12367,108,94.833673
234.276271,111,94.982467
253.728713,108,95.126262
249.917464,119,95.271431
232.45606,104,95.3977
226.272859,108,95.538113
222.998797,103,95.667917
248.261676,108,95.806545
243.327909,117,95.947413
232.250243,123,97.605725
274.240726,120,97.735905
272.781163,114,97.850084
248.713324,124,97.974946
259.471924,132,98.143272
272.019369,115,98.291478
249.338596,119,98.44889
240.611112,105,98.577885
228.230936,101,98.709392
254.629886,114,98.854156
319.721611,170,99.059783
242.88415,117,99.214187
238.892038,105,99.350669
189.925154,215,99.629728
239.802519,104,99.765504
242.412752,109,99.908392
309.224133,164,101.596716
308.045708,131,101.765001
289.813445,143,101.936164
216.146789,98,102.071087
283.050207,138,102.283612
235.847783,103,102.442618
288.090556,129,102.641141
229.891521,116,102.819129
246.606428,115,102.99635
239.211335,117,103.176729
246.189047,112,103.350229
243.185087,112,103.523282
255.515838,114,103.680802
254.553793,127,103.839715
265.015011,117,103.981746
307.53692,128,104.180414
238.601842,113,104.355419
280.213998,122,106.089093
274.993009,115,106.294361
296.500617,144,106.550551
294.553075,123,106.767471
260.642896,110,106.963702
312.124065,133,107.171101
280.766647,118,107.353955
245.905869,112,107.526769
279.562065,126,107.707433
292.632081,124,107.894612
241.390475,117,108.074515
277.42532,114,108.253228
299.287674,139,108.464202
240.362397,114,108.604202
272.286539,114,108.742129
309.313148,127,108.892056
276.729982,118,109.038292
280.118986,120,110.794254
316.31014,130,110.996452
293.954446,131,111.201245
312.204749,144,111.413804
319.55109,140,111.588542
312.326014,143,111.733107
292.840542,124,111.86702
327.774517,138,112.057721
329.778116,139,112.27574
246.70797,110,112.425034
321.532058,133,112.602043
348.776066,154,112.79654
324.576333,180,113.038891
328.68221,138,113.224782
251.139381,118,113.375477
278.831102,118,114.975703
316.415044,136,115.182911
325.249053,132,115.38574
309.429981,130,115.584754
333.088495,129,115.755072
345.394593,156,115.898289
335.090276,133,116.023599
300.937456,122,116.167044
346.511772,140,116.353788
311.388836,136,116.534513
331.967751,144,116.722358
346.098806,160,116.880467
328.849788,140,117.059222
317.535096,134,117.232156
324.608353,141,117.393908
328.749122,136,118.950696
333.595721,142,119.128638
336.562542,136,119.289539
307.74035,124,119.446853
309.567801,125,119.593277
315.59221,128,119.743729
332.329576,137,119.899902
330.072481,141,120.059747
329.101556,133,120.200483
342.642595,166,120.364173
325.654732,137,120.508594
346.919067,148,120.660691
320.477623,133,120.798296
323.342252,134,120.935943
334.669642,142,121.081749
338.457176,148,122.701024
335.713633,138,122.921628
319.438641,130,123.126685
349.740033,138,123.32311
317.239457,136,123.484097
334.048909,136,123.65781
340.156002,145,123.84329
342.078922,149,124.036162
322.490368,137,124.198477
334.766314,139,124.350574
332.425462,137,124.534945
339.558445,142,124.691645
324.499933,132,124.808873
330.111761,140,124.933296
320.126566,134,125.052654
327.562937,134,126.560967
343.089517,134,126.766373
331.465048,139,126.981673
328.763174,130,127.181958
330.587921,143,127.401765
314.073331,127,127.597091
330.143299,143,127.816585
334.003999,137,128.02777
331.669784,138,128.241403
335.694164,137,128.451463
315.190424,129,128.650746
309.290095,128,128.847513
321.312153,128,129.044575
330.272989,131,129.24558
315.305402,133,129.450714
339.677027,138,131.154377
340.48891,137,131.326312
332.761808,131,131.475388
317.313548,126,131.632596
316.276356,131,131.799903
322.851421,131,132.004501
331.610902,131,132.208046
335.533758,136,132.419307
322.976787,127,132.616678
327.436063,131,132.820362
330.332683,135,133.030678
316.020822,125,133.215882
322.253608,129,133.336263
319.846516,132,133.486165
341.191024,142,133.660389
354.783714,148,135.388504
327.676049,133,135.541568
331.876807,131,135.705057
327.759976,134,135.877937
332.841336,130,136.036581
336.541268,130,136.194197
326.20919,132,136.36564
318.002839,133,136.539607
334.439105,131,136.711416
323.86233,128,136.866006
341.556751,132,137.006751
315.203359,124,137.157945
322.165763,129,137.343229
334.166177,132,137.544058
323.67446,131,137.74316
327.506912,133,137.945196
360.751288,136,139.692797
326.022019,129,139.891248
353.260586,134,140.097691
348.323474,140,140.31445
330.721859,131,140.517362
359.553797,144,140.741199
364.560757,138,140.954838
316.649258,132,141.159999
324.727559,129,141.358413
364.006937,154,141.596484
318.749906,123,141.772596
354.481103,131,141.940399
336.916549,133,142.096678
325.793029,131,142.264914
330.909433,134,142.432598
343.848514,135,143.797642
338.804983,134,144.00839
352.240606,137,144.222724
368.722011,145,144.451651
333.478217,134,144.659421
354.869452,137,144.876275
336.995288,138,145.088987
330.437008,134,145.298036
371.454815,137,145.512389
352.251779,136,145.72359
342.465074,135,145.915232
344.585241,135,146.061604
351.552935,137,146.2151
362.738485,137,146.398947
347.562979,140,146.566069
357.123726,141,148.114932
341.086383,141,148.301039
332.635231,132,148.469017
336.929306,138,148.64451
319.406169,125,148.807723
357.433372,138,148.984221
361.349573,136,149.149601
370.495228,145,149.321447
371.621323,141,149.505301
379.352236,138,149.664228
381.989801,142,149.819039
366.326478,140,149.949704
358.234359,136,150.12493
329.669468,129,150.295317
364.279521,140,150.440611
337.021206,135,152.12435
342.901162,132,152.327583
269.137026,110,152.497927
364.886618,136,152.707944
344.912865,132,152.910947
303.911745,120,153.095098
262.748904,110,153.266196
343.520841,130,153.466786
360.195408,133,153.672058
349.089734,133,153.876762
341.252378,133,154.084482
377.442216,141,154.302551
377.322072,136,154.512331
256.72982,107,154.679266
368.011665,136,154.862743
326.502574,127,155.034624
350.091221,136,156.710624
322.929585,124,156.860402
273.533323,112,156.981387
333.250921,131,157.13848
344.036926,132,157.314251
356.234921,137,157.46984
333.602185,130,157.628337
341.265353,130,157.795588
307.360562,122,157.953274
352.792842,136,158.111033
323.606184,127,158.267602
351.895966,135,158.437072
329.721788,130,158.604295
381.010259,138,158.782709
357.200315,133,158.951007
315.305428,124,159.086204
318.15842,128,160.73669
356.792492,138,160.954051
360.134226,137,161.169574
367.978728,135,161.382623
355.898671,134,161.592727
330.250442,128,161.740911
347.087298,132,161.86729
345.611743,131,162.003582
384.499826,141,162.164589
328.908013,127,162.316594
341.713948,129,162.484785
319.132075,125,162.629803
361.675819,138,162.798592
353.416614,132,162.959427
339.903766,131,163.109293
345.372594,133,164.713626
349.138625,135,164.923336
354.046031,137,165.137019
332.420782,131,165.342493
379.992348,140,165.560703
359.000277,135,165.771242
349.614567,132,165.976841
355.490265,137,166.19085
365.202053,135,166.391242
316.019997,126,166.589376
345.13432,133,166.798195
350.37698,134,167.00835
334.359507,131,167.214776
342.778086,130,167.419416
352.254722,138,167.636487
332.99183,134,169.442184
354.252338,139,169.65351
363.67537,134,169.857641
339.937653,131,170.032163
375.361112,138,170.18535
348.223513,135,170.348206
365.775567,135,170.510832
382.628906,142,170.651332
381.88672,142,170.791495
360.35686,135,170.924901
353.686374,136,171.059859
349.258927,136,171.219887
387.519906,140,171.387813
384.911604,146,171.57146
377.911459,142,171.745179
396.451551,141,173.431916
339.571353,134,173.638929
352.845522,132,173.843828
369.40661,137,174.055323
358.473104,134,174.262679
350.044452,136,174.473883
376.413167,142,174.694274
383.379151,142,174.913802
380.074924,137,175.126527
342.188195,137,175.339664
357.478704,133,175.545522
380.356937,140,175.749625
365.631249,139,175.940282
362.921585,135,176.119959
341.646082,129,176.284713
390.198815,142,178.083013
370.890185,138,178.230711
352.901686,136,178.368171
367.576906,142,178.511622
403.773806,145,178.677928
370.128957,140,178.83391
388.887019,141,179.004212
379.807153,138,179.167217
349.042458,128,179.323663
371.784492,139,179.512022
385.078141,140,179.695352
357.890717,134,179.870656
411.691584,150,180.057885
380.31348,133,180.231596
381.03509,138,180.407864
333.438583,133,182.03283
361.379294,136,182.213541
398.275658,142,182.402213
389.004349,141,182.589349
378.038171,139,182.769707
292.61911,115,182.925316
369.185291,135,183.100752
394.444148,144,183.278859
383.656902,139,183.451421
344.434875,129,183.619085
399.751152,143,183.810625
393.016741,146,183.99826
389.896194,139,184.18023
380.993095,140,184.353349
331.545439,127,184.515533
402.091529,147,186.166972
243.933106,105,186.260806
388.053992,138,186.383078
390.486691,143,186.518218
398.925691,144,186.683907
387.540864,140,186.851587
385.857745,140,187.031897
390.139029,142,187.206367
358.080715,130,187.37068
363.965293,132,187.538907
388.312536,140,187.729628
335.1145,129,187.888573
393.999795,143,188.069521
390.345882,144,188.29001
375.541083,142,188.507519
391.410318,143,190.235129
388.181469,139,190.415061
404.591489,146,190.585657
393.568892,142,190.767701
392.18865,141,190.94615
405.94645,148,191.173991
402.551271,148,191.401051
386.200467,141,191.617364
393.060355,140,191.83422
377.42879,136,192.043811
392.306396,145,192.265619
373.173103,143,192.485133
385.934399,140,192.69974
377.507784,139,192.913001
385.744179,145,194.676502
405.306804,149,194.909169
383.541812,140,195.127307
385.186812,143,195.350313
357.971787,139,195.566157
393.533454,143,195.794281
404.907394,144,196.019312
412.733409,146,196.247603
395.542379,142,196.457504
387.162534,143,196.635156
404.085022,144,196.796308
370.404279,139,196.972302
399.174124,141,197.155067
395.837476,143,197.339955
387.8525,144,197.506486
385.142857,143,199.116201
392.049501,143,199.263629
399.447408,147,199.406337
389.788368,145,199.556915
408.645347,149,199.712166
387.580012,140,199.859941
408.54674,146,200.003007
403.440496,146,200.1311
391.317475,142,200.269677
411.850352,147,200.4647
396.789046,145,200.648857
381.264477,144,200.836481
397.807577,146,201.028653
395.454923,143,201.235322
413.06252,149,203.021482
412.520763,147,203.250011
406.959433,148,203.478236
394.970973,142,203.698579
375.995784,144,203.922161
391.240502,145,204.147436
402.661822,149,204.377733
406.728436,149,204.608658
391.429178,142,204.829242
379.666526,141,205.047965
408.371646,148,205.277573
400.409804,147,205.505022
381.447613,138,205.720058
399.319469,141,205.940026
400.069593,148,207.648554
407.209486,146,207.86958
402.924616,146,208.091561
394.357846,141,208.305737
397.701848,144,208.524574
347.286315,132,208.724818
391.670342,140,208.938284
404.088713,148,209.162958
403.574104,149,209.390759
416.424964,149,209.616206
406.875773,145,209.837986
407.621044,144,210.047197
399.764364,144,210.220991
409.336714,146,210.406884
406.000762,148,212.117185
412.97783,144,212.367968
393.363836,139,212.600984
401.285655,143,212.805609
409.7998,143,213.025592
417.398726,151,213.258628
408.93295,148,213.451551
408.493941,146,213.651376
411.339875,149,213.873398
409.463963,146,214.092902
415.153536,148,214.305153
401.90172,143,214.518363
397.172271,146,214.736567
411.71122,150,214.936414
420.658214,149,216.707299
401.175017,146,216.89513
405.429144,145,217.075196
415.18819,152,217.273017
414.042119,145,217.462648
407.90301,145,217.64465
408.797725,144,217.829752
403.046671,147,218.012887
405.546944,150,218.197414
408.052542,153,218.390032
411.617387,145,218.575056
401.526097,145,218.767274
429.816604,153,218.96822
416.285909,148,219.148668
412.620454,148,220.747291
395.290505,147,220.978708
402.37327,148,221.209385
414.378217,145,221.436605
396.224672,147,221.66644
428.25089,152,221.904648
405.616821,149,222.137929
423.679158,152,222.374997
412.13485,148,222.606741
394.58541,147,222.834895
422.648982,149,223.044385
413.169355,150,223.243977
414.94702,148,223.440562
418.68355,156,223.643977
415.010759,145,225.287109
416.826827,150,225.513789
431.614448,155,225.749671
405.78932,146,225.969106
417.134301,147,226.194172
416.495283,146,226.415406
413.199876,148,226.639778
411.042645,145,226.860812
409.821804,141,227.076697
411.083473,149,227.303514
406.496173,147,227.528764
424.070348,152,227.760048
370.59887,142,227.95929
409.34917,147,228.149943
399.86312,143,229.889605
415.948634,149,230.121605
388.324448,143,230.343261
415.600323,146,230.572825
416.013205,146,230.79956
399.871194,143,231.021086
402.807936,142,231.19976
425.689938,149,231.353627
417.633423,148,231.519687
423.861783,148,231.703777
408.25103,143,231.887224
420.097383,147,232.077006
415.686996,147,232.297483
411.362636,145,232.520034
416.639061,145,234.263403
425.200313,151,234.442402
405.744097,140,234.607158
395.613419,139,234.784832
428.136578,149,234.971803
418.663067,146,235.140656
414.095171,146,235.323032
415.91046,147,235.501589
429.620838,152,235.694295
412.326804,147,235.877137
420.648142,146,236.05899
411.287239,143,236.237588
420.694001,147,236.419604
423.091761,150,236.612219
427.996596,150,238.360795
418.001945,145,238.54548
410.513133,144,238.732415
416.565365,147,238.895181
429.781907,149,239.062744
413.548376,145,239.226681
422.371314,148,239.402759
410.622311,144,239.593961
421.713289,146,239.795337
398.173907,141,239.991909
423.629303,147,240.178262
405.854021,140,240.35529
408.573597,142,240.536646
423.045154,150,240.730063
419.814989,145,242.394726
432.614664,150,242.589923
423.58938,147,242.763752
425.154018,147,242.921568
417.345424,144,243.067228
424.213686,148,243.22636
423.838951,149,243.382685
421.743978,149,243.55815
429.785498,150,243.74543
428.096895,150,243.956196
409.826548,140,244.175982
413.911342,147,244.405406
420.576297,149,244.63705
421.075592,147,244.868093
427.548417,151,246.557588
430.910143,151,246.790757
427.853712,149,247.020544
427.771008,148,247.251595
431.075722,153,247.485854
421.29259,147,247.713418
408.384822,143,247.933206
428.006129,149,248.161162
423.433788,147,248.387257
433.841467,152,248.619649
430.365981,150,248.849875
416.838194,143,249.067445
414.335838,143,249.286608
435.509975,158,251.062128
419.186584,146,251.225934
428.133477,151,251.415501
414.337509,148,251.562648
424.544514,150,251.703161
435.37957,153,251.893922
430.401806,150,252.062403
423.819204,148,252.25783
415.708378,143,252.446943
418.41869,144,252.614972
426.377137,147,252.806936
431.127489,151,253.003884
421.909188,144,253.196071
403.167625,147,253.389125
419.107677,144,255.174446
430.642209,150,255.406259
422.793151,146,255.632859
423.041468,149,255.86495
420.328099,148,256.094853
417.712789,145,256.318969
430.036402,153,256.55543
427.336745,149,256.785951
419.803853,143,257.008939
430.621518,151,257.243501
425.720657,147,257.471091
419.657358,149,257.702558
432.53914,151,257.936621
426.352755,151,258.145167
422.316596,147,259.834705
416.39612,143,260.015211
432.442965,153,260.197974
429.228952,151,260.392481
429.213102,149,260.565065
437.268159,158,260.757184
419.283137,150,260.938524
431.166564,150,261.140764
429.810436,149,261.373046
421.520892,148,261.603371
417.005339,148,261.832559
429.233875,147,262.062509
424.080751,146,262.290329
422.189559,148,262.520086
428.926431,149,264.372303
428.087975,148,264.572783
422.544683,149,264.766713
426.659243,151,264.968507
418.992115,145,265.158863
445.021403,157,265.351845
422.652561,145,265.534141
434.562251,151,265.732415
431.271355,152,265.929191
442.493827,160,266.133836
421.620362,148,266.323743
435.479247,151,266.516887
430.908758,148,266.704805
417.606587,148,266.877483
423.357973,148,268.541655
424.622597,147,268.730447
434.550454,155,268.924882
425.69367,148,269.119533
435.033943,149,269.309507
435.934045,153,269.495008
427.363719,147,269.645678
422.398362,146,269.835844
425.638297,146,270.023143
428.401073,151,270.199035
439.600618,154,270.397852
430.904817,148,270.578261
439.15846,152,270.773695
420.531921,146,272.511581
425.962036,145,272.699898
432.55195,150,272.89349
430.339777,149,273.078363
436.965169,152,273.270279
430.415961,150,273.462772
437.149887,149,273.649879
432.892003,148,273.822295
427.048229,150,273.994569
427.689284,147,274.169349
435.262428,150,274.365426
419.243096,143,274.540355
436.032775,152,274.72136
427.752433,147,274.889621
426.669099,146,276.556436
443.799503,154,276.79385
436.275136,154,277.032364
420.337778,143,277.253474
434.860309,153,277.466539
430.152281,152,277.654663
435.614148,153,277.85446
428.59153,149,278.048018
432.79162,148,278.22415
443.552305,155,278.411328
421.126763,144,278.571968
428.769343,149,278.796821
425.207747,145,279.017895
426.852671,146,279.192188
429.62503,150,280.77359
430.134279,150,280.911041
426.993278,149,281.041632
433.481139,152,281.183018
432.523689,150,281.338898
447.928959,157,281.480801
434.733963,150,281.65097
430.381285,148,281.82787
437.283455,149,282.002291
424.402439,149,282.160718
435.883992,151,282.331779
423.444525,145,282.507617
433.151421,150,282.669067
434.954892,150,284.258737
448.722121,156,284.5023
464.318921,161,284.752083
442.227662,154,284.990566
442.249487,153,285.227853
434.719234,152,285.463244
421.041245,147,285.691958
430.191715,149,285.925104
437.705831,155,286.166082
439.274317,150,286.399496
433.256664,149,286.631133
442.691082,154,286.870539
410.267418,141,287.09086
439.104455,154,287.297217
458.779302,158,289.093711
461.116148,159,289.372853
449.350876,157,289.6511
452.236403,157,289.929195
445.241747,154,290.197721
430.308988,148,290.46375
430.306345,151,290.733172
433.011133,149,290.995201
435.276516,152,291.259494
448.372553,156,291.537964
471.658269,163,291.82483
444.516866,153,292.092151
437.644098,151,292.355574
449.032147,156,294.16634
456.313415,157,294.407888
454.770215,157,294.647117
445.221687,155,294.883434
487.147303,169,295.142256
438.93344,155,295.37886
452.524031,157,295.61985
467.497137,162,295.832342
473.610981,163,296.016374
433.264279,150,296.203289
439.03139,154,296.395022
441.180525,153,296.584934
436.089388,150,296.783434
427.607394,148,298.594253
446.407223,154,298.805948
468.230317,162,299.057388
471.162511,162,299.30832
448.942809,155,299.545389
476.574615,165,299.805225
472.312807,162,300.055491
437.658285,152,300.292342
422.368247,147,300.518081
478.401369,162,300.772437
474.427082,163,301.024717
487.974325,168,301.284356
439.125985,152,301.521713
502.644776,172,303.363103
488.083062,165,303.654045
552.221881,188,303.987556
483.702993,167,304.282292
465.533134,160,304.565413
443.280856,155,304.831632
435.834839,152,305.073722
468.286709,162,305.281594
495.333048,170,305.52706
506.572152,172,305.787997
483.329515,168,306.064551
512.116882,174,306.36837
456.841514,156,308.309408
532.734551,186,308.600597
476.50883,162,308.857013
485.46113,166,309.11693
454.547352,161,309.369498
462.384951,160,309.559822
428.476702,149,309.692261
536.809564,183,309.864821
530.512579,183,310.053888
476.742224,165,310.236799
502.833859,171,310.441958
505.764384,170,310.669711
484.389217,166,310.887401
532.494401,179,312.664392
522.525596,183,312.94319
521.120259,181,313.216348
513.484892,178,313.488419
616.514018,211,313.809422
491.621083,172,314.074353
546.665548,184,314.35522
503.676956,171,314.613867
523.661657,182,314.887784
481.869011,164,315.124439
500.259164,175,315.328831
484.690863,166,317.106279
518.144103,180,317.385025
516.077123,177,317.658076
564.796349,197,317.875077
490.754631,170,318.069968
572.930494,193,318.316198
511.975934,177,318.548782
479.454586,164,318.742511
569.646638,192,318.971076
536.688529,180,319.200341
504.686997,176,319.414034
486.032588,169,321.155295
605.629734,203,321.512726
530.027419,179,321.829053
613.866464,212,322.196536
610.915423,204,322.560235
548.642416,188,322.887076
674.791198,233,323.298258
577.932865,191,323.630231
519.092363,174,323.938802
547.740734,185,324.26612
538.394837,184,324.562203
528.255559,179,326.284169
536.134518,183,326.564871
538.370043,179,326.841215
646.433905,238,327.207013
696.121436,238,327.523761
648.723914,230,327.821082
577.207063,193,328.053839
659.150757,240,328.350552
490.193986,167,328.542203
799.138112,272,328.877097
556.390859,189,330.685351
604.50789,215,330.897462
605.789449,219,331.120136
708.628284,248,331.40975
837.397338,284,331.761379
771.859523,269,332.168821
680.42229,247,332.468046
702.467455,237,332.739726
598.020559,202,334.632241
707.911363,248,335.011681
769.634346,246,335.388546
745.313993,248,335.74523
752.274689,250,336.055457
65.57953,40,336.10358
787.226002,274,336.444585
735.378996,253,336.768379
761.959925,264,337.102371
745.725026,250,338.93374
777.206919,251,339.152204
774.724234,263,339.381973
747.106604,237,339.606356
754.322029,246,339.882552
700.411248,244,340.201995
725.503237,235,340.463708
693.372586,227,340.749682
938.143042,320,342.77007
619.617931,204,343.080396
744.070756,249,343.463449
640.847671,225,343.804907
728.893321,242,344.155065
783.313952,263,344.50287
712.058876,232,344.787955
780.354523,263,345.133635
565.058514,193,345.385983
614.639348,210,347.226296
759.092326,242,347.596306
732.393773,242,347.968617
737.896545,236,348.330563
699.865906,234,348.687556
795.755183,256,349.020295
782.440346,253,349.323477
814.622696,254,349.635987
801.812626,253,351.517717
701.309738,228,351.819363
665.293823,220,352.038456
683.741481,226,352.270635
676.478027,224,352.506365
683.410175,223,352.734669
721.761808,243,352.983011
787.9151,250,353.301233
682.993471,225,353.600049
692.975995,228,355.428952
689.150506,232,355.733865
691.299034,229,356.065155
672.135459,220,356.449608
697.620353,237,356.86415
735.701198,233,357.268492
783.380478,246,357.677024
682.817581,222,357.949683
701.616368,234,358.24382
670.449755,221,359.941016
697.227782,234,360.293293
56.907683,35,360.347184
681.119151,222,360.681814
673.616379,218,361.011602
676.015638,218,361.339868
774.404261,248,361.714332
673.113589,222,362.049178
699.102181,228,362.392001
674.647465,219,362.711003
683.724996,225,364.425225
706.744816,236,364.722676
711.106672,237,365.029362
699.164483,227,365.29989
678.25876,221,365.529131
711.241378,227,365.758678
694.870701,236,365.99814
671.615092,227,366.317369
694.604227,238,366.678869
729.80836,249,368.588494
672.637651,218,368.854149
664.002262,226,369.141457
59.486298,36,369.186241
722.293104,246,369.486934
683.061127,221,369.758104
767.170119,243,370.010921
762.887757,248,370.33076
702.01433,233,370.62914
695.69978,232,370.830772
766.89536,246,372.554735
694.253247,233,372.827055
704.133054,235,373.165009
718.388286,233,373.52661
668.601198,221,373.868672
681.027469,216,374.203657
692.777813,237,374.571189
687.043167,223,374.916499
693.691997,227,375.269016
707.121894,227,377.119689
926.844817,289,377.498244
737.002143,243,377.795283
787.504004,247,378.017725
87.582762,50,378.063035
686.966236,228,378.325026
730.636722,239,378.696246
724.232595,235,379.062405
850.417609,267,379.480181
684.16634,223,381.405773
669.584565,218,381.742304
712.555442,229,382.095442
697.348239,233,382.454303
696.168776,232,382.805115
680.756259,216,383.054032
756.082555,240,383.307718
669.03916,227,383.579662
706.014924,233,383.884208
858.534876,277,385.829473
760.735153,251,386.210813
885.667847,285,386.645267
808.811915,263,387.014553
720.163721,241,387.295914
62.002331,38,387.345016
870.795127,287,387.717895
718.571501,251,388.101639
50.964729,31,388.150332
789.99317,267,390.115595
896.192831,283,390.548107
846.565443,270,390.960776
859.360012,274,391.320029
1011.51189,318,391.694786
731.76083,240,391.932101
895.516223,287,392.213358
706.254593,246,392.48474
870.294328,283,394.356176
747.845171,251,394.792254
809.761601,265,395.253834
1047.601256,341,395.849089
753.686135,235,396.258445
729.664499,257,396.706111
956.198496,306,397.240528
972.29179,315,399.427799
828.110171,278,399.91465
841.864515,263,400.373815
851.955136,272,400.830262
757.216961,246,401.197946
874.272308,282,401.590381
857.257409,280,402.007718
912.968047,287,403.986392
800.054348,274,404.408497
767.819721,261,404.785425
851.976578,268,405.109655
884.897471,285,405.460553
965.924611,313,405.870549
1051.051436,338,406.380069
983.167007,317,408.465908
925.7492,295,408.914257
755.557906,239,409.277234
838.785589,269,409.684278
852.950767,278,410.107701
929.338565,298,410.43041
869.133171,290,410.836787
933.122675,297,411.288534
1711.562387,544,413.675534
893.470017,278,414.033304
869.453691,273,414.382869
305.951964,140,414.56164
897.72832,297,414.956133
942.986102,306,415.297029
804.473553,278,417.139768
304.847033,137,417.344302
919.851695,292,417.782465
899.485201,288,418.217046
991.737563,314,418.684124
1246.835907,402,419.253277
948.669113,307,419.715714
896.378398,292,421.700824
64.964289,40,421.763159
298.144116,139,421.974987
861.946345,267,422.340801
61.57375,38,422.392408
922.409519,303,422.752999
1343.050913,414,423.246547
919.468077,302,423.623482
1043.708716,332,424.120717
936.264769,300,426.160316
868.896163,275,426.498715
935.088481,292,426.845695
747.034529,259,427.179917
937.784224,299,427.556632
927.114242,297,427.915977
279.331791,134,428.063318
1037.410039,321,428.440176
918.939058,286,430.329749
958.491273,295,430.784648
820.084523,252,431.173146
1207.994635,379,431.742303
799.751642,251,432.060375
897.606902,280,432.392401
1123.697832,351,432.924949
897.714715,280,434.98123
838.747699,258,435.375094
1033.344043,318,435.861282
912.150699,285,436.294634
1070.058977,327,436.701602
916.491728,296,437.098266
1188.713694,379,439.303689
926.732654,295,439.753408
63.571099,39,439.814083
963.901528,300,440.271635
934.686673,300,440.728761
58.919063,36,440.782611
886.168368,273,441.149443
794.323403,248,441.471571
880.159311,272,441.819089
890.572227,274,443.523743
1280.408955,398,444.129434
938.748927,293,444.526115
932.139608,288,444.887069
909.415682,280,445.228124
921.165756,284,445.589485
2000.776764,613,447.874106
2985.938816,925,448.847957
1475.907075,459,449.414287
1229.737639,382,449.873136
1461.986999,451,451.911815
2687.547639,827,452.777084
1110.944164,339,453.089538
1230.253376,381,453.562926
1410.927232,433,455.613419
1494.672991,466,456.197978
889.150894,297,456.571279
1158.610529,367,457.021706
1929.686664,605,457.940454
1054.063047,332,459.974567
2708.223656,851,461.039563
1677.219578,525,461.639412
1569.763205,507,463.538022
941.905528,294,463.984157
3090.055145,1000,465.502618
1996.567262,633,467.770437
3142.571399,1000,469.144976
2548.832762,796,469.884243
2529.316595,779,472.505336
886.239251,292,473.018432
1129.887445,380,473.559479
3130.968796,1000,476.22067
1363.840146,424,476.706529
1364.853756,448,477.260495
3086.255679,1000,478.564017
1594.203621,488,480.83099
1168.715161,371,481.388221
1626.670108,507,482.084513
857.189183,297,482.457383
2194.303325,679,484.999701
1409.029748,430,485.652569
1143.267803,359,486.197577
1591.260968,488,486.892824
1313.986569,400,487.402384
1728.767903,531,489.366707
1114.269155,345,489.88836
918.552437,290,490.328358
1703.829714,520,491.099368
1267.39789,392,491.696441
1408.267809,430,493.714324
1658.343946,507,494.306813
1186.807982,373,494.771208
1163.629713,363,495.270711
1360.56627,419,495.910972
2621.094329,799,498.842603
1527.656349,473,499.450088
3190.26168,1000,502.218256
1434.490092,453,502.901531
3078.700033,926,504.256732
1178.43332,366,504.78733
2769.46512,847,507.111206
3177.923913,1000,508.655334
3189.152844,1000,511.709042
2660.680238,808,512.732793
2231.801235,700,515.16045
2333.529127,706,515.979019
1817.461678,556,516.659036
2690.31153,821,519.145586
1344.833217,417,519.634214
1624.335342,494,520.147963
1440.551508,442,520.773622
2743.270515,841,523.477763
3224.26087,1000,525.010587
3209.474239,1000,528.165758
942.611995,322,528.69396
2006.792085,615,529.581106
1321.41836,408,530.127223
3152.293693,1000,533.184251
3229.622647,1000,534.587813
3135.470198,1000,537.413773
1363.751877,427,538.066014
1117.074138,345,538.5925
3227.44358,1000,541.651096
3039.761986,914,543.053802
866.961109,278,543.481837
2960.654506,888,546.321566
1362.133619,419,546.792518
1862.449497,563,547.503497
1800.851214,547,548.156238
1384.579776,431,550.464572
1408.810671,440,551.131833
2181.077032,674,552.023012
3251.164312,1000,554.745908
1345.814087,413,555.37247
3260.626512,1000,556.615325
3003.624847,912,559.757356
2136.522578,642,560.730924
2855.917635,858,563.111086
3259.968883,1000,564.587228
2441.353639,735,565.595617
1923.395029,586,568.065716
3231.338989,1000,569.437118
3251.802322,1000,572.537932
3270.284012,1000,573.76862
3235.814236,1000,576.769837
3267.822959,1000,578.077613
3144.185945,933,580.318337
3310.322813,1000,581.462858
2021.790103,604,582.059728
3276.996187,1000,584.986604
3295.660992,1000,586.121502
3282.037021,1000,588.94525
3284.37942,1000,590.461335
3003.395104,896,593.360365
3246.202553,972,594.814661
2933.212102,870,597.681113
1299.788379,392,598.274929
1311.724928,397,598.876301
1402.878541,429,599.525527
1094.035153,332,600.015003
1212.9503,378,601.76348
3316.414184,1000,602.916621
3214.680611,949,605.592282
3309.379314,1000,606.933775
2100.239571,624,607.874377
2599.399246,771,610.354577
3304.891861,1000,611.797755
3308.411385,1000,614.763097
3307.780608,1000,616.120376
3327.995708,1000,619.116012
1247.713343,371,619.570133
1560.989952,465,620.106597
1205.049885,366,620.512153
2409.749055,721,622.775829
1825.907447,544,623.597682
1613.945755,484,624.329121
3300.34872,1000,627.283453
3319.772114,1000,628.78547
3290.961126,1000,631.859387
2996.003366,895,633.008682
3303.818492,1000,634.261024
3285.929434,1000,637.064603
3074.072175,910,638.111184
3296.557086,1000,641.081078
2377.005488,702,641.971927
2079.587288,616,644.413334
2111.023179,632,645.324784
3298.890235,1000,646.586152
2877.749363,846,649.249834
2308.260301,683,650.291281
1355.03381,409,650.916503
3203.481607,943,653.82577
3325.726949,1000,655.354647
2429.533745,719,658.054913
1623.383433,487,658.688065
3323.439057,1000,660.130491
3343.698847,1000,663.103248
3331.420247,1000,664.338217
2919.60835,855,667.173722
3346.688176,1000,668.562685
3199.2358,938,670.999216
3338.453317,1000,672.154632
1044.591794,314,672.59765
3313.238733,1000,675.463862
1358.93607,409,675.980055
3323.816045,1000,677.173515
3349.763358,1000,680.042315
3292.063762,1000,681.556962
3385.026352,1000,684.553438
3328.821966,1000,685.990883
2648.739306,781,688.582351
3311.156025,1000,689.867378
3345.033471,1000,692.886461
1566.307822,465,693.580148
3297.787572,964,695.023048
3324.493704,1000,697.617539
2400.447681,706,698.52854
3319.899194,1000,701.340053
3338.448335,1000,702.880131
2207.72541,651,705.266338
3359.584044,1000,706.430834
3346.958328,1000,708.892221
1884.242046,564,709.663749
2907.828416,854,710.963237
2610.733616,772,713.641957
3341.303349,1000,714.901531
3330.450125,1000,717.560324
3324.94076,1000,719.059792
3156.243866,928,721.91287
3327.321245,1000,723.209113
1549.282117,462,723.789369
594.587411,192,724.033677
2366.854776,697,726.875664
546.863103,177,727.186677
2933.212563,868,728.666991
3339.275262,1000,731.456129
717.607486,223,731.735145
2258.737362,665,732.655174
3347.106553,1000,735.845655
2551.710849,751,736.816962
1038.446229,312,737.21183
3329.555609,1000,739.828708
3403.693699,1000,741.192093
3191.777913,936,744.036019
3139.256382,929,745.229904
3349.241829,1000,748.346181
3310.881526,1000,749.857112
2780.331983,820,750.942944
1626.328708,483,753.208518
1755.816033,519,753.987801
3353.583727,1000,755.399674
3118.37872,919,758.200258
1365.399351,408,758.703474
3353.600649,1000,761.424522
3343.896145,1000,762.929615
3333.002582,1000,764.235239
1275.702581,378,766.345003
3357.442183,1000,767.717909
571.217932,186,767.961555
3328.839256,1000,770.900475
3338.356726,1000,772.352048
101.631873,57,772.441381
100.460667,57,772.530418
3351.273665,1000,775.71736
94.623977,54,775.801285
3321.313804,970,776.970008
91.814321,53,777.030952
93.371808,54,777.084357
90.731068,52,777.139119
2882.048609,843,779.659437
637.344732,205,779.944556
1408.641023,422,780.653013
3351.992372,1000,783.970726
92.408925,53,784.023842
3345.376548,1000,785.525317
92.231306,53,785.608461
3355.701802,1000,788.584814
1453.200041,433,789.02932
693.191621,215,789.247607
1870.930202,551,789.843132
669.520646,210,790.082449
96.177555,55,790.15625
96.957757,55,790.224079
2079.798919,608,792.55412
715.616616,221,792.886917
568.606954,183,793.162939
108.398736,61,793.255683
1418.733912,427,793.898573
572.975231,183,794.175583
2002.823315,591,794.935863
1368.659038,410,797.046967
2103.737449,617,797.978023
574.453525,184,798.21083
589.622157,190,798.420427
3154.622651,926,801.106839
1134.276784,344,801.597996
3371.64972,1000,802.899715
1359.689214,406,803.41207
1215.473718,363,805.346964
2622.359765,768,806.114803
2833.841762,832,807.045313
1710.011241,508,809.393542
1361.114495,409,809.949187
1556.681023,460,810.454335
1940.333301,576,811.169847
94.796816,54,811.237003
3337.28778,1000,813.805762
2421.348994,714,814.613487
1236.264324,368,815.076125
2132.13848,631,817.51677
3321.22691,1000,818.66957
1833.242025,540,819.305198
3366.038376,982,821.8902
3349.655251,1000,823.314574
2651.059802,786,826.099975
3328.657235,1000,827.410818
726.531011,224,827.644927
3394.455611,1000,830.29303
2706.53139,796,831.240093
3327.663775,1000,834.265076
868.99964,271,834.678639
3333.523224,1000,835.91704
596.052292,194,836.17065
3338.946212,1000,838.797447
2345.611898,687,839.668381
1332.453216,394,840.215065
1020.434357,308,842.268183
3321.97432,1000,843.686556
1292.84517,386,844.184529
1357.561246,402,846.139158
1297.661972,388,846.647569
3307.333296,1000,848.02373
3317.347318,1000,850.905266
3326.782051,1000,852.316028
3330.795773,1000,855.377563
1220.534167,365,855.805579
3326.585702,1000,856.796763
1632.826396,481,858.886987
1098.44834,327,859.289554
2437.85251,720,860.102127
2126.378449,627,860.768169
3308.176949,1000,863.272717
3315.851052,1000,864.752859
3322.419257,1000,867.779194
3329.349578,1000,869.056149
3342.527309,1000,871.911489
3326.383407,1000,873.363567
3333.122835,1000,876.073827
3310.737669,1000,877.046968
1998.563577,590,879.305596
2830.458523,824,880.547461
3198.538992,937,881.926051
1993.484314,588,884.321998
3348.339405,1000,885.659765
1350.282127,409,886.168684
1884.566295,554,888.410893
1400.34992,418,889.002159
3354.609225,1000,890.507973
1293.972452,384,892.718966
3368.447416,1000,894.205345
3358.152377,1000,897.082245
748.959557,243,897.315336
3404.657793,994,898.431841
3381.008039,1000,901.303237
2509.109434,741,902.275455
3119.288252,902,903.636071
3379.045688,1000,906.489478
3354.458305,1000,907.651798
1889.527734,562,909.803474
2375.889803,692,910.855571
2642.81996,767,912.024592
3087.614329,900,914.859211
3365.248631,1000,916.139865
3356.693756,1000,919.128046
3371.927975,1000,920.383964
2380.996798,701,922.614883
1238.700677,363,922.930735
1166.499076,349,923.291975
3351.881027,1000,924.747196
3349.058952,1000,927.630865
2711.303807,783,928.584091
3352.7027,1000,931.495823
3370.110687,1000,932.874671
3361.749802,1000,936.067615
1512.242172,440,936.734281
1668.060495,495,937.486474
819.919541,244,937.806633
3356.056426,1000,940.76444
3270.026901,955,941.987829
3324.903852,1000,944.837036
1235.932434,366,945.303718
2917.535892,847,946.357204
3336.796906,1000,949.161363
1352.055144,409,949.675874
3347.361757,1000,952.681123
3348.284478,1000,953.892957
3361.893258,1000,956.811592
1199.23433,354,957.28954
1256.741725,367,957.755803
90.996456,53,957.821254
1918.997017,568,958.537287
2976.559153,869,961.229975
3390.373068,1000,962.277082
2400.604912,697,963.100074
1872.250074,549,965.358968
1832.400089,532,966.121489
2939.924496,858,967.170577
2896.276468,842,970.026868
3328.916887,1000,971.534311
3340.848489,1000,974.345515
3340.586779,1000,975.445798
3384.825141,1000,978.099528
3347.745543,1000,979.490201
1648.535852,482,981.748846
3327.037598,1000,982.923069
3340.752404,1000,984.457036
3358.745,1000,987.640019
2446.957757,707,988.613783
3354.866668,1000,991.56213
1351.532334,393,991.941638
3116.296437,901,993.020197
1924.735302,564,995.192362
2633.568242,762,995.942938
3359.284387,1000,998.704158
3330.344991,967,1000.161491
3354.119165,1000,1003.138401
1117.529375,328,1003.635993
3363.157373,1000,1005.140116
3348.723743,1000,1007.726773
1643.519113,481,1008.270642
1623.66034,471,1008.836283
1942.717387,565,1009.53245
3415.275155,1000,1012.602001
1930.95918,567,1013.443653
3190.598085,929,1016.403028
3341.021777,1000,1017.630055
1597.48361,462,1018.137091
2715.728892,788,1020.641969
2936.116098,851,1021.79605
3338.429742,1000,1024.856869
1442.344526,416,1025.454661
3340.193832,1000,1026.758901
2699.205806,787,1029.457523
3210.047939,930,1030.806417
3427.327249,1000,1033.696431
1948.404059,562,1034.479455
3355.317307,1000,1035.943487
3344.423546,1000,1039.035209
842.944605,249,1039.41674
2427.558193,706,1040.295945
737.367995,222,1040.529889
616.164705,197,1042.224834
3349.356602,974,1043.532624
2555.860597,745,1044.437615
2056.035301,603,1046.618477
2151.833704,624,1047.516914
3350.857218,1000,1050.490365
1585.245531,465,1051.19712
3333.261678,1000,1052.714406
3330.717707,1000,1055.48806
1866.347256,537,1056.247152
3336.457594,1000,1057.745428
3337.301998,1000,1060.954607
3275.497083,956,1062.362805
3346.155986,1000,1065.490681
3336.985621,1000,1067.011137
3345.993557,1000,1070.002636
2474.745614,715,1070.819664
3336.605806,1000,1073.65571
3322.94273,1000,1075.159556
1652.901938,479,1075.787416
2272.068588,658,1078.21707
2761.993362,804,1079.239849
1433.388205,420,1079.744394
1618.271566,468,1081.94545
2841.169374,824,1083.152716
3405.452185,1000,1084.60884
1773.858015,517,1086.951385
3333.502789,1000,1088.434451
2295.356558,666,1091.092551
3350.453993,1000,1092.33345
1286.962999,378,1092.804017
1420.289512,408,1093.282474
3365.286959,965,1096.130152
2686.975739,777,1097.307607
1326.044001,388,1097.831974
3144.358473,908,1100.640548
1919.15638,558,1101.490727
1037.84693,302,1101.811374
105.537402,60,1101.871919
1109.604161,320,1103.778632
1909.850064,557,1104.61018
2555.795983,744,1105.71426
1118.815274,324,1106.199457
1515.809722,444,1108.557364
1683.611868,496,1109.30329
1671.597058,484,1109.986646
1429.547642,410,1110.499821
2471.523088,719,1112.959647
3094.501443,894,1114.300981
3281.893432,954,1115.634741
3382.910645,976,1118.273808
1406.096136,408,1118.759187
3337.885356,1000,1121.515344
3340.244532,1000,1122.949745
1280.725466,369,1123.406737
3130.243552,906,1126.207961
3334.971499,1000,1127.930573
2849.945259,826,1130.911688
1169.34507,341,1131.440154
1530.825072,448,1132.030242
3258.359308,938,1133.300029
1374.487072,398,1135.573751
2353.702813,667,1136.701956
1360.60233,395,1137.395096
2033.558732,591,1138.417777
1212.459834,348,1140.716862
3352.067405,1000,1141.975017
3355.407373,1000,1144.797561
2160.019767,627,1145.712592
3242.109378,937,1147.081966
1689.391353,483,1149.101465
1960.064378,562,1149.951178
2224.932069,644,1150.74019
1202.073319,345,1151.240688
2048.975583,592,1153.769918
1708.528767,493,1154.372752
1629.4439,473,1154.931381
3181.279222,925,1157.875476
1255.602052,363,1158.336308
1659.220908,476,1158.892495
2919.43969,844,1159.734611
3337.553587,1000,1162.564967
1720.426514,495,1163.313404
3352.278815,1000,1166.389596
2994.102497,867,1167.522091
2219.306442,640,1168.500771
1311.390619,383,1170.666331
1654.629211,479,1171.290605
1127.197049,326,1171.737447
1134.335163,325,1172.2272
3344.844927,1000,1175.072012
3382.720226,1000,1176.25854
1851.252156,534,1176.911202
1329.634303,382,1178.952537
3314.831036,1000,1180.392549
1169.1576,334,1180.791427
1160.362255,337,1181.231553
1470.717465,424,1183.276398
2455.802279,709,1184.3491
2141.732778,609,1185.127825
1652.119419,479,1185.770966
1122.398308,331,1187.750599
1431.105514,413,1188.290506
1431.201406,416,1188.792553
3341.929659,1000,1190.136967
1160.011558,333,1191.98266
2680.883975,767,1192.927414
3333.100913,1000,1194.404772
1253.174291,365,1196.256284
2242.612911,647,1197.195684
1224.562262,358,1197.730158
2446.738728,703,1200.241121
2684.484969,772,1201.393447
3343.335229,1000,1202.639899
3340.542643,967,1205.781923
3446.43608,1000,1207.075852
1738.493643,504,1208.963438
3369.173161,974,1210.030303
3345.060396,1000,1212.885002
1371.925469,387,1213.463593
1498.792746,435,1214.114525
2031.696867,587,1214.871218
1708.593221,495,1215.571437
1927.978158,553,1217.88415
3350.869348,1000,1219.396372
1136.90591,328,1219.893766
1344.679253,388,1221.880545
3339.01467,1000,1223.121312
2613.081113,750,1224.157965
3248.849161,936,1227.216064
3336.15305,1000,1228.563257
2643.978019,770,1231.209505
1230.177964,360,1231.653601
2206.272587,631,1232.593989
1341.614285,385,1233.172912
1712.032143,493,1235.619478
1485.328263,434,1236.268777
3290.641467,961,1237.528
2440.247463,704,1240.083176
1196.250493,340,1240.674757
2499.534582,728,1241.847909
2796.924528,811,1244.759638
3442.002857,995,1246.224619
3021.535656,870,1249.039
2217.474117,633,1249.887293
3370.925238,1000,1251.375829
1114.50226,317,1251.848926
3199.280359,911,1254.633085
1215.612478,346,1255.035243
1446.5149,416,1255.491581
3215.609201,929,1258.186984
1696.790328,484,1258.777064
1354.34885,398,1259.213583
1657.693743,475,1259.726678
610.20351,189,1259.939703
3363.216441,1000,1262.997173
1498.197853,437,1263.65171
2617.360502,757,1266.183194
929.350399,263,1266.490573
3347.980834,1000,1267.716414
1321.981603,378,1268.283316
1195.532557,344,1270.327127
1471.050036,426,1270.967448
1081.801131,313,1271.398139
3352.178492,1000,1272.571354
1717.011972,499,1274.682752
1365.123732,394,1275.160592
1985.459155,583,1276.00174
2310.821669,671,1276.995302
1491.991148,429,1279.126023
1661.793634,475,1279.846819
958.497739,281,1280.274877
1334.602108,384,1280.855878
3353.494468,1000,1283.834536
918.033306,262,1284.228796
3426.720703,986,1285.924145
1228.63136,356,1286.428345
1101.854472,322,1288.43722
1050.749395,309,1288.941902
1196.335643,344,1289.459093
1696.113574,489,1290.155021
1526.602972,438,1290.789742
2242.068467,647,1293.177183
1780.100556,509,1293.823389
2003.299651,578,1294.502504
1636.679836,476,1294.961846
1762.186489,509,1296.898279
2162.034091,626,1297.538399
1235.739362,356,1297.900604
1033.11321,301,1298.2349
1182.16823,334,1300.175392
1960.271222,563,1301.037977
1117.062036,313,1301.490991
900.039028,253,1301.798333
1035.911158,304,1302.113578
3344.372217,1000,1304.853318
2027.182085,589,1305.732858
3077.979353,887,1307.056883
2428.337777,696,1309.532246
3120.923485,896,1310.85183
3358.36379,1000,1313.773263
3362.879324,1000,1314.940245
2009.152442,577,1315.633438
1324.159454,384,1317.610959
2765.182688,797,1318.512015
3111.391972,901,1319.458481
2950.385223,859,1322.04327
3155.956285,917,1323.2714
2872.408151,831,1326.157902
1865.862043,546,1326.985733
926.696211,265,1327.388557
2175.171931,630,1328.109144
3352.411061,1000,1331.033791
3321.007007,963,1332.160065
633.916207,198,1333.997276
909.621597,262,1334.45349
1606.031884,457,1335.245765
3342.777845,1000,1336.98034
3358.878132,1000,1339.983436
1234.628943,356,1340.395587
906.535868,255,1340.725078
3347.189456,1000,1343.865447
946.029828,282,1344.358373
2780.164248,801,1345.733701
1000.325062,292,1346.179489
2689.188528,760,1348.803006
3375.546013,975,1350.261981
1022.736098,296,1350.709016
3365.341098,1000,1353.81028
1216.472042,346,1354.283361
1614.946106,458,1354.863961
2376.5027,675,1357.031507
3414.553447,987,1358.483073
3363.076706,1000,1359.98098
2933.160657,852,1362.844674
3376.781728,1000,1364.236643
3335.041032,1000,1367.170836
844.056486,241,1367.406065
1346.234711,386,1367.73824
3344.994404,1000,1370.231867
3355.660331,1000,1371.658979
3344.941857,1000,1374.748639
3334.41706,1000,1376.038749
1011.906417,294,1376.475458
3389.299085,1000,1379.405939
1080.510137,310,1379.755777
2272.132141,646,1380.476003
3400.686623,1000,1382.832744
1338.626398,385,1383.316778
1616.887914,459,1383.884218
2658.740743,764,1384.984784
2699.656236,764,1387.327006
1170.674343,331,1387.642179
1036.271049,297,1388.045106
3487.675669,1000,1391.110516
3372.590173,1000,1392.338649
2008.091267,578,1393.045111
1983.164784,569,1395.276611
1404.138404,400,1395.718131
2251.886313,640,1396.463114
2991.856899,852,1399.116917
1004.458691,289,1399.513036
3349.362756,1000,1400.851295
2930.887799,843,1403.667073
791.231654,230,1403.925497
3358.681379,1000,1405.064441
2983.984186,857,1407.550477
2397.881447,689,1408.402935
1004.34771,285,1408.757272
2756.65088,789,1411.294854
2417.631215,686,1412.300604
2214.538217,624,1413.214636
1979.139153,568,1414.037183
1547.857333,440,1415.923685
1026.117007,293,1416.297103
3370.162932,1000,1417.794578
3370.581822,1000,1420.857186
2791.507306,805,1422.057139
1828.942929,523,1422.605042
1500.867346,425,1424.551375
3018.047722,859,1425.755181
3339.073248,1000,1428.22342
3367.486779,1000,1429.745873
3392.420027,1000,1432.767459
3445.008641,1000,1433.996106
621.299062,193,1434.244868
3380.145314,1000,1437.267599
1513.183027,433,1437.862277
1189.940629,339,1438.282454
1049.592563,300,1438.726915
2929.900848,834,1441.468075
1674.302907,476,1442.074854
2185.610804,622,1443.01223
2515.535583,720,1443.872793
3371.228783,1000,1446.77859
3384.737111,1000,1447.918343
2066.629985,595,1450.204967
3425.843241,1000,1451.700501
1993.101213,569,1452.434441
755.278635,222,1454.164006
2790.749741,790,1455.345686
688.154661,209,1455.6604
3159.025466,898,1458.561962
3387.152076,1000,1459.987838
2430.77425,693,1461.025586
2917.321337,822,1463.797655
1543.503856,442,1464.356879
929.385526,275,1464.770414
776.928401,229,1465.112647
1827.314808,520,1465.881017
3386.502336,1000,1468.678623
989.421221,286,1469.006806
2320.17423,666,1469.810606
3397.808235,1000,1472.490272
3343.047987,958,1473.938232
3343.193712,1000,1476.997222
3387.359162,1000,1478.164856
3363.708865,1000,1481.194612
1214.608527,340,1481.712781
3463.702163,1000,1483.060752
3377.411106,1000,1486.133156
1682.333301,475,1486.734822
2068.940163,593,1487.506187
3380.452342,1000,1490.432606
3384.825844,1000,1491.662694
821.277889,237,1493.581196
1675.513323,480,1494.295618
3405.782298,1000,1495.758993
3364.850588,1000,1498.703503
3394.901587,1000,1499.945969
3406.621676,1000,1502.923846
1097.661234,314,1503.396849
3417.705892,1000,1504.801708
957.386522,275,1506.570618
2306.598241,656,1507.554144
1768.613062,508,1508.318907
3396.762895,1000,1511.216697
3436.964456,986,1512.562406
1188.929963,342,1512.981701
3379.676812,1000,1515.72816
1192.086091,349,1516.138812
3412.773553,1000,1517.21768
2520.186621,714,1519.619599
3382.827511,1000,1520.538772
2211.29548,624,1522.722443
3402.035349,1000,1524.13173
954.559763,276,1524.39923
3448.78135,1000,1526.678971
3398.223354,1000,1528.153105
1041.222557,305,1528.615814
904.563849,259,1529.007642
1757.938267,502,1531.292078
2227.304009,628,1532.246862
2621.193731,746,1533.383895
1957.042243,554,1535.885071
3282.899543,931,1537.51194
1401.51161,398,1538.162016
3402.965702,1000,1540.898161
3422.006128,1000,1541.95415
1184.676071,341,1542.360664
2208.329991,624,1544.747575
3392.103346,1000,1546.171979
2558.478281,725,1548.835284
1511.770472,428,1549.480106
2352.965332,665,1550.465689
3430.65762,1000,1553.377627
921.765834,265,1553.771175
931.571651,261,1554.16503
3410.636633,1000,1555.665847
3451.440669,1000,1558.776968
1490.76014,421,1559.417352
3444.866579,1000,1560.907518
3411.644612,1000,1563.940884
1110.657386,315,1564.405705
2909.835144,830,1566.959141
1089.343449,310,1567.343919
3427.789583,1000,1568.55997
2117.761029,597,1569.245813
1119.077344,322,1571.176348
3480.282967,1000,1572.687392
2593.840093,732,1573.803293
3416.715196,1000,1576.790759
928.747544,262,1577.195086
1488.599315,422,1577.844095
679.976949,208,1578.167572
3431.189571,1000,1581.023043
912.632891,258,1581.412468
2809.248548,795,1582.358525
2138.766517,605,1584.632596
3419.233702,1000,1585.835484
965.91928,279,1586.150743
2055.523953,589,1588.339587
3417.38825,1000,1589.516823
1716.895277,484,1590.073979
3407.61963,1000,1592.742075
3415.744657,1000,1593.891595
3299.870143,932,1596.806869
3406.975483,1000,1598.289472
3018.508753,856,1601.141008
2090.350649,591,1602.020649
1250.67459,357,1602.470092
3412.075341,1000,1605.076594
1009.411024,288,1605.437372
1263.779209,364,1605.982288
1902.11004,530,1606.566667
3422.333834,1000,1609.195833
1032.850007,298,1609.638926
3443.596804,1000,1610.85561
3125.078862,882,1613.4748
1597.363066,444,1614.144873
1123.672716,317,1614.62566
1072.457892,304,1615.085994
2774.022876,788,1617.818202
1411.476065,401,1618.284978
1302.063855,367,1618.741095
2409.137014,680,1619.641591
1697.956438,483,1621.731572
1128.608557,323,1622.184668
941.979321,273,1622.602209
1062.297085,310,1623.074415
1752.117719,495,1623.823214
3408.535637,1000,1626.744558
1314.579142,378,1627.186483
2006.050781,567,1627.876282
3228.071973,915,1630.386959
1364.039339,389,1630.963311
3411.640922,1000,1632.259547
3428.578759,1000,1635.252914
3416.334672,1000,1636.640674
2133.361622,609,1638.938077
2408.377944,689,1639.800699
2157.491209,614,1640.650937
959.319936,273,1641.070158
3433.521261,1000,1643.788668
2540.760296,718,1644.517915
3189.831571,894,1647.08666
2636.631751,750,1648.00872
2031.906672,586,1648.688592
2198.628752,620,1651.004103
2024.089686,572,1651.653337
2303.46212,651,1652.409811
936.440403,270,1652.731244
1141.128103,326,1654.615867
1099.13044,308,1655.082761
1659.975775,472,1655.796114
3096.516568,876,1657.033787
2926.131303,823,1659.590308
3384.083895,1000,1661.075644
945.76471,266,1661.475546
3410.640966,1000,1664.426004
3424.76019,1000,1665.740752
2902.32362,820,1668.576747
1466.871709,412,1669.205161
2981.969728,844,1670.479231
3435.669267,1000,1673.270988
2072.022071,585,1673.852166
1196.149695,337,1674.191109
3423.539687,1000,1676.561472
1696.848617,482,1677.298041
1338.739407,383,1677.881299
3409.085159,1000,1680.875512
1735.263511,495,1681.554425
3430.75467,1000,1683.079598
1045.22351,302,1685.018523
2114.029486,600,1685.918717
2015.737812,569,1686.678055
3075.387777,868,1689.54885
3414.605112,1000,1690.740838
1151.975672,330,1691.142103
3421.971884,1000,1694.136889
3422.232124,1000,1695.593035
3419.865452,1000,1697.723204
1325.84496,379,1698.118282
2177.5707,618,1698.846411
2778.764557,784,1701.672821
3423.710718,1000,1703.104621
3432.055913,1000,1705.667331
1222.624853,349,1706.190027
1489.938122,419,1706.818489
3406.684932,1000,1708.275461
3412.988761,1000,1711.030186
3415.717582,1000,1712.464946
3406.1461,1000,1715.601494
3418.730428,1000,1717.316002
3435.5277,1000,1720.680411
844.265652,239,1721.018727
1228.327699,349,1721.455943
3458.29201,1000,1724.479332
3409.318373,1000,1725.939305
3431.085258,1000,1728.681242
3361.271935,949,1729.820388
1489.865793,421,1730.3529
937.012606,262,1730.684741
1827.326564,522,1732.921912
2734.880768,768,1733.94722
3447.162661,1000,1735.452835
1260.584027,362,1737.297756
997.938139,281,1737.652483
1780.77139,502,1738.33039
3448.407469,976,1741.312793
1606.531436,456,1742.003155
3244.075941,916,1743.186842
1137.673254,323,1743.588774
1193.90933,337,1745.466411
3420.926863,1000,1746.871358
3437.48796,1000,1748.342192
3428.908279,1000,1751.279576
2025.150425,573,1752.080553
923.85875,265,1752.460927
3116.549141,877,1755.150785
3435.626408,1000,1756.642851
3439.306708,1000,1759.47029
3397.089776,1000,1760.648647
3427.355403,1000,1763.420153
3414.322234,1000,1764.921915
1343.865979,373,1765.481289
757.922528,221,1767.30445
1173.817539,332,1767.705712
1521.07817,429,1768.259956
3435.957292,1000,1769.401363
3432.449616,1000,1772.439688
3433.093383,1000,1773.886774
3444.940258,1000,1776.893729
1045.340829,293,1777.313111
2591.107037,732,1778.13023
630.676278,196,1778.375884
3434.071695,1000,1781.133787
3109.790116,872,1782.47112
1064.117075,304,1784.421242
1783.701033,504,1785.067417
3426.149818,1000,1786.591691
963.066589,272,1787.014598
1055.86489,301,1789.043258
1424.277659,400,1789.637675
970.544134,275,1790.026515
1219.588629,344,1790.395699
3449.804445,1000,1793.22807
2361.26342,667,1794.372358
2583.171165,726,1795.52324
1434.011422,401,1796.025407
1154.336792,326,1798.01704
2554.968519,717,1798.902459
3441.8842,1000,1800.019073
3426.015892,1000,1802.814144
1589.886471,449,1803.484257
3417.614556,1000,1806.074987
3441.980295,1000,1807.164254
2646.558336,747,1808.219357
3269.717022,921,1811.208421
1249.571914,353,1811.744116
1596.12226,446,1812.369679
1309.199223,371,1812.848181
3442.96212,1000,1815.841293
1102.404117,314,1816.215302
3358.644427,942,1818.633032
3062.8509,861,1819.933107
3464.756924,1000,1821.434577
1946.961477,546,1823.92111
2053.368111,578,1824.659415
3450.10343,1000,1827.659201
1023.600784,292,1828.103799
1720.55777,485,1828.84077
1229.329425,347,1829.371173
3443.77823,1000,1832.223933
3426.973951,1000,1833.440954
3433.378584,1000,1836.47343
1259.724107,361,1836.987441
3444.99633,1000,1838.509203
3440.751898,1000,1841.37245
3206.254342,907,1842.456622
3443.94408,1000,1845.25614
1765.27478,497,1846.020409
2758.342281,774,1846.851247
1918.387193,541,1847.397528
2566.863715,721,1849.769535
1161.631915,330,1850.24702
3488.639638,1000,1851.713058
3435.791516,1000,1854.66657
3435.327005,1000,1856.16172
1238.198427,347,1858.129673
1302.243034,362,1858.503629
1144.437076,325,1858.879822
2789.19451,784,1859.784009
2697.2057,755,1862.360599
1240.109828,348,1862.859433
2848.413616,803,1863.643856
3437.348524,1000,1866.29381
3041.099675,855,1867.495287
1568.978453,448,1868.264542
2620.899652,743,1870.68203
1206.957208,341,1871.020506
934.33391,261,1871.30397
2473.51348,696,1872.22161
3472.995629,1000,1875.150493
1583.351741,444,1875.806403
3438.777004,1000,1878.802122
1279.2633,362,1879.331707
2109.203452,595,1880.209242
3441.239809,1000,1883.247512
3548.069567,1000,1884.557457
959.669676,272,1884.892152
3433.247836,1000,1887.622537
1506.573626,428,1888.170003
1023.433414,296,1888.534306
1611.517326,455,1889.106594
935.748305,263,1889.433921
3215.274449,906,1891.493128
2806.610506,788,1892.485784
728.896994,217,1892.769357
3455.502239,1000,1895.563756
1248.712811,348,1896.080784
952.570757,266,1896.486836
2782.296925,781,1897.573738
3436.325257,1000,1900.701133
1528.680546,435,1901.294889
1592.639513,453,1901.872125
2653.624644,749,1904.500912
3435.895374,1000,1905.835591
777.213735,228,1906.042358
3436.311131,1000,1908.870419
1075.32832,304,1909.321937
1493.889046,419,1909.939629
3451.659543,1000,1912.827837
3463.515305,1000,1913.895514
1795.602662,503,1914.449732
1381.338176,390,1916.542457
1582.8166,448,1917.035707
1223.771827,345,1917.47888
2314.869619,658,1918.361062
3445.880241,1000,1921.353587
1167.275503,328,1921.809815
3448.611383,1000,1923.103332
1255.011442,354,1925.103217
3143.185456,888,1926.173983
3444.539539,1000,1929.134807
3437.787558,1000,1930.17169
1298.450217,367,1930.581644
3442.231217,1000,1932.785936
2941.704868,828,1933.536101
1448.77585,407,1934.091496
1905.243054,538,1935.994143
3449.292685,1000,1936.913064
3432.001625,1000,1938.967367
3446.636944,1000,1939.828857
1497.122461,418,1940.186694
957.03719,270,1940.419011
3439.340282,1000,1942.621867
3444.54034,1000,1943.483728
3446.298052,1000,1945.619123
3449.148453,1000,1946.510011
1348.520115,379,1948.01467
981.218052,278,1948.281065
1159.737849,328,1948.639216
3470.263564,1000,1949.578399
1236.431814,345,1949.93071
1235.870397,346,1951.612553
3506.782875,1000,1952.472944
1620.116353,447,1952.858051
1797.742106,513,1954.544055
2051.931324,574,1955.048398
2230.413466,627,1955.582937
3250.290983,911,1957.687487
1698.962715,479,1958.11964
2433.117074,681,1958.707029
944.648364,269,1958.941696
854.787714,244,1959.153109
1754.09054,491,1960.451182
3455.845241,1000,1961.324208
2604.357908,730,1962.812863
1361.909907,384,1963.144789
1350.663628,376,1963.470448
2598.024383,731,1964.107614
3440.356223,1000,1965.832428
3458.580851,1000,1966.703266
873.389598,251,1966.928232
1907.498716,536,1968.274394
3447.092408,1000,1969.143488
3524.982383,1000,1970.864486
3450.20022,1000,1971.753541
1624.540048,457,1972.151568
3440.710811,1000,1973.872292
3456.536259,1000,1974.736621
936.432845,266,1974.969566
3446.484918,1000,1976.757267
3447.063614,1000,1977.610271
2443.130946,690,1979.379192
3436.788375,1000,1980.227325
1147.46035,322,1980.503251
1862.764256,520,1981.94541
2527.365218,706,1982.548361
3444.557563,1000,1983.397071
3457.918429,1000,1985.301588
2015.612766,562,1985.779918
1593.575474,442,1986.155313
1046.263824,298,1987.337543
3030.262185,850,1988.059594
1332.164038,377,1988.381058
2193.287145,615,1988.902353
2296.28296,641,1990.296283
3445.811153,1000,1991.14677
1304.502096,366,1991.45931
954.922428,268,1992.538749
3349.291294,934,1993.331355
3439.138522,1000,1995.029372
3428.967539,1000,1995.877966
3451.933239,1000,1997.575138
3478.343271,1000,1998.422263
957.526699,270,1998.657372
2585.087994,723,1999.270761
843.48745,240,2000.325967
3450.055781,1000,2001.178862
866.978416,249,2001.391582
859.939615,244,2001.59983
1230.882277,345,2001.89355
1038.632034,293,2003.111086
887.298769,252,2003.329376
1061.963018,303,2003.590634
656.393866,202,2003.768038
3437.779808,1000,2005.908074
3444.472502,1000,2006.825109
3455.877292,1000,2007.674204
3442.639309,1000,2009.668289
3457.660949,1000,2010.518677
2832.552736,790,2012.328059
1179.400875,332,2012.620473
971.494488,277,2012.865841
2671.529701,750,2014.646345
637.235324,197,2014.816288
890.118075,254,2015.03416
1314.530184,362,2015.342715
3464.976081,1000,2016.191081
3472.884428,1000,2018.20926
1064.219627,299,2018.467834
3466.569264,1000,2020.527193
3051.529083,847,2021.301744
1410.487553,395,2021.642999
627.604014,194,2021.815532
2708.516824,759,2023.505783
3452.583635,1000,2024.364815
3369.67747,940,2026.237801
2826.563642,788,2026.918724
1529.274026,434,2027.309068
3471.678644,1000,2029.19873
1927.062758,538,2029.679137
1015.852249,287,2029.936669
854.785059,242,2030.146723
3262.540598,911,2032.101985
1042.043514,297,2032.35946
865.867388,248,2032.574586
3416.396884,954,2033.399947
2715.158348,758,2035.405676
3467.728331,1000,2036.282407
1614.18766,456,2036.74817
1346.847808,381,2038.308385
1933.817722,541,2038.776384
2177.255413,609,2039.302637
2673.378719,746,2041.217892
1519.697966,432,2041.590262
1479.913277,411,2041.94834
880.183743,253,2042.18101
