# {"t_start": 1551815719.8456447, "env_id": "HalfCheetah-v2"} 
r,l,t
-698.814658,1000,0.91111
-891.270326,1000,1.80534
-614.96508,1000,3.893263
-639.134501,1000,4.947115
-703.776565,1000,7.53485
-797.633289,1000,8.539332
-795.735328,1000,11.122312
-805.024021,1000,12.201552
-868.13322,1000,15.07532
-839.654458,1000,16.331572
-897.273271,1000,18.70183
-732.218056,1000,19.788929
-914.469064,1000,22.449754
-627.656626,1000,23.75555
-773.485403,1000,26.33214
-779.767029,1000,27.688872
-814.728789,1000,30.53154
-672.628358,1000,31.867697
-564.58387,1000,34.537941
-558.327643,1000,35.318475
-428.961693,1000,37.708304
-640.368644,1000,38.98322
-655.092361,1000,41.515976
-637.000191,1000,42.651491
-737.987355,1000,45.183221
-517.074453,1000,46.247697
-765.336831,1000,48.711835
-614.197187,1000,49.763067
-622.85588,1000,51.853791
-464.029106,1000,52.881973
-645.901509,1000,55.667112
-568.805063,1000,56.839728
-613.858646,1000,59.68088
-568.607715,1000,61.02251
-756.674934,1000,63.990714
-512.05343,1000,65.065332
-521.178771,1000,67.569871
-467.168558,1000,68.937783
-566.604498,1000,71.801182
-436.540567,1000,72.982649
-338.876118,1000,75.630302
-440.949301,1000,76.992563
-350.81324,1000,78.209981
-319.898711,1000,80.677441
-529.10746,1000,81.776839
-523.186324,1000,84.426818
-227.778358,1000,85.511099
-336.536283,1000,88.1103
-251.321261,1000,89.446063
-255.181717,1000,92.331097
-290.751637,1000,93.643254
-184.117376,1000,96.151472
-245.049626,1000,97.487346
-216.396368,1000,100.240616
-199.146638,1000,101.607729
-313.43858,1000,104.585159
-165.709385,1000,105.907522
-65.947142,1000,108.665665
-320.163925,1000,110.032768
-197.236184,1000,112.813082
-233.540319,1000,113.963022
-192.918363,1000,116.653672
-62.996738,1000,117.717264
-156.625739,1000,120.359868
-122.769152,1000,121.714414
-514.549347,1000,124.439482
-223.459446,1000,125.556249
-222.778366,1000,128.431838
-15.464164,1000,129.780162
-110.757924,1000,132.502215
98.068581,1000,133.60413
-55.286245,1000,136.296335
-14.065636,1000,137.278587
134.585666,1000,139.789777
-179.818058,1000,140.913012
-204.751804,1000,143.803485
-506.476299,1000,144.930925
233.072753,1000,147.664287
8.001366,1000,149.00656
-93.843338,1000,151.69958
23.813199,1000,153.047216
48.237908,1000,155.925163
78.248513,1000,157.261775
30.736687,1000,160.073064
37.000776,1000,161.371463
19.193252,1000,162.713321
95.848869,1000,165.306518
154.172141,1000,166.633662
22.084985,1000,169.469209
115.132839,1000,170.484952
87.676937,1000,173.137224
134.307365,1000,174.244265
232.817799,1000,177.164586
173.619318,1000,178.34959
217.792935,1000,180.96102
123.142781,1000,182.305269
167.856082,1000,185.095689
-195.564885,1000,186.088668
52.355431,1000,188.690459
237.4516,1000,189.842438
337.100202,1000,192.315456
-304.166701,1000,193.356994
212.58687,1000,196.124073
6.157932,1000,197.424382
120.945257,1000,200.317131
176.391602,1000,201.645409
211.989003,1000,204.200901
196.18864,1000,205.559994
189.16062,1000,208.424841
325.222294,1000,209.725108
346.566009,1000,212.305084
163.925302,1000,213.372024
263.512154,1000,216.027734
64.058679,1000,217.153673
491.007499,1000,219.800147
441.989073,1000,221.148882
294.379799,1000,223.845603
392.623299,1000,225.188105
310.380063,1000,227.658793
464.557112,1000,229.011501
386.451733,1000,231.455392
326.764305,1000,232.621567
308.246709,1000,235.544187
638.221388,1000,236.87312
372.404007,1000,239.442272
537.149449,1000,240.549537
422.560831,1000,243.420262
383.996187,1000,244.529353
454.518556,1000,245.594893
505.919983,1000,248.336169
478.358139,1000,249.243629
450.441971,1000,251.95049
535.624197,1000,253.172042
553.814054,1000,255.889951
515.954336,1000,257.200943
509.746553,1000,260.112436
567.437545,1000,261.229325
566.256707,1000,263.821442
664.252667,1000,265.129147
811.945185,1000,267.733702
642.848264,1000,268.637961
687.489409,1000,271.218792
627.261707,1000,272.556759
727.437486,1000,275.34907
620.42898,1000,276.481024
589.428773,1000,278.966427
853.299203,1000,280.051595
486.355225,1000,282.615598
664.17562,1000,283.611969
626.530819,1000,286.088183
817.772811,1000,287.416377
708.54326,1000,290.217782
576.592314,1000,291.456195
826.457719,1000,294.004991
843.235117,1000,294.831634
744.299017,1000,297.296314
848.794887,1000,298.184839
853.75405,1000,300.491022
677.945069,1000,301.590075
932.151965,1000,304.387944
861.477876,1000,305.502496
784.509202,1000,308.103372
574.716411,1000,309.437457
712.862184,1000,312.345195
902.172092,1000,313.556598
760.944744,1000,316.44417
907.63273,1000,317.634132
891.727812,1000,320.513267
797.062897,1000,321.761157
776.171906,1000,324.680566
866.353189,1000,325.771119
880.216127,1000,327.083118
1043.14355,1000,329.957438
1019.037204,1000,331.247319
1137.792935,1000,333.980321
852.481585,1000,335.330144
943.638304,1000,338.276563
976.686071,1000,339.505601
940.651761,1000,342.272727
1137.860398,1000,343.61092
1136.229345,1000,346.036518
923.967167,1000,347.007028
1003.146723,1000,349.677257
969.751733,1000,350.919931
881.146592,1000,353.45709
961.508065,1000,354.732588
1141.724707,1000,357.544884
1020.270406,1000,358.888394
1134.854465,1000,361.70217
1208.746142,1000,362.742612
1167.072238,1000,365.386967
1339.737533,1000,366.442382
1175.605067,1000,369.092503
1056.08461,1000,370.44336
971.888808,1000,373.152222
1008.628304,1000,374.491027
1217.348161,1000,377.19398
1288.50758,1000,378.531903
1170.986117,1000,381.068945
1313.098138,1000,382.254637
1317.790602,1000,385.082858
1168.669746,1000,386.130813
1281.468102,1000,388.991158
1340.006217,1000,390.026393
1325.68719,1000,392.777555
1307.57895,1000,394.06512
1339.878663,1000,397.044801
1455.438154,1000,398.128697
1249.233532,1000,400.725846
1311.265867,1000,401.927199
1011.777732,1000,404.635607
1484.509974,1000,405.768646
1269.31045,1000,408.429032
1611.265755,1000,409.614725
1631.090823,1000,410.942675
1563.119901,1000,413.888947
1450.192272,1000,415.223186
1333.41578,1000,417.992903
1327.889957,1000,419.215329
1460.49945,1000,422.064728
1447.922579,1000,423.377123
1332.907394,1000,426.015555
1253.549356,1000,427.238468
1347.522909,1000,430.008753
1527.593869,1000,431.311021
1505.820551,1000,434.13358
1559.641822,1000,435.433843
1614.856363,1000,438.169693
1857.624284,1000,439.126574
1497.568854,1000,441.822248
1576.503662,1000,443.124863
1307.764915,1000,445.831217
1582.347291,1000,447.181095
1738.477723,1000,449.676913
1486.808917,1000,450.988331
1611.616804,1000,453.69603
1752.253203,1000,454.944774
1734.397426,1000,457.760717
1473.820782,1000,458.890288
1643.523107,1000,461.687555
1612.261919,1000,462.946378
1517.024311,1000,465.277265
1469.848235,1000,466.473995
1688.046089,1000,469.514116
1520.747539,1000,470.863711
1505.955247,1000,473.715039
1461.103156,1000,474.791975
2001.112891,1000,477.361958
1634.231992,1000,478.41047
1755.513103,1000,480.91835
1956.046322,1000,482.154174
1577.107442,1000,484.746321
1931.273035,1000,486.095855
1928.425491,1000,488.875677
1383.95236,1000,490.168284
2031.551514,1000,491.513389
1628.640871,1000,494.237797
1742.806051,1000,495.383525
1915.31125,1000,497.942029
2226.97172,1000,499.070948
1679.513645,1000,501.659456
2088.308362,1000,502.711082
2000.056165,1000,505.565595
1811.601052,1000,506.706265
1889.35603,1000,509.514469
1925.05596,1000,510.777984
1529.44849,1000,513.555228
1964.043011,1000,514.906828
1974.699981,1000,517.722
1677.018074,1000,518.760555
2018.366504,1000,520.888991
1793.084346,1000,521.907012
1782.228091,1000,524.387225
1790.856836,1000,525.307409
1992.017509,1000,527.761741
2011.551842,1000,529.025768
2144.899293,1000,531.710962
2090.567534,1000,533.052572
2156.122359,1000,535.851018
2100.250778,1000,537.033508
1927.033611,1000,539.747178
2167.437821,1000,540.930977
1926.720536,1000,543.860888
2195.819861,1000,544.953696
1913.767382,1000,547.581091
2124.733021,1000,548.682684
2046.228236,1000,551.363321
1962.204704,1000,552.671301
2327.507887,1000,555.029489
2031.251912,1000,555.968148
2137.409782,1000,558.610522
2112.185897,1000,559.77082
2210.209738,1000,562.336031
2037.915661,1000,563.455173
2170.862918,1000,566.211973
2135.251612,1000,567.34007
2030.685706,1000,570.073478
2033.674531,1000,571.106081
1975.058381,1000,572.228981
2139.868869,1000,575.096161
2134.461112,1000,576.230505
2349.788928,1000,578.98182
1939.062806,1000,580.335528
2367.282127,1000,583.315339
2180.998841,1000,584.627607
1997.819494,1000,587.212614
2265.77204,1000,588.564547
2207.778127,1000,591.24878
2147.148654,1000,592.591387
2398.530254,1000,595.427864
2277.273953,1000,596.497533
2085.19457,1000,599.200421
2421.260056,1000,600.492945
2235.1516,1000,603.28835
2270.388307,1000,604.453056
2096.482875,1000,607.336637
2222.728804,1000,608.651904
2267.237383,1000,611.511638
2439.257151,1000,612.779717
2506.450358,1000,615.552422
2471.805509,1000,616.8733
2602.644551,1000,619.598348
2684.68966,1000,620.947443
2687.038018,1000,623.659101
2585.560831,1000,624.629966
2618.208616,1000,627.571254
2358.022824,1000,628.914894
2595.049514,1000,631.417509
2333.455246,1000,632.459768
2449.502623,1000,635.290726
2314.51786,1000,636.488023
2334.49871,1000,639.0527
2606.885782,1000,640.366178
2541.515217,1000,643.213228
2695.746361,1000,644.511348
2457.700512,1000,647.23996
2558.187055,1000,648.557945
2522.392028,1000,651.347672
2625.443775,1000,652.683199
2345.159719,1000,655.311983
2893.680708,1000,656.387106
2664.812917,1000,657.513511
2441.793352,1000,660.267509
2536.686287,1000,661.393975
2602.733895,1000,664.149512
2604.953083,1000,665.303421
2881.260585,1000,667.996617
2687.935452,1000,669.291768
2464.434119,1000,671.922088
2580.684113,1000,672.990252
2802.728581,1000,675.898205
2818.664566,1000,676.99084
2545.298062,1000,679.806745
2597.627883,1000,681.002744
2745.717411,1000,683.625109
2830.589166,1000,684.86069
2664.907446,1000,687.413477
2749.298836,1000,688.525625
2560.759701,1000,691.082469
2639.267973,1000,692.164661
2800.394303,1000,694.75428
2619.156269,1000,695.862429
2720.326232,1000,698.521547
2767.438615,1000,699.66301
2666.806154,1000,702.074923
2768.312424,1000,703.085794
2548.653392,1000,705.625734
2579.824467,1000,706.980543
2722.609295,1000,709.572639
2597.853252,1000,710.631298
2971.594543,1000,713.065659
2769.060347,1000,714.142486
2914.769074,1000,716.581517
2759.576517,1000,717.743935
2688.551144,1000,720.632738
2432.889577,1000,721.779008
3112.504195,1000,724.400623
3028.174979,1000,725.70045
2917.142066,1000,728.63542
2860.326859,1000,729.933632
2618.864683,1000,732.598482
2849.833487,1000,733.749757
2879.988758,1000,736.637712
2726.960315,1000,737.720739
2830.217841,1000,738.764187
3060.48537,1000,741.509003
3011.712625,1000,742.688176
3037.984341,1000,745.572233
2733.47072,1000,746.876539
3070.259617,1000,749.625508
2725.782114,1000,750.695031
2976.615421,1000,753.376413
2963.544556,1000,754.437961
3121.668474,1000,757.257713
2994.966918,1000,758.483599
2894.158795,1000,761.360553
2591.102037,1000,762.565207
2920.121128,1000,765.484117
2884.911282,1000,766.56673
3137.489992,1000,769.253292
2921.933339,1000,770.35473
3087.313846,1000,773.149524
2915.762892,1000,774.250258
3055.735961,1000,776.896788
2888.648723,1000,777.96532
2821.772771,1000,780.595989
2990.494237,1000,781.779917
2947.691837,1000,784.438116
2894.644135,1000,785.666221
2953.33921,1000,788.441197
2917.792861,1000,789.565204
2695.597047,1000,792.387175
3129.444841,1000,793.426733
2908.973602,1000,796.032177
2948.629412,1000,797.195174
3313.270803,1000,799.828788
3150.4863,1000,801.149435
2984.704772,1000,803.77579
2968.765789,1000,804.907133
3193.067444,1000,807.347295
3175.92326,1000,808.530659
2770.844396,1000,811.453816
2826.864008,1000,812.805472
3221.873479,1000,815.547381
3073.518727,1000,816.7965
3100.550616,1000,819.133458
3076.332667,1000,820.4409
2735.721484,1000,821.426076
3059.319331,1000,823.899859
3022.48432,1000,825.184866
3265.464922,1000,828.11714
3070.286033,1000,829.492005
3092.733925,1000,832.190306
3340.292425,1000,833.455335
2896.949617,1000,836.124401
3165.150404,1000,837.123886
2745.331343,1000,839.84911
2991.281711,1000,840.873817
3082.806415,1000,843.457975
2995.566373,1000,844.823762
3465.118004,1000,847.389015
3217.104036,1000,848.637729
3067.565049,1000,851.046254
3186.626423,1000,852.004405
3196.485456,1000,854.791019
3198.583604,1000,856.129815
3138.723245,1000,858.650101
3337.069087,1000,859.65461
3530.417408,1000,861.99692
3237.571923,1000,863.136943
3347.534944,1000,865.819697
3149.10778,1000,867.112563
3283.666615,1000,869.953038
3429.654197,1000,871.192015
3328.880739,1000,874.00616
2882.868194,1000,875.268154
3583.351987,1000,877.716162
3380.960593,1000,878.882742
3051.986486,1000,881.318402
3352.920232,1000,882.366845
3073.905291,1000,884.749042
3343.325725,1000,885.788031
3186.038276,1000,888.000916
3393.717779,1000,889.065186
3334.433657,1000,891.701452
3472.391564,1000,893.047329
3154.323497,1000,895.75516
3235.341387,1000,896.938497
3109.618127,1000,899.73264
3041.921387,1000,901.032243
3325.591195,1000,902.32952
3178.732378,1000,904.810139
3340.723504,1000,905.666515
3325.283255,1000,908.395192
3461.629622,1000,909.689349
3366.991929,1000,912.352564
3263.151493,1000,913.358531
3244.670816,1000,915.743089
3273.510851,1000,917.050966
3348.785158,1000,919.706826
3311.492802,1000,920.779657
3294.214832,1000,923.529519
3486.336131,1000,924.594021
3137.046596,1000,927.363702
3453.739973,1000,928.60061
3098.704259,1000,931.506177
3043.610353,1000,932.777356
3425.384375,1000,935.443702
3356.032956,1000,936.654278
3338.248664,1000,939.476461
3411.902518,1000,940.640364
3308.246278,1000,943.20992
3696.518047,1000,944.222162
3322.720393,1000,946.851813
3311.603604,1000,948.019782
3338.078519,1000,950.760258
3508.997521,1000,952.035876
3370.933278,1000,954.763842
3378.02703,1000,955.928296
3275.565529,1000,958.595485
3127.113999,1000,959.703309
3461.521489,1000,962.266924
3562.51411,1000,963.423442
3424.84529,1000,966.30659
3281.921725,1000,967.348315
3236.897426,1000,969.94656
3538.243904,1000,971.136396
3529.078697,1000,973.665286
3528.009318,1000,974.896215
3462.97846,1000,977.461287
3237.759688,1000,978.643671
3443.339599,1000,979.734201
3084.758688,1000,982.528959
3000.055561,1000,983.791761
3416.95721,1000,986.675346
3141.963872,1000,987.813452
3306.693215,1000,990.473574
3566.213283,1000,991.519012
3061.053333,1000,994.194694
3555.066968,1000,995.541583
3552.882536,1000,998.325888
3425.940131,1000,999.625349
3308.075934,1000,1002.295169
3343.660865,1000,1003.609283
3494.677947,1000,1006.297395
3233.623414,1000,1007.374384
3243.439034,1000,1010.198629
3132.980051,1000,1011.418221
3171.144389,1000,1014.274562
3325.440947,1000,1015.590524
3498.522652,1000,1018.355831
3319.644727,1000,1019.468689
3424.934156,1000,1022.086007
3566.428273,1000,1023.405648
3433.880586,1000,1026.085173
3488.908527,1000,1027.171277
3365.1647,1000,1029.683977
3557.277217,1000,1030.957215
3637.689829,1000,1033.770149
3338.592671,1000,1035.095564
3429.620396,1000,1037.898186
3454.929232,1000,1039.246332
3792.640409,1000,1042.078166
3496.052855,1000,1043.425802
3213.910895,1000,1046.03973
3874.480165,1000,1047.390777
3560.904243,1000,1050.317078
3561.029761,1000,1051.649528
3519.974913,1000,1054.276289
3631.888888,1000,1055.459993
3413.05782,1000,1058.362338
3355.980873,1000,1059.434593
3416.67078,1000,1061.964288
3537.267511,1000,1063.112292
3592.338062,1000,1064.095285
3649.94322,1000,1066.90647
3548.507045,1000,1068.252393
3665.210157,1000,1070.976352
3549.963448,1000,1072.081825
3312.328304,1000,1074.759261
3324.200345,1000,1075.870421
3751.826713,1000,1078.724268
3463.093939,1000,1079.972668
3546.731383,1000,1082.783699
3384.186466,1000,1084.067455
3303.536351,1000,1086.865628
3606.68682,1000,1087.940416
3349.856291,1000,1090.652123
3527.087799,1000,1091.757641
3344.826934,1000,1094.308023
3655.910582,1000,1095.180254
3648.615039,1000,1097.586833
3473.756832,1000,1098.724643
3443.34751,1000,1101.473702
3696.659234,1000,1102.826914
3817.198853,1000,1105.442283
3564.123243,1000,1106.792981
3619.321384,1000,1109.492678
3529.060252,1000,1110.528272
3295.381694,1000,1113.163594
3429.877571,1000,1114.353622
3568.954352,1000,1117.353357
3691.275242,1000,1118.653314
3519.202345,1000,1121.538164
3710.763602,1000,1122.676194
3845.52932,1000,1125.324382
3609.067239,1000,1126.433294
3656.325329,1000,1129.262015
3427.834053,1000,1130.360147
3327.857715,1000,1133.159757
3759.672286,1000,1134.499546
3529.034981,1000,1137.482517
3978.208389,1000,1138.817754
3509.322243,1000,1141.553933
3428.739551,1000,1142.671785
3130.695929,1000,1145.215315
3627.952658,1000,1146.309266
3387.143399,1000,1147.422682
3657.513158,1000,1150.195022
3766.531255,1000,1151.370985
3736.928596,1000,1154.222338
3514.287383,1000,1155.525008
3824.583612,1000,1157.974485
3478.449541,1000,1159.121926
3629.687369,1000,1161.743121
3361.31788,1000,1162.988917
3624.456702,1000,1165.683794
3800.170306,1000,1167.021883
3761.849333,1000,1169.63998
3662.989429,1000,1170.661164
3537.058983,1000,1173.413987
3701.987926,1000,1174.549639
3503.336984,1000,1177.085219
3545.16883,1000,1178.122525
3522.404838,1000,1180.862127
3632.829208,1000,1182.161354
3806.995486,1000,1184.782822
3452.309328,1000,1185.845832
3667.920486,1000,1188.467095
3284.03073,1000,1189.669863
3547.075276,1000,1192.614995
3607.931453,1000,1193.924093
3763.46819,1000,1196.630328
3719.22677,1000,1197.855153
3763.219879,1000,1200.836207
3723.666198,1000,1202.155847
3883.566163,1000,1204.920118
3379.779731,1000,1206.267619
3658.277476,1000,1208.887392
3786.935451,1000,1209.985977
3719.046477,1000,1212.881167
3773.903461,1000,1214.179932
3541.572172,1000,1216.970014
3907.020531,1000,1218.223635
3909.389536,1000,1221.005539
3578.79715,1000,1222.260676
3750.910294,1000,1225.14954
3681.473075,1000,1226.339923
3726.205151,1000,1229.084586
3840.612198,1000,1230.438598
3631.475413,1000,1231.794204
3632.731703,1000,1234.598845
3828.396997,1000,1235.80882
3717.935939,1000,1238.434254
3870.459376,1000,1239.517231
3612.880892,1000,1242.054425
3813.066146,1000,1243.164928
3456.021853,1000,1245.798558
3549.368906,1000,1247.061319
3936.834742,1000,1249.717994
3497.081878,1000,1250.913186
3703.791294,1000,1253.643399
3765.668261,1000,1254.71145
3548.70011,1000,1257.626454
3625.276265,1000,1258.80616
3968.217607,1000,1261.640756
3646.052196,1000,1262.723694
3633.088873,1000,1265.6525
3508.258123,1000,1266.821163
3688.118077,1000,1269.301654
3538.777813,1000,1270.073433
3852.290924,1000,1272.722003
3669.101803,1000,1274.052115
3618.651266,1000,1277.002397
3818.547848,1000,1278.083905
3780.662775,1000,1280.727263
3845.102833,1000,1281.941983
3917.247645,1000,1284.680266
3779.403768,1000,1286.016984
3715.943034,1000,1288.569404
3555.762115,1000,1289.51367
3977.811432,1000,1292.140597
3700.938174,1000,1293.316684
3809.923105,1000,1295.862481
3937.011569,1000,1296.896962
3739.123431,1000,1299.431255
3877.391193,1000,1300.517575
3952.30956,1000,1303.197222
3716.675355,1000,1304.188437
3658.245927,1000,1306.843769
3631.405558,1000,1308.141314
3862.536718,1000,1311.08405
3687.321124,1000,1312.411101
3860.844385,1000,1313.488312
4000.701198,1000,1316.275992
3943.509478,1000,1317.401521
3510.281758,1000,1319.710348
3658.905548,1000,1320.956031
3651.971416,1000,1323.93129
3871.159996,1000,1325.268865
3585.618799,1000,1327.892117
4033.633133,1000,1329.16238
3866.800666,1000,1331.987886
3739.149522,1000,1333.31483
3997.512955,1000,1336.187923
3831.599803,1000,1337.314083
4026.29918,1000,1339.877323
3861.610667,1000,1340.972411
3931.922626,1000,1343.662784
3910.344634,1000,1345.021393
3622.858922,1000,1347.780787
3980.176476,1000,1349.00932
3779.895593,1000,1351.449837
4010.101515,1000,1352.401691
4063.929749,1000,1354.894279
3930.536688,1000,1355.775074
3852.674843,1000,1358.154818
4036.704487,1000,1359.317084
3760.518144,1000,1362.047318
3572.541979,1000,1363.361251
3944.504419,1000,1366.023746
3917.109777,1000,1367.31862
3642.305251,1000,1370.273343
3824.971318,1000,1371.628941
4000.322137,1000,1374.266891
3782.822388,1000,1375.600453
3656.959721,1000,1378.263854
4040.663094,1000,1379.59142
3999.313646,1000,1382.335398
3604.762543,1000,1383.567025
3370.421909,1000,1386.291558
3984.201655,1000,1387.616457
4153.272125,1000,1390.378341
3935.904666,1000,1391.723636
3769.783557,1000,1394.713585
3777.314348,1000,1395.786699
3833.868979,1000,1396.948815
3884.452416,1000,1399.912125
4018.309028,1000,1401.195383
3894.596642,1000,1403.80534
3906.505461,1000,1404.900301
4090.649303,1000,1407.696174
3548.475318,1000,1408.805767
3826.585714,1000,1411.160195
3905.060841,1000,1412.495163
4020.72004,1000,1415.415546
4019.471087,1000,1416.611457
3946.699133,1000,1419.562252
3874.52643,1000,1420.859165
3986.56074,1000,1423.804436
3847.301608,1000,1425.07638
4050.927728,1000,1428.031386
4050.874122,1000,1429.189574
3755.704933,1000,1432.136528
3967.132565,1000,1433.237764
3797.603407,1000,1435.78032
4189.782876,1000,1437.12408
4173.39207,1000,1439.801607
3807.403023,1000,1440.766818
3848.629881,1000,1443.447034
3933.13068,1000,1444.804929
3790.026163,1000,1447.282481
3532.699566,1000,1448.620893
3625.662254,1000,1451.469373
3912.121095,1000,1452.807568
3909.874804,1000,1455.358702
3806.155221,1000,1456.521045
3857.811015,1000,1459.311501
3884.414489,1000,1460.500077
4021.299596,1000,1463.369529
3987.253462,1000,1464.714293
3970.237607,1000,1467.369762
3791.135617,1000,1468.717496
3815.163857,1000,1471.430558
3702.065499,1000,1472.514366
3816.055583,1000,1475.354462
3751.396029,1000,1476.623804
4019.162932,1000,1477.620578
3499.191078,1000,1480.406943
4037.993681,1000,1481.743346
3882.119455,1000,1484.479384
4001.146386,1000,1485.639623
3873.422569,1000,1488.539912
3959.052514,1000,1489.618886
3845.750285,1000,1492.235379
3909.569643,1000,1493.497315
4044.837246,1000,1495.898391
3805.368085,1000,1497.192819
3820.154645,1000,1500.06208
4187.711412,1000,1501.209224
3904.010514,1000,1503.577575
4145.21519,1000,1504.805343
3947.869732,1000,1507.498268
3920.374038,1000,1508.706143
3940.68326,1000,1511.323906
3918.535543,1000,1512.397738
3935.837748,1000,1515.039563
3993.989664,1000,1516.39035
3837.3813,1000,1519.331343
4127.329333,1000,1520.44057
3994.551408,1000,1523.096317
3808.924671,1000,1524.278977
4057.454354,1000,1526.872128
3646.528965,1000,1528.133946
3682.469655,1000,1530.549845
3856.878356,1000,1531.773698
3852.134125,1000,1534.651831
3968.798689,1000,1535.922092
4045.052928,1000,1538.80363
4101.152974,1000,1539.980361
4094.896319,1000,1542.775308
3995.081607,1000,1544.054547
4041.186394,1000,1546.980636
3971.867825,1000,1548.314478
3843.5316,1000,1551.233258
4240.196912,1000,1552.557284
3851.763029,1000,1555.443478
4057.43563,1000,1556.801308
4013.642602,1000,1559.576192
3810.865444,1000,1560.792628
3965.20432,1000,1561.91282
4126.021977,1000,1564.700442
4084.707707,1000,1565.717795
3972.815656,1000,1568.430507
4020.929926,1000,1569.503495
4027.648799,1000,1572.196669
4086.70549,1000,1573.534222
4002.98359,1000,1576.290697
4272.036591,1000,1577.342567
3947.934205,1000,1579.974937
3959.659308,1000,1581.316161
4109.694928,1000,1584.291968
3957.269995,1000,1585.540609
4075.038673,1000,1588.415786
4082.229591,1000,1589.617545
3937.51527,1000,1591.933392
3832.203835,1000,1593.036487
3944.842972,1000,1595.709195
4273.633264,1000,1597.020803
3992.349479,1000,1599.903717
3889.707692,1000,1601.248997
3991.981333,1000,1603.951738
4225.848118,1000,1605.121353
3970.34178,1000,1607.952569
4162.758797,1000,1608.945748
4128.28685,1000,1611.367464
4149.771991,1000,1612.461717
4004.361836,1000,1615.063169
3943.540091,1000,1616.161726
4154.227938,1000,1618.879966
3881.376984,1000,1620.191882
4088.855891,1000,1623.036274
3947.639178,1000,1624.135837
3961.590502,1000,1627.062134
4182.531241,1000,1628.405193
3893.509453,1000,1631.275589
3677.037977,1000,1632.37212
4274.763985,1000,1635.152492
3922.462222,1000,1636.484234
4088.633052,1000,1639.275131
4214.230357,1000,1640.528824
3873.932412,1000,1643.300178
3872.254523,1000,1644.517458
4044.133575,1000,1645.511184
3875.211838,1000,1648.333054
4041.617935,1000,1649.65941
4004.108128,1000,1652.426087
4112.964762,1000,1653.771147
4047.988052,1000,1656.571086
3952.750985,1000,1657.940255
4146.927624,1000,1660.829786
4018.190579,1000,1662.048007
4213.187522,1000,1664.691638
4042.377813,1000,1666.009264
3982.319596,1000,1668.681059
3986.461405,1000,1669.615374
4067.944992,1000,1672.205201
4223.222734,1000,1673.498266
4041.455338,1000,1676.27153
4068.522014,1000,1677.347847
4029.839181,1000,1680.211901
4080.117414,1000,1681.289303
3572.758083,1000,1684.126328
4095.309591,1000,1685.291539
4274.80255,1000,1687.977133
3710.795536,1000,1689.275192
4073.189607,1000,1691.896416
3801.259815,1000,1693.213893
4024.470703,1000,1695.934366
4261.781309,1000,1697.01657
3992.019245,1000,1699.710687
4077.556982,1000,1700.775479
3939.313621,1000,1703.632413
4103.830064,1000,1704.759478
4090.549504,1000,1707.653152
4040.573806,1000,1709.013048
4012.436647,1000,1711.574599
4147.216358,1000,1712.696382
4105.084809,1000,1715.527655
4036.173681,1000,1716.63833
4258.278425,1000,1719.264472
4393.852108,1000,1720.5533
3612.526573,1000,1723.397259
3965.547312,1000,1724.667808
4146.006203,1000,1727.382669
4401.156396,1000,1728.721602
4288.443085,1000,1729.999076
4119.839845,1000,1732.790704
4032.866046,1000,1734.098608
4201.640071,1000,1736.608232
3798.307121,1000,1737.594141
3917.476282,1000,1740.331396
3909.864407,1000,1741.611971
4178.935278,1000,1744.45157
4252.385509,1000,1745.387568
4154.714546,1000,1747.898983
4008.187272,1000,1748.790846
3947.340937,1000,1751.31087
695.491491,1000,1752.325177
4127.531002,1000,1754.926875
3968.907961,1000,1756.053204
4018.269899,1000,1758.705499
4118.183361,1000,1759.708149
4133.271543,1000,1762.20955
4122.063507,1000,1763.225643
4051.139893,1000,1765.911547
4018.774226,1000,1767.018912
4058.223949,1000,1769.390034
4226.379373,1000,1770.537829
3781.89123,1000,1773.250005
3897.548486,1000,1774.505666
3991.667296,1000,1777.250988
4170.368025,1000,1778.167421
4130.417793,1000,1780.772361
4253.059842,1000,1782.109954
4190.12134,1000,1784.932236
4255.046352,1000,1786.280902
4006.700228,1000,1788.780509
3869.887057,1000,1789.937545
4198.514072,1000,1792.791524
3923.424456,1000,1793.83992
4210.977299,1000,1796.346626
3868.833254,1000,1797.650732
4022.032974,1000,1800.508825
4023.701565,1000,1801.72573
4319.998531,1000,1804.506563
4201.538159,1000,1805.806231
3935.502785,1000,1808.445737
3862.927818,1000,1809.7502
4022.434656,1000,1810.990768
4344.659077,1000,1813.799432
4271.888644,1000,1814.840695
4141.241495,1000,1817.563046
4047.353757,1000,1818.878836
4050.930532,1000,1821.770651
3930.026928,1000,1823.029281
4070.157165,1000,1825.907015
4024.855337,1000,1827.076213
3684.331011,1000,1829.81897
3997.139876,1000,1831.147773
4124.333464,1000,1834.015428
4195.777861,1000,1835.156244
4232.067167,1000,1837.854295
3995.867437,1000,1839.100595
3881.967653,1000,1841.681187
4044.373513,1000,1842.729811
4271.470035,1000,1845.223785
4058.115869,1000,1846.393405
4098.338135,1000,1849.155022
4054.092366,1000,1850.266074
3890.330117,1000,1852.971281
4000.50617,1000,1854.083266
4197.566126,1000,1856.956372
3972.449423,1000,1858.117439
3756.322672,1000,1860.866614
4316.056677,1000,1862.008199
4074.441375,1000,1864.513031
4192.771005,1000,1865.59933
3996.032425,1000,1868.347282
4068.111013,1000,1869.606999
4410.660096,1000,1872.107011
4046.746542,1000,1873.346264
3919.984518,1000,1875.985627
4106.053109,1000,1877.05638
3983.152961,1000,1879.905648
4374.489344,1000,1881.200855
3920.189147,1000,1883.701328
4206.818768,1000,1884.741745
3866.035533,1000,1887.432481
4086.854364,1000,1888.327451
3827.561408,1000,1890.938299
4197.913368,1000,1892.227991
4195.330757,1000,1893.328084
4132.21549,1000,1895.976783
3671.733738,1000,1896.971896
4118.436152,1000,1899.47905
4077.570725,1000,1900.548063
3830.815894,1000,1903.188459
4071.550091,1000,1904.305038
4206.852667,1000,1906.591506
3900.937401,1000,1907.740939
3828.496832,1000,1910.360413
3985.988472,1000,1911.161919
3966.803969,1000,1913.596633
4060.512727,1000,1914.404494
3933.285632,1000,1916.973225
3652.919887,1000,1918.091457
3755.257092,1000,1920.598308
4096.918503,1000,1921.824452
